,AAPL,AAPL,AAPL,AAPL,AAPL,AAPL,GOOG,GOOG,GOOG,GOOG,GOOG,GOOG,MSFT,MSFT,MSFT,MSFT,MSFT,MSFT,AMZN,AMZN,AMZN,AMZN,AMZN,AMZN,NFLX,NFLX,NFLX,NFLX,NFLX,NFLX,SPOT,SPOT,SPOT,SPOT,SPOT,SPOT
Price,Close,High,Low,Open,Volume,company_name,Close,High,Low,Open,Volume,company_name,Close,High,Low,Open,Volume,company_name,Close,High,Low,Open,Volume,company_name,Close,High,Low,Open,Volume,company_name,Close,High,Low,Open,Volume,company_name
Ticker,AAPL,AAPL,AAPL,AAPL,AAPL,,GOOG,GOOG,GOOG,GOOG,GOOG,,MSFT,MSFT,MSFT,MSFT,MSFT,,AMZN,AMZN,AMZN,AMZN,AMZN,,NFLX,NFLX,NFLX,NFLX,NFLX,,SPOT,SPOT,SPOT,SPOT,SPOT,
Date,,,,,,,,,,,,,,,,,,,,,,,,,,,,,,,,,,,,
2020-01-02,72.53850555419922,72.59888386623527,71.29229630932706,71.54588227171874,135480400,APPLE,67.90380859375,67.94204485352648,66.62158297705967,66.62158297705967,28132000,GOOGLE,152.7910919189453,152.8957309046152,150.61271696369764,151.0407802632386,22622100,MICROSOFT,94.90049743652344,94.90049743652344,93.2074966430664,93.75,80580000,AMAZON,329.80999755859375,329.9800109863281,324.7799987792969,326.1000061035156,4485800,NETFLIX,151.6199951171875,152.8000030517578,149.61000061035156,151.0,662600,SPOTIFY
2020-01-03,71.83329772949219,72.59406313642577,71.60869213351766,71.76567430155144,146322800,APPLE,67.57059478759766,68.15857396884074,66.81993340979412,66.9349453050568,23728000,GOOGLE,150.88861083984375,152.15378632137134,150.35590842973784,150.6032449166099,21116200,MICROSOFT,93.74849700927734,94.30999755859375,93.2249984741211,93.2249984741211,75288000,AMAZON,325.8999938964844,329.8599853515625,325.5299987792969,326.7799987792969,3806900,NETFLIX,152.5,153.58999633789062,149.5,149.5,1018400,SPOTIFY
2020-01-06,72.40567779541016,72.44432080433776,70.7030121336898,70.95418800651902,118387200,APPLE,69.2366943359375,69.35041046473987,67.04121605389896,67.04121605389896,34646000,GOOGLE,151.27865600585938,151.34525107596986,148.88148023780835,149.42370461423545,20813700,MICROSOFT,95.14399719238281,95.18450164794922,93.0,93.0,81236000,AMAZON,335.8299865722656,336.3599853515625,321.20001220703125,323.1199951171875,5663100,NETFLIX,156.72000122070312,157.0,150.35000610351562,151.49000549316406,1311900,SPOTIFY
2020-01-07,72.06515502929688,72.67134838279743,71.84537704823941,72.41534488187352,108872000,APPLE,69.19349670410156,69.67271549564418,69.04650000353651,69.42193680575292,30054000,GOOGLE,149.89930725097656,151.8874339140462,149.65198528111424,151.55450216789137,21634100,MICROSOFT,95.34300231933594,95.69450378417969,94.60199737548828,95.2249984741211,80898000,AMAZON,330.75,336.70001220703125,330.29998779296875,336.4700012207031,4703200,NETFLIX,156.02000427246094,157.85000610351562,155.00999450683594,156.6999969482422,876700,SPOTIFY
2020-01-08,73.22441864013672,73.52631026770732,71.76809372355218,71.76809372355218,132079200,APPLE,69.73876190185547,70.0992936464338,69.06933934334683,69.1309144280784,30560000,GOOGLE,152.2869415283203,152.96234132463985,150.25124929659466,151.18347838942788,27746500,MICROSOFT,94.59850311279297,95.55000305175781,94.3219985961914,94.9020004272461,70160000,AMAZON,339.260009765625,342.70001220703125,331.04998779296875,331.489990234375,7104500,NETFLIX,158.77999877929688,159.47999572753906,155.33999633789062,156.3300018310547,974500,SPOTIFY
2020-01-09,74.77976989746094,74.97297760387046,73.95138098488776,74.20254952913984,170108400,APPLE,70.50898742675781,70.88143863523739,70.03423186106627,70.54573849204765,30018000,GOOGLE,154.189453125,154.31312134782266,153.18112165750648,153.95163855191004,21385000,MICROSOFT,95.05249786376953,95.89099884033203,94.79000091552734,95.49449920654297,63346000,AMAZON,335.6600036621094,343.4200134277344,334.6099853515625,342.0,4709300,NETFLIX,157.74000549316406,159.97999572753906,157.11000061035156,157.83999633789062,1630600,SPOTIFY
2020-01-10,74.94881439208984,75.51396196419593,74.44647000292952,75.01402769601006,140644800,APPLE,71.00062561035156,71.25880752665975,70.43549273531444,70.89285784756291,36414000,GOOGLE,153.47601318359375,155.2643834620675,153.32380836945768,154.88388594177735,20725900,MICROSOFT,94.15799713134766,95.34700012207031,94.0,95.26850128173828,57074000,AMAZON,329.04998779296875,338.5,327.2699890136719,337.1300048828125,4718300,NETFLIX,156.0399932861328,158.66000366210938,154.89999389648438,157.74000549316406,1046400,SPOTIFY
2020-01-13,76.550048828125,76.57661912211044,75.14685723047293,75.26520375211625,121532000,APPLE,71.4723892211914,71.53644973201895,70.81637897706158,71.31844394818779,33046000,GOOGLE,155.32147216796875,155.35000875909117,153.39992611376826,153.87555531921038,21626500,MICROSOFT,94.56500244140625,94.9000015258789,94.04000091552734,94.56549835205078,55616000,AMAZON,338.9200134277344,340.8500061035156,331.510009765625,331.79998779296875,6290000,NETFLIX,150.8699951171875,154.11500549316406,150.26499938964844,152.1999969482422,1880900,SPOTIFY
2020-01-14,75.51637268066406,76.69737618985954,75.39320591637785,76.48726080979424,161954400,APPLE,71.0577163696289,71.60000286030811,70.93307345081129,71.46145515967821,31178000,GOOGLE,154.2275390625,155.62589016260503,153.83751960953416,155.4261194989962,23477400,MICROSOFT,93.47200012207031,94.35549926757812,92.92749786376953,94.29399871826172,68818000,AMAZON,338.69000244140625,345.3800048828125,335.5199890136719,344.3999938964844,7199400,NETFLIX,149.39999389648438,152.1300048828125,148.22000122070312,151.6199951171875,1048000,SPOTIFY
2020-01-15,75.1927490234375,76.19744522367158,74.7604381579808,75.3159231634684,121923600,APPLE,71.47091674804688,71.5799196709257,71.02447078299635,71.02447078299635,25654000,GOOGLE,155.2263641357422,155.94932992763327,154.6461103512771,154.69366166701423,21417900,MICROSOFT,93.10099792480469,93.94300079345703,92.75450134277344,93.61250305175781,57932000,AMAZON,339.07000732421875,343.1700134277344,336.6000061035156,338.67999267578125,5158000,NETFLIX,152.4499969482422,152.82000732421875,149.35499572753906,149.38999938964844,1037400,SPOTIFY
2020-01-16,76.1346435546875,76.24574496948411,75.3738782015038,75.73614811924845,108829200,APPLE,72.09165954589844,72.10606444889174,71.55632152029573,71.88010979220724,23474000,GOOGLE,158.07061767578125,158.13721273567788,156.03492513756743,156.33933481414817,23865400,MICROSOFT,93.89700317382812,94.27950286865234,93.3010025024414,94.14949798583984,53190000,AMAZON,338.6199951171875,343.55999755859375,335.8500061035156,343.5,5016000,NETFLIX,151.83999633789062,153.35000610351562,150.27000427246094,153.35000610351562,701300,SPOTIFY
2020-01-17,76.9775390625,76.97994918369933,76.07669177323754,76.38341102005822,137816400,APPLE,73.51640319824219,73.56134558132662,72.41543984206496,72.64834307701408,47924000,GOOGLE,158.95529174804688,159.30725272739872,157.36667737382461,159.2596869022034,34371700,MICROSOFT,93.23600006103516,94.33200073242188,92.86250305175781,94.29450225830078,79946000,AMAZON,339.6700134277344,341.57000732421875,337.3800048828125,341.0,6066500,NETFLIX,148.33999633789062,152.64999389648438,146.6199951171875,152.0800018310547,1314900,SPOTIFY
2020-01-21,76.45585632324219,77.04755940221253,76.31819199284013,76.60559336877427,110843200,APPLE,73.7155532836914,74.08551910391431,73.06003544050274,73.45334766192397,40734000,GOOGLE,158.38453674316406,159.99216589497755,158.31794168241322,158.5557563021477,29517200,MICROSOFT,94.5999984741211,94.7135009765625,93.0,93.25,74156000,AMAZON,338.1099853515625,341.0,332.5899963378906,340.0,14350300,NETFLIX,148.9499969482422,149.44000244140625,145.71499633789062,147.5,1743900,SPOTIFY
2020-01-22,76.72876739501953,77.28182746630861,76.63457368368562,76.94129287751667,101832400,APPLE,73.79252624511719,74.64985671867298,73.74187038901091,74.04331251492921,32216000,GOOGLE,157.62353515625,159.32629604947206,157.60450592147876,159.2406717505281,24138800,MICROSOFT,94.37300109863281,95.125,94.16699981689453,94.80449676513672,64326000,AMAZON,326.0,336.29998779296875,323.6000061035156,332.54998779296875,21730000,NETFLIX,148.1199951171875,152.92999267578125,147.02999877929688,150.0,1718700,SPOTIFY
2020-01-23,77.09828186035156,77.17797799443389,76.23366024847726,76.78190007438859,104472000,APPLE,73.82727813720703,74.26776808793879,73.60133106334078,73.87644879125217,27024000,GOOGLE,158.59381103515625,158.66991345348552,157.21448917618713,158.0896452143955,19680800,MICROSOFT,94.22899627685547,94.4990005493164,93.63800048828125,94.25550079345703,49692000,AMAZON,349.6000061035156,349.8800048828125,325.010009765625,326.0400085449219,18200300,NETFLIX,148.97000122070312,150.9499969482422,147.63999938964844,148.0,1102100,SPOTIFY
2020-01-24,76.87609100341797,78.08848500678306,76.68529344990502,77.34462735281411,146537600,APPLE,72.8370590209961,74.2665239390797,72.76454954658043,74.17191835980502,35692000,GOOGLE,156.99566650390625,159.36430494246906,156.43442757958437,159.3452757118844,24918100,MICROSOFT,93.08200073242188,94.74949645996094,92.37200164794922,94.56849670410156,75324000,AMAZON,353.1600036621094,359.8500061035156,345.8800048828125,348.4599914550781,17939700,NETFLIX,146.6300048828125,150.2100067138672,145.89999389648438,149.35000610351562,1164800,SPOTIFY
2020-01-27,74.61550903320312,75.29657068258192,73.63254850151056,74.88358515799297,161940000,APPLE,71.20771026611328,71.4147968519321,70.57702404911723,71.06369912177992,35104000,GOOGLE,154.37022399902344,155.41661412644106,152.39160463130347,153.2952972785901,32078100,MICROSOFT,91.41699981689453,92.05000305175781,90.76699829101562,91.0,70570000,AMAZON,342.8800048828125,351.8999938964844,341.0199890136719,345.95001220703125,7709500,NETFLIX,144.33999633789062,145.3800048828125,141.5,143.10000610351562,1003900,SPOTIFY
2020-01-28,76.72633361816406,76.89780593655537,75.39801093990246,75.49703224218432,162234000,APPLE,72.13436126708984,72.30519688737174,71.13668730667496,71.65961328386072,31548000,GOOGLE,157.39515686035156,157.68052265156757,155.12165079504368,155.7970358543153,24899900,MICROSOFT,92.6624984741211,92.90550231933594,91.5009994506836,92.0250015258789,56160000,AMAZON,348.5199890136719,352.3999938964844,342.7799987792969,345.8800048828125,6821600,NETFLIX,144.3000030517578,145.59500122070312,143.05999755859375,145.0,791400,SPOTIFY
2020-01-29,78.33242797851562,79.1801420756795,77.61755062731045,78.35899827586796,216229200,APPLE,72.43579864501953,72.77348407804247,71.84533409970389,72.44424002309124,21554000,GOOGLE,159.8494873046875,160.52488729117346,157.61403832403553,159.6592384894273,34754500,MICROSOFT,92.9000015258789,93.73750305175781,92.7509994506836,93.19999694824219,41760000,AMAZON,343.1600036621094,349.3999938964844,338.54998779296875,349.0,7643500,NETFLIX,141.57000732421875,144.94000244140625,141.4199981689453,144.94000244140625,1215200,SPOTIFY
2020-01-30,78.21890258789062,78.27203580279424,76.9823558087521,77.4146666313588,126743200,APPLE,72.29724884033203,72.36875807813423,71.3318551861541,71.50864675414853,26788000,GOOGLE,164.35842895507812,165.56653121496151,162.46541947030428,165.56653121496151,51597500,MICROSOFT,93.53399658203125,93.64350128173828,92.53050231933594,92.9000015258789,126548000,AMAZON,347.739990234375,348.20001220703125,339.25,341.1000061035156,5328100,NETFLIX,142.7100067138672,142.97000122070312,140.0,140.14999389648438,886600,SPOTIFY
2020-01-31,74.75077819824219,77.93150399168975,74.4561316996704,77.50885574859744,199588400,APPLE,71.2240982055664,73.00689625279898,70.941031637002,72.9458137062416,48344000,GOOGLE,161.93270874023438,163.99693766743874,161.3143966039244,163.81621076924645,36142700,MICROSOFT,100.43599700927734,102.78600311279297,100.1135025024414,102.57350158691406,311346000,AMAZON,345.0899963378906,347.3900146484375,340.9800109863281,347.3900146484375,5230000,NETFLIX,141.3000030517578,143.02000427246094,140.10000610351562,143.0,1501100,SPOTIFY
2020-02-03,74.54548645019531,75.71199229580401,72.99014040911702,73.49248476536589,173788400,APPLE,73.79203033447266,73.99365353508882,72.45369268904166,72.60316725516293,60736000,GOOGLE,165.88046264648438,165.9946090221985,162.094443348034,162.1229799419625,30107000,MICROSOFT,100.20999908447266,102.42500305175781,100.01249694824219,100.52999877929688,117834000,AMAZON,358.0,359.6300048828125,346.2799987792969,347.239990234375,6670600,NETFLIX,146.5,146.57000732421875,141.5,141.72999572753906,1894500,SPOTIFY
2020-02-04,77.00651550292969,77.197313069489,75.74581580955447,76.15155637582674,136616400,APPLE,71.86172485351562,72.9756003128433,70.83028543793051,72.35832643111584,78660000,GOOGLE,171.3406524658203,171.83531088100904,167.7163604089728,168.50590659560362,36433300,MICROSOFT,102.4834976196289,102.98999786376953,100.76850128173828,101.49400329589844,105786000,AMAZON,369.010009765625,369.57000732421875,356.1000061035156,361.0,7161500,NETFLIX,154.30999755859375,156.0,148.64700317382812,149.0500030517578,3152600,SPOTIFY
2020-02-05,77.63442993164062,78.43383812507085,77.03064686286258,78.13435671108577,118826800,APPLE,71.91934204101562,72.69453954452206,71.04184774666115,72.62402295669747,39724000,GOOGLE,171.1313934326172,175.22180776823546,169.71402759792846,175.06009556968283,39186300,MICROSOFT,101.99349975585938,103.5510025024414,101.5999984741211,103.5510025024414,87524000,AMAZON,369.6700134277344,375.25,362.29998779296875,375.1300048828125,6437000,NETFLIX,147.0,152.0,145.36000061035156,150.0,4159800,SPOTIFY
2020-02-06,78.54254150390625,78.54495899553537,77.34705504130429,77.90495019793212,105425600,APPLE,73.30982208251953,73.5963591584658,71.98588197112542,72.02362569501838,33588000,GOOGLE,174.67959594726562,174.8603373773768,171.2835962721511,172.14924495581388,27751400,MICROSOFT,102.5114974975586,102.81500244140625,101.23999786376953,102.0510025024414,63660000,AMAZON,366.95001220703125,371.54998779296875,362.510009765625,369.6000061035156,3920400,NETFLIX,154.3699951171875,154.5500030517578,145.60000610351562,146.6199951171875,2341700,SPOTIFY
2020-02-07,77.47492980957031,78.29076000098544,76.98349458931148,78.04141124169928,117684000,APPLE,73.45880126953125,73.78705268744903,72.81917361335594,72.86635137202896,23446000,GOOGLE,174.92689514160156,176.5820898746418,173.58561740181293,173.93759285700128,33529100,MICROSOFT,103.96399688720703,104.92649841308594,101.90499877929688,102.09950256347656,101906000,AMAZON,366.7699890136719,371.79998779296875,363.57000732421875,365.0400085449219,4385200,NETFLIX,154.5500030517578,155.0,150.7100067138672,152.7899932861328,2110600,SPOTIFY
2020-02-10,77.84288024902344,77.84288024902344,75.97881937100627,76.05870463365227,109348800,APPLE,74.9212875366211,74.96200923112285,73.21496973059205,73.21496973059205,28398000,GOOGLE,179.50245666503906,179.6356322600572,174.3181013028354,174.63201831574622,35844300,MICROSOFT,106.69550323486328,106.77999877929688,104.24800109863281,104.25050354003906,101124000,AMAZON,371.07000732421875,374.79998779296875,362.5199890136719,365.0,5294100,NETFLIX,148.3300018310547,154.2899932861328,147.89999389648438,152.6300048828125,1794700,SPOTIFY
2020-02-11,77.37322235107422,78.411774962843,77.15534609232499,78.33915200588987,94323200,APPLE,74.9267578125,75.96167544925687,74.77022857534816,75.0767324778294,26892000,GOOGLE,175.4501495361328,181.40502352106813,174.5559640735109,181.35745768506703,53159900,MICROSOFT,107.54000091552734,109.29750061035156,106.80000305175781,107.54499816894531,114920000,AMAZON,373.69000244140625,378.1099853515625,369.7200012207031,373.75,4772900,NETFLIX,145.77000427246094,150.97999572753906,145.02000427246094,149.35000610351562,1527900,SPOTIFY
2020-02-12,79.210693359375,79.215532428976,77.82353527181141,77.82353527181141,113730400,APPLE,75.39752960205078,75.51795943123352,74.89298673750011,75.20931868546857,23352000,GOOGLE,175.70693969726562,176.79137365715482,172.98634018174704,176.53452983335058,47062900,MICROSOFT,108.0,109.01249694824219,107.7645034790039,108.16000366210938,66686000,AMAZON,380.010009765625,380.6199951171875,375.8800048828125,377.17999267578125,4624800,NETFLIX,147.0800018310547,147.44000244140625,144.1699981689453,146.16000366210938,1224000,SPOTIFY
2020-02-13,78.6466293334961,78.97344754144679,78.27866056338509,78.48201230906955,94747600,APPLE,75.21826171875,75.84000639352533,74.71868213211165,75.12042810921417,18590000,GOOGLE,174.7556610107422,177.15282137071074,173.95659304237023,174.1563636632255,35295800,MICROSOFT,107.49349975585938,108.51399993896484,107.0999984741211,107.24949645996094,60636000,AMAZON,381.3999938964844,385.3699951171875,376.510009765625,376.9599914550781,4485400,NETFLIX,141.5,146.88999938964844,141.3000030517578,146.88999938964844,1591000,SPOTIFY
2020-02-14,78.66600036621094,78.91534913157656,78.15761730819476,78.61515688888446,80113600,APPLE,75.52019500732422,75.52019500732422,74.85474309784867,75.26493802395396,23956000,GOOGLE,176.3157501220703,176.37282330362197,173.7473408318349,174.31810167745414,23149500,MICROSOFT,106.74349975585938,107.9520034790039,106.29450225830078,107.78399658203125,52124000,AMAZON,380.3999938964844,385.1499938964844,379.42999267578125,381.4700012207031,3736300,NETFLIX,141.0,144.4600067138672,140.85000610351562,142.72000122070312,1288100,SPOTIFY
2020-02-18,77.22557067871094,77.40713550005586,76.16280771158402,76.34437253292894,152531200,APPLE,75.46705627441406,76.06099138957565,75.11546602411893,75.23514568129174,22414000,GOOGLE,178.10409545898438,178.55118804130632,176.45842259014753,176.56306158845797,27792200,MICROSOFT,107.78350067138672,108.30349731445312,106.20549774169922,106.2509994506836,58912000,AMAZON,387.7799987792969,389.5400085449219,379.19000244140625,379.29998779296875,5173900,NETFLIX,144.6300048828125,145.1300048828125,140.89999389648438,141.5,1480200,SPOTIFY
2020-02-19,78.34402465820312,78.57400976696101,77.46767279180867,77.46767279180867,93984000,APPLE,75.815673828125,76.0846310031763,75.55296812288319,75.7352230948315,18986000,GOOGLE,178.63827514648438,179.4967403235362,177.8656535761982,179.38228218118198,29997500,MICROSOFT,108.51100158691406,109.25499725341797,108.05599975585938,108.38999938964844,51224000,AMAZON,386.19000244140625,392.95001220703125,384.8999938964844,388.1199951171875,4896400,NETFLIX,143.36000061035156,146.33999633789062,143.0,145.57000732421875,1051800,SPOTIFY
2020-02-20,77.54029846191406,78.59337615293093,77.03433859303921,78.10436411115981,100566000,APPLE,75.39157104492188,75.9621672981893,74.82892362991262,75.58275992775464,21932000,GOOGLE,175.91024780273438,178.609663963269,172.74345118234925,178.32350404731486,36862400,MICROSOFT,107.65499877929688,108.8395004272461,106.37249755859375,108.65350341796875,62626000,AMAZON,386.0,389.70001220703125,376.67999267578125,386.55999755859375,4079400,NETFLIX,147.86000061035156,148.17999267578125,142.17999267578125,143.35000610351562,1442600,SPOTIFY
2020-02-21,75.78515625,77.57660179653178,75.16783878997336,77.13357947900434,129554000,APPLE,73.75080108642578,75.09683723926696,73.51889050316402,74.8890080751722,34634000,GOOGLE,170.34925842285156,175.03269814425303,169.07109398402642,174.71792369802935,48572600,MICROSOFT,104.79850006103516,107.22750091552734,104.4000015258789,107.10749816894531,92926000,AMAZON,380.07000732421875,387.32000732421875,377.8999938964844,385.3299865722656,3930100,NETFLIX,146.9499969482422,147.10000610351562,143.05999755859375,146.75999450683594,1170700,SPOTIFY
2020-02-24,72.18533325195312,73.63785189891229,70.0186640363075,71.96261786330551,222195200,APPLE,70.59638214111328,71.36016015828893,70.08985398658058,70.82084399363352,57342000,GOOGLE,163.0045928955078,166.49571238213088,155.69804609358962,160.02856424708168,68311100,MICROSOFT,100.4645004272461,101.96499633789062,99.39849853515625,100.15899658203125,130940000,AMAZON,368.70001220703125,372.82000732421875,361.0,364.760009765625,6936400,NETFLIX,145.3300018310547,146.6999969482422,139.13099670410156,140.47999572753906,1382100,SPOTIFY
2020-02-25,69.74028015136719,73.23843325634256,69.26821587876495,72.85593981243385,230673600,APPLE,68.9506607055664,71.41827153797638,68.6502188115759,71.16302209412986,49566000,GOOGLE,160.31468200683594,166.77228055874716,159.91404943605284,166.16181293118208,68073300,MICROSOFT,98.63700103759766,101.7300033569336,97.9209976196289,101.32099914550781,124382000,AMAZON,360.0899963378906,375.6499938964844,357.7200012207031,372.0,6481200,NETFLIX,141.8000030517578,147.9499969482422,141.2100067138672,146.8300018310547,2049200,SPOTIFY
2020-02-26,70.84660339355469,72.11271828103145,69.35777309270347,69.36503539122887,198054800,APPLE,69.18553924560547,70.3038930958197,68.48135853104596,69.33253592785813,44048000,GOOGLE,162.31777954101562,165.26519300844907,160.44822871342618,161.87901364573722,56206100,MICROSOFT,98.97949981689453,100.7334976196289,98.02249908447266,98.51399993896484,104492000,AMAZON,379.239990234375,382.0,365.0,366.30999755859375,8934100,NETFLIX,140.49000549316406,144.5800018310547,140.38999938964844,140.9199981689453,1502900,SPOTIFY
2020-02-27,66.21548461914062,69.23672624207228,66.07991679515257,68.05050408823062,320605600,APPLE,65.45657348632812,68.11904834218122,65.41088091856138,67.64012506513951,59566000,GOOGLE,150.8810272216797,159.32266379801655,150.69025881613402,155.783864027851,93174900,MICROSOFT,94.21499633789062,98.75,94.13800048828125,96.71900177001953,162880000,AMAZON,371.7099914550781,391.55999755859375,370.6000061035156,371.4599914550781,10967700,NETFLIX,134.50999450683594,140.17999267578125,134.5,137.00999450683594,1826300,SPOTIFY
2020-02-28,66.17675018310547,67.39929122080478,62.06370365251087,62.27916414492055,426510000,APPLE,66.51133728027344,66.60122204303022,63.11805866804865,63.44085044568269,75782000,GOOGLE,154.5343017578125,156.15586961350579,144.98620247898583,145.37728717616818,97012700,MICROSOFT,94.1875,94.48799896240234,90.55650329589844,90.73149871826172,189620000,AMAZON,369.0299987792969,376.7699890136719,356.79998779296875,364.2099914550781,11168600,NETFLIX,137.1199951171875,137.5500030517578,129.63999938964844,131.05999755859375,1909400,SPOTIFY
2020-03-02,72.33785247802734,72.97454103190371,67.23225006740749,68.33616370279057,341397200,APPLE,68.98342895507812,69.07083587619785,65.88985288324025,67.12117278391376,48630000,GOOGLE,164.81687927246094,164.94088529079474,154.82046595157254,157.68203581689798,71030800,MICROSOFT,97.69750213623047,97.72550201416016,93.5,95.32450103759766,135234000,AMAZON,381.04998779296875,381.3599853515625,364.5,373.1099853515625,6997900,NETFLIX,139.33999633789062,139.7899932861328,134.61000061035156,137.97999572753906,1001700,SPOTIFY
2020-03-03,70.04045867919922,73.59428625555064,69.18830958377835,73.51440097180128,319475600,APPLE,66.6136474609375,70.0282760870977,66.14733327280929,69.4954235267835,48046000,GOOGLE,156.91897583007812,166.9249388317412,154.7727980450986,165.78031359069203,71677000,MICROSOFT,95.44950103759766,99.81649780273438,94.40450286865234,98.76850128173828,150690000,AMAZON,368.7699890136719,393.5199890136719,367.3999938964844,381.0299987792969,8364600,NETFLIX,137.16000366210938,142.3300018310547,136.08999633789062,139.42999267578125,964900,SPOTIFY
2020-03-04,73.28926849365234,73.44904647858813,70.96282065269989,71.76412641873794,219178400,APPLE,68.85479736328125,68.93277023558767,66.69905582632043,67.49957731533306,38266000,GOOGLE,162.6802520751953,162.8233247486236,157.9777312943237,160.71530973506168,49814400,MICROSOFT,98.79149627685547,98.9000015258789,96.0999984741211,97.32849884033203,95458000,AMAZON,383.7900085449219,384.010009765625,370.510009765625,377.7699890136719,5487300,NETFLIX,144.25,144.3300018310547,137.22999572753906,139.0,1336000,SPOTIFY
2020-03-05,70.91197967529297,72.51700693831131,70.546426702123,71.5413986547228,187572800,APPLE,65.50374603271484,67.48369652452459,64.81147716481703,67.0511554058777,51226000,GOOGLE,158.59774780273438,162.98547961930032,158.0445092042918,158.38789817730108,47817300,MICROSOFT,96.20149993896484,98.03600311279297,95.5,96.6500015258789,94964000,AMAZON,372.7799987792969,391.3999938964844,368.6400146484375,381.0,8747000,NETFLIX,148.0800018310547,149.35000610351562,140.27000427246094,141.74000549316406,1501600,SPOTIFY
2020-03-06,69.97025299072266,70.403589845972,68.08198145661343,68.26838538116881,226176800,APPLE,64.47925567626953,64.86709689198965,62.62395190626873,63.41901010678455,53212000,GOOGLE,154.11465454101562,155.5835876506836,148.80166502780523,155.10665923713293,72821100,MICROSOFT,95.05449676513672,95.54350280761719,93.4749984741211,93.75,105472000,AMAZON,368.9700012207031,371.30999755859375,356.8500061035156,367.70001220703125,8147200,NETFLIX,145.13999938964844,146.99000549316406,141.57000732421875,145.25,1311500,SPOTIFY
2020-03-09,64.4361572265625,67.32182373363995,63.668739886760385,63.8503047343462,286744800,APPLE,60.364906311035156,62.31158374927824,59.59219431268793,59.85539256469915,67308000,GOOGLE,143.6698760986328,150.4708782982367,143.07848966551825,144.03234626328836,70419300,MICROSOFT,90.03050231933594,93.13849639892578,88.06449890136719,88.69300079345703,156264000,AMAZON,346.489990234375,357.4700012207031,341.7200012207031,343.8599853515625,7405500,NETFLIX,139.77999877929688,145.6699981689453,134.0,136.92999267578125,1361700,SPOTIFY
2020-03-10,69.07694244384766,69.34323899980069,65.21082178320125,67.0918381105168,285290000,APPLE,63.584373474121094,63.622117196478875,60.52431311858821,62.571802076565305,52228000,GOOGLE,153.4945526123047,153.59947738651,145.539394637913,150.86191448864258,65354400,MICROSOFT,94.59100341796875,94.7135009765625,90.90850067138672,93.54399871826172,142666000,AMAZON,364.1300048828125,364.5400085449219,347.8500061035156,356.42999267578125,7604400,NETFLIX,141.89999389648438,142.72000122070312,133.19000244140625,141.75999450683594,1359000,SPOTIFY
2020-03-11,66.67784881591797,68.07953100256213,65.8135986798909,67.15234343249551,255598800,APPLE,60.357452392578125,62.61947272513627,59.39702588322075,62.060299622776334,52170000,GOOGLE,146.541015625,150.42320498839098,144.17544043039595,149.87951421502953,56371600,MICROSOFT,91.04299926757812,93.56600189208984,90.07499694824219,92.89250183105469,112496000,AMAZON,349.9200134277344,362.9800109863281,344.7900085449219,358.9200134277344,6036000,NETFLIX,135.05999755859375,140.80999755859375,133.47500610351562,139.0800018310547,905500,SPOTIFY
2020-03-12,60.09313201904297,65.3633562599363,60.037453157274825,61.95962059535779,418474000,APPLE,55.36661148071289,59.287779834392445,55.28666086053564,55.917343269090544,84534000,GOOGLE,132.643310546875,146.38838910499453,132.18546340559118,138.59538160235746,93226400,MICROSOFT,83.83049774169922,88.25,83.75,86.0989990234375,226924000,AMAZON,315.25,335.7200012207031,307.32000732421875,326.5,12071600,NETFLIX,126.98999786376953,129.8800048828125,116.48200225830078,125.43000030517578,1836600,SPOTIFY
2020-03-13,67.29277038574219,67.76484191547881,61.235766409905956,64.12628289000264,370732000,APPLE,60.57198715209961,60.573476138535405,55.47750152056313,58.54932979161809,74002000,GOOGLE,151.50106811523438,154.43894862787204,134.23625525895997,140.69386947918466,92727400,MICROSOFT,89.25,89.31549835205078,84.03099822998047,87.75,176194000,AMAZON,336.29998779296875,336.4200134277344,307.3900146484375,330.510009765625,9458200,NETFLIX,131.55999755859375,133.00999450683594,121.01000213623047,133.00999450683594,1439600,SPOTIFY
2020-03-16,58.63576126098633,62.719754836954735,58.10074857584745,58.572816419236986,322423600,APPLE,53.847999572753906,57.221762378640875,53.35686138802423,54.42753353768823,85048000,GOOGLE,129.17124938964844,142.45847840490325,128.77063139409694,133.53991403832273,87905900,MICROSOFT,84.4574966430664,87.97250366210938,81.30149841308594,82.07550048828125,178346000,AMAZON,298.8399963378906,334.3500061035156,294.75,306.6300048828125,10559900,NETFLIX,117.63999938964844,123.88999938964844,109.18000030517578,118.52999877929688,1736000,SPOTIFY
2020-03-17,61.2139778137207,62.36388471818226,57.71340624039025,59.91881387267281,324056000,APPLE,55.60945129394531,56.15869029332871,52.44162684986951,54.284018412682315,77230000,GOOGLE,139.80677795410156,140.69385766362416,128.77064938704584,133.53993269767716,81059800,MICROSOFT,90.39199829101562,92.88899993896484,84.46199798583984,88.77349853515625,218342000,AMAZON,319.75,322.8999938964844,290.25,306.19000244140625,10013900,NETFLIX,118.87000274658203,119.83999633789062,111.1500015258789,118.30999755859375,2493000,SPOTIFY
2020-03-18,59.71547317504883,60.521621618277884,57.403546490441286,58.04507789596301,300233600,APPLE,54.467262268066406,54.94896641414023,51.511487891613825,52.466454805458405,84668000,GOOGLE,133.92147827148438,139.26308174950935,128.78973899188242,131.6322279550157,81593200,MICROSOFT,91.5,92.08300018310547,87.25,87.5,192904000,AMAZON,315.4700012207031,331.5799865722656,300.0,302.3999938964844,12593600,NETFLIX,121.23999786376953,122.61000061035156,110.97000122070312,111.0,1991000,SPOTIFY
2020-03-19,59.25791931152344,61.20913545401907,58.732592172693536,59.88976507646557,271857200,APPLE,55.38547897338867,57.50497346006347,52.64513398475478,54.28103751071133,73022000,GOOGLE,136.1248779296875,143.22155860648684,132.58606363997856,136.18210699531306,85922700,MICROSOFT,94.04650115966797,97.25,91.63249969482422,93.0,207998000,AMAZON,332.0299987792969,348.510009765625,316.82000732421875,324.3299865722656,10616000,NETFLIX,129.1300048828125,140.36000061035156,117.73999786376953,119.83000183105469,2504100,SPOTIFY
2020-03-20,55.49589157104492,60.96462284533057,55.19570308410046,59.838918789748014,401693200,APPLE,53.2515869140625,56.81073069227061,52.91240866884166,56.40003941808992,72036000,GOOGLE,131.01223754882812,140.3123413663581,129.59098567445727,139.26309306250047,84866200,MICROSOFT,92.30449676513672,97.8499984741211,91.0364990234375,96.31549835205078,196358000,AMAZON,332.8299865722656,350.489990234375,332.0,342.30999755859375,10853800,NETFLIX,124.36000061035156,129.69000244140625,119.0,129.38999938964844,3669100,SPOTIFY
2020-03-23,54.31693649291992,55.31675472983707,51.470001124172114,55.215078862447456,336752800,APPLE,52.471923828125,53.20192884609394,50.332363822196605,52.70532720543696,80882000,GOOGLE,129.70542907714844,134.0836423608826,126.40509306902422,130.6879003068529,78975200,MICROSOFT,95.1415023803711,95.97000122070312,90.5999984741211,91.38749694824219,156170000,AMAZON,360.2699890136719,366.1099853515625,340.8800048828125,347.8900146484375,13449400,NETFLIX,118.18000030517578,123.41000366210938,113.58000183105469,123.41000366210938,2209200,SPOTIFY
2020-03-24,59.76630783081055,59.96239727698541,56.72085964919753,57.21955717748085,287531200,APPLE,56.33747100830078,56.36428792205086,54.16036801606106,54.81340040571411,66890000,GOOGLE,141.49508666992188,142.69695531892708,134.75132797536872,137.1168883034806,82516700,MICROSOFT,97.00499725341797,97.75,95.01699829101562,97.57499694824219,142942000,AMAZON,357.32000732421875,372.92999267578125,353.0299987792969,369.989990234375,11638700,NETFLIX,129.69000244140625,133.9499969482422,123.11799621582031,125.0,2680900,SPOTIFY
2020-03-25,59.43705749511719,62.51881651598571,59.14171177404684,60.70316840806745,303602000,APPLE,54.74983215332031,57.05455969067583,53.93143138205992,55.94068413874498,81630000,GOOGLE,140.140625,147.2087066594224,137.77506445285783,142.0388050778731,75638200,MICROSOFT,94.29199981689453,97.51300048828125,94.28900146484375,96.03450012207031,129582000,AMAZON,342.3900146484375,362.0,339.1700134277344,361.0199890136719,8767200,NETFLIX,124.2300033569336,131.5,122.31999969482422,130.0399932861328,1994700,SPOTIFY
2020-03-26,62.56481170654297,62.622910080181875,59.64040746248256,59.679142174205445,252087200,APPLE,57.692691802978516,58.10089761685247,54.30487263093697,55.21216547249758,71434000,GOOGLE,148.9065704345703,149.4311945319734,141.52371431628413,141.55232885298807,64568100,MICROSOFT,97.77449798583984,97.82450103759766,94.4645004272461,95.0999984741211,124426000,AMAZON,362.989990234375,363.8399963378906,341.7300109863281,344.0,7229600,NETFLIX,126.80999755859375,127.98999786376953,122.6050033569336,124.08999633789062,1125600,SPOTIFY
2020-03-27,59.97450637817383,61.9426669648738,59.807466114568854,61.187358323126006,204216800,APPLE,55.15803527832031,57.14245634110623,54.91966863467143,55.900952354857296,64170000,GOOGLE,142.79232788085938,147.74284588636053,142.3153995883016,144.74773679128555,57042300,MICROSOFT,95.00499725341797,96.989501953125,94.99600219726562,96.54299926757812,107758000,AMAZON,357.1199951171875,368.55999755859375,353.0,359.0899963378906,7948800,NETFLIX,122.54000091552734,126.37999725341797,121.5,122.4800033569336,1094200,SPOTIFY
2020-03-30,61.6860466003418,61.85792960202071,60.376358043352745,60.700756687792804,167976400,APPLE,56.95126724243164,57.190134018651946,54.451376356117265,55.8696682045626,51482000,GOOGLE,152.8364715576172,153.18940847212681,143.08805386095278,145.40593346202493,63420300,MICROSOFT,98.19750213623047,98.68150329589844,95.61699676513672,96.1415023803711,122522000,AMAZON,370.9599914550781,377.79998779296875,361.1700134277344,363.0,8622000,NETFLIX,121.43000030517578,126.98400115966797,120.02999877929688,124.4000015258789,1356600,SPOTIFY
2020-03-31,61.56016159057617,63.545269736802034,61.00578524680458,61.877297942194495,197002000,APPLE,57.745330810546875,58.36608282172606,56.520217005475864,56.97510426112891,49728000,GOOGLE,150.43275451660156,157.17651417379767,149.3358105207715,152.04476019890492,77927200,MICROSOFT,97.48600006103516,99.6510009765625,97.20050048828125,98.21749877929688,102472000,AMAZON,375.5,383.010009765625,366.44000244140625,367.92999267578125,9366500,NETFLIX,121.44000244140625,125.9000015258789,120.01000213623047,122.0,1763600,SPOTIFY
2020-04-01,58.321048736572266,60.21174335831203,57.890135142365466,59.67431113291772,176218400,APPLE,54.90526580810547,56.10058852822429,54.499545412012,55.71869949311908,46884000,GOOGLE,145.09115600585938,150.4709076857811,143.86068715848717,145.94008796148657,57969900,MICROSOFT,95.38500213623047,97.24800109863281,94.6500015258789,96.64849853515625,82438000,AMAZON,364.0799865722656,380.2300109863281,361.0199890136719,376.04998779296875,6672500,NETFLIX,121.61000061035156,124.47000122070312,116.30000305175781,119.80999755859375,1718100,SPOTIFY
2020-04-02,59.294227600097656,59.347486910279144,57.35027386031046,58.18305177157115,165934000,APPLE,55.66109848022461,55.96005136655423,54.44740394113542,54.53977036171498,39298000,GOOGLE,148.09579467773438,148.3056443284032,143.42190239581785,144.85268752963302,49630700,MICROSOFT,95.94149780273438,96.37650299072266,94.5,95.08200073242188,86720000,AMAZON,370.0799865722656,370.989990234375,360.05999755859375,364.0799865722656,4592500,NETFLIX,121.91000366210938,125.41000366210938,119.26000213623047,120.69000244140625,739500,SPOTIFY
2020-04-03,58.44209289550781,59.48064217824671,57.85140134510496,58.77859292542469,129880000,APPLE,54.52089309692383,55.79516985136998,53.62353447158471,55.57045794845855,46268000,GOOGLE,146.73178100585938,150.11797527329975,145.16745656701602,147.94318311575407,41243300,MICROSOFT,95.32949829101562,96.31649780273438,94.4574966430664,95.55750274658203,72198000,AMAZON,361.760009765625,370.8999938964844,357.510009765625,367.4700012207031,4860800,NETFLIX,122.12000274658203,123.30000305175781,119.375,122.0999984741211,871700,SPOTIFY
2020-04-06,63.540435791015625,63.6953672894155,60.371524799496335,60.73949357260216,201820400,APPLE,58.94264221191406,59.32701290979929,56.16266645797611,56.513267850486756,53294000,GOOGLE,157.64390563964844,158.81714534072375,150.3087450666314,152.92231774316124,67111700,MICROSOFT,99.87950134277344,99.9260025024414,96.5009994506836,96.80000305175781,115464000,AMAZON,379.9599914550781,380.2900085449219,361.7099914550781,365.2200012207031,8183900,NETFLIX,122.5199966430664,123.47000122070312,116.0,120.88999938964844,2315000,SPOTIFY
2020-04-07,62.804481506347656,65.77488676591214,62.70038611330759,65.55700306601591,202887200,APPLE,58.922279357910156,60.83369851021976,58.70973316720613,60.63505710426919,47746000,GOOGLE,155.94601440429688,162.15561537698372,155.72661691587626,161.76453069382984,62769000,MICROSOFT,100.58000183105469,101.78600311279297,99.88099670410156,100.85549926757812,102280000,AMAZON,372.2799987792969,381.3299865722656,369.3399963378906,380.0,7046400,NETFLIX,127.61000061035156,129.39999389648438,123.552001953125,125.0999984741211,1539200,SPOTIFY
2020-04-08,64.41193389892578,64.726643281739,63.240236542570365,63.60578200367688,168895200,APPLE,60.10270309448242,60.539214843926615,59.00422126942858,59.91498849334528,39502000,GOOGLE,157.5103302001953,158.97926282196207,155.9555394309349,158.0254063116811,48318200,MICROSOFT,102.1500015258789,102.19999694824219,100.55750274658203,101.05000305175781,79546000,AMAZON,371.1199951171875,378.3900146484375,368.30999755859375,374.010009765625,6908900,NETFLIX,126.04000091552734,129.97999572753906,124.06999969482422,127.54000091552734,1386400,SPOTIFY
2020-04-09,64.87674713134766,65.38029109822737,64.0802880085237,65.04863383479294,161834800,APPLE,60.160797119140625,60.8619998275224,59.430049586958845,60.788005161093324,43508000,GOOGLE,157.5198974609375,159.64699386180075,155.79341913413606,158.6836038185592,51385100,MICROSOFT,102.13800048828125,102.6500015258789,100.88300323486328,102.21499633789062,92930000,AMAZON,370.7200012207031,372.1000061035156,363.0299987792969,371.05999755859375,7711300,NETFLIX,131.86000061035156,134.75799560546875,126.5,127.62000274658203,1226200,SPOTIFY
2020-04-13,66.15013885498047,66.25908073963392,64.35385370017553,64.9542309045945,131022800,APPLE,60.4642219543457,60.610722303827366,58.97630777048373,60.04807109220571,34796000,GOOGLE,157.87281799316406,157.93006162140637,154.8109461209719,156.76635527701671,41905300,MICROSOFT,108.44349670410156,109.0,101.9000015258789,102.0,134334000,AMAZON,396.7200012207031,400.510009765625,367.70001220703125,371.30999755859375,11692900,NETFLIX,129.8300018310547,132.36000061035156,128.02999877929688,131.77000427246094,1067700,SPOTIFY
2020-04-14,69.49090576171875,69.78141242863373,67.31212792353071,67.78419941029469,194994800,APPLE,63.03016662597656,63.66780520695061,61.42614549120685,61.83137335877478,49408000,GOOGLE,165.6848907470703,165.7325864886539,160.24791096456894,161.2017675774533,52874300,MICROSOFT,114.16600036621094,114.5999984741211,109.31050109863281,110.02349853515625,161744000,AMAZON,413.54998779296875,417.82000732421875,394.8500061035156,397.5,11581000,NETFLIX,135.92999267578125,137.3300018310547,130.55999755859375,132.0500030517578,1536400,SPOTIFY
2020-04-15,68.85663604736328,69.31659875028247,67.93671064152491,68.36520092897909,131154400,APPLE,62.694461822509766,63.58784987223647,61.59846174840961,61.85718923724433,33434000,GOOGLE,163.9488525390625,165.56087228065886,161.43067207396544,163.30022257965408,40940800,MICROSOFT,115.38400268554688,116.66850280761719,112.25,112.88400268554688,137332000,AMAZON,426.75,434.9800109863281,412.25,413.0,13561200,NETFLIX,138.77999877929688,141.6300048828125,133.3699951171875,134.1699981689453,1747100,SPOTIFY
2020-04-16,69.40377044677734,69.76932337939922,68.35311605698439,69.57081070155868,157125200,APPLE,62.74412536621094,63.51534838440943,61.70871143617545,63.272014649822715,50362000,GOOGLE,168.87078857421875,169.0997194284312,164.92182230592033,166.25723045677836,50479600,MICROSOFT,120.40950012207031,123.05000305175781,116.75,117.30000305175781,240764000,AMAZON,439.1700134277344,449.5199890136719,431.6099853515625,437.0,16128700,NETFLIX,139.49000549316406,140.57000732421875,136.02999877929688,139.9499969482422,1102600,SPOTIFY
2020-04-17,68.46207427978516,69.4667393857344,67.02407956295593,68.91962141145596,215250000,APPLE,63.72639846801758,64.28159717465645,63.129485409059896,63.805856542207415,38980000,GOOGLE,170.35879516601562,171.69418858871583,167.75475615970515,171.21726028708053,52765600,MICROSOFT,118.75,120.0,115.8010025024414,118.61650085449219,158600000,AMAZON,422.9599914550781,432.0,414.70001220703125,431.0,12616300,NETFLIX,141.86000061035156,142.95799255371094,139.07000732421875,141.22000122070312,709100,SPOTIFY
2020-04-20,67.041015625,68.1909265506525,67.02165195482027,67.28794859412912,130015200,APPLE,62.900062561035156,63.64446870036649,62.63984226827033,63.11806837981865,33910000,GOOGLE,166.98216247558594,170.5018962571426,166.91540007067005,168.47972457861755,36669600,MICROSOFT,119.68049621582031,122.2490005493164,119.30249786376953,119.49749755859375,115414000,AMAZON,437.489990234375,444.489990234375,430.55999755859375,435.1700134277344,12655800,NETFLIX,144.5399932861328,146.3000030517578,140.0,140.69000244140625,1144400,SPOTIFY
2020-04-21,64.96875,67.11847920865577,64.25701512989387,66.88365501834329,180991600,APPLE,60.40364456176758,62.287254198245144,60.0743966777643,61.92622232442697,43060000,GOOGLE,160.0762176513672,165.65626989096575,158.44511650151756,165.49411601952747,56203700,MICROSOFT,116.40599822998047,121.41549682617188,113.98300170898438,120.83049774169922,149534000,AMAZON,433.8299865722656,447.0,425.6000061035156,444.7699890136719,23177600,NETFLIX,139.13999938964844,143.6699981689453,138.02999877929688,142.6999969482422,1098000,SPOTIFY
2020-04-22,66.840087890625,67.27584066000009,65.8959519650496,66.2372874479201,116862400,APPLE,62.73120880126953,63.843743060036395,61.677915741488086,61.853714643568125,41848000,GOOGLE,165.51321411132812,165.97106123943186,162.93780400303513,163.4814947386525,34620200,MICROSOFT,118.17449951171875,119.69999694824219,117.55000305175781,118.44999694824219,84244000,AMAZON,421.4200134277344,433.0,413.0,429.7300109863281,21084800,NETFLIX,139.74000549316406,142.60000610351562,139.47999572753906,141.5399932861328,899100,SPOTIFY
2020-04-23,66.58104705810547,68.20786856663918,66.54231233315308,66.78439882318551,124814400,APPLE,63.38175964355469,64.22598088095572,62.85337782412955,63.14537830328555,31324000,GOOGLE,163.5101318359375,166.98217002542322,163.02367010487293,166.07600897122853,32790800,MICROSOFT,119.97250366210938,121.21099853515625,119.10399627685547,119.9990005493164,101332000,AMAZON,426.70001220703125,438.4100036621094,419.260009765625,419.260009765625,13952300,NETFLIX,138.7100067138672,141.23500061035156,138.1300048828125,139.75,769500,SPOTIFY
2020-04-24,68.50322723388672,68.51291276391555,67.05797032169045,67.10639058393983,126161200,APPLE,63.53074264526367,63.584869009749326,62.047890156200104,62.6299058083651,32792000,GOOGLE,166.4956817626953,166.50521508953827,162.83287570674943,164.12057345602702,34277600,MICROSOFT,120.51100158691406,121.02149963378906,119.0999984741211,120.8499984741211,76498000,AMAZON,424.989990234375,427.1700134277344,415.8800048828125,425.0,8658900,NETFLIX,137.83999633789062,140.1999969482422,136.6199951171875,139.25,1142300,SPOTIFY
2020-04-27,68.5516357421875,68.88329305683456,67.77211693615625,68.21997103964695,117087600,APPLE,63.360408782958984,64.36702430836527,63.018748885356715,64.35957558686549,32012000,GOOGLE,166.0187225341797,168.73720475756068,165.30333017728552,168.44151157879557,33194400,MICROSOFT,118.80000305175781,122.24400329589844,118.1500015258789,122.16000366210938,112912000,AMAZON,421.3800048828125,429.0,420.8399963378906,425.0,6277500,NETFLIX,140.25,141.47000122070312,139.00999450683594,140.10000610351562,1135500,SPOTIFY
2020-04-28,67.4404296875,69.19555618187054,67.34844305638214,69.01399137210808,112004800,APPLE,61.264251708984375,63.96476934334331,61.19125348198349,63.958813397277744,59026000,GOOGLE,161.97439575195312,167.56399631501924,161.57377770466547,167.48768603629338,34392700,MICROSOFT,115.7040023803711,118.67500305175781,115.30000305175781,118.6050033569336,105388000,AMAZON,403.8299865722656,421.0,402.9100036621094,419.989990234375,10101200,NETFLIX,139.77999877929688,143.74000549316406,139.1999969482422,141.5,1516200,SPOTIFY
2020-04-29,69.6555404663086,70.12518879426327,68.72592933750241,68.92928107931384,137280800,APPLE,66.61811065673828,67.53731921132398,65.81659644188422,66.61711799909568,75872000,GOOGLE,169.24278259277344,169.48124676114833,163.94888969860907,165.22705414797102,51286600,MICROSOFT,118.635498046875,119.59449768066406,115.5,116.50050354003906,91832000,AMAZON,411.8900146484375,415.8599853515625,393.6000061035156,399.5299987792969,9693100,NETFLIX,155.77999877929688,163.94000244140625,152.4199981689453,153.0,5744100,SPOTIFY
2020-04-30,71.12500762939453,71.30173342629523,69.8056406949222,70.195396396661,183064000,APPLE,66.97467041015625,67.18125685872208,65.67506183367425,65.79375640618407,53378000,GOOGLE,170.94065856933594,172.07573576963108,168.09815524104735,171.6941989272274,53875900,MICROSOFT,123.69999694824219,123.75,119.80049896240234,120.99199676513672,190692000,AMAZON,419.8500061035156,424.44000244140625,408.0,410.30999755859375,7954000,NETFLIX,151.57000732421875,153.89999389648438,146.0,148.94000244140625,2122300,SPOTIFY
2020-05-01,69.97991943359375,72.38383568163243,69.20040090766054,69.29723399286716,240616800,APPLE,65.58170318603516,67.14400980795767,65.10446979781985,65.9735225578649,41450000,GOOGLE,166.51473999023438,170.3969284653638,165.9805681121035,167.68797943668682,39370500,MICROSOFT,114.302001953125,118.12200164794922,112.90950012207031,116.83999633789062,195452000,AMAZON,415.2699890136719,427.9700012207031,411.7300109863281,415.1000061035156,8299900,NETFLIX,144.83999633789062,146.88999938964844,143.92999267578125,144.5,2047300,SPOTIFY
2020-05-04,70.97006225585938,71.09836777466262,69.31419187836596,70.0041397159612,133568000,APPLE,65.88909912109375,65.93181371039051,64.50854722753725,64.9669125826129,30080000,GOOGLE,170.5877227783203,170.7403433381187,165.78029158225254,166.43845501102263,30372900,MICROSOFT,115.79949951171875,116.3489990234375,112.81900024414062,112.81900024414062,97318000,AMAZON,428.1499938964844,428.5400085449219,414.8699951171875,417.7799987792969,7799100,NETFLIX,145.30999755859375,148.0,143.00999450683594,144.07000732421875,1224100,SPOTIFY
2020-05-05,72.03524017333984,72.86801811424831,71.2847707351164,71.43002407604543,147751200,APPLE,67.09634399414062,68.23008796278566,66.4184875690936,66.44133385242301,33030000,GOOGLE,172.4191131591797,175.17575814112513,171.59879590392794,172.28557381784552,36839200,MICROSOFT,115.88999938964844,117.55000305175781,115.35649871826172,117.0,64850000,AMAZON,424.67999267578125,431.0,421.55999755859375,427.55999755859375,6286300,NETFLIX,145.02000427246094,148.4499969482422,144.02999877929688,147.36000061035156,1231000,SPOTIFY
2020-05-06,72.77845001220703,73.41029209502018,72.35237549978946,72.73729206539267,142333600,APPLE,66.90713500976562,68.09004196319698,66.90664246970033,67.62175002419323,24308000,GOOGLE,174.11697387695312,175.7003792944064,173.24897544988573,173.67820800036017,32139300,MICROSOFT,117.56300354003906,117.87249755859375,116.0,116.47200012207031,62356000,AMAZON,434.260009765625,439.7699890136719,426.3900146484375,429.29998779296875,6660700,NETFLIX,148.47999572753906,149.96600341796875,146.0500030517578,146.80999755859375,1280700,SPOTIFY
2020-05-07,73.53135681152344,73.8775461479968,73.10286633314963,73.40547448146583,115215200,APPLE,68.16155242919922,68.41183856226588,67.30292626177416,67.8328008735499,27952000,GOOGLE,175.12811279296875,176.0342738342213,174.15517479003572,175.67180359584043,28316000,MICROSOFT,118.38050079345703,118.80000305175781,117.15550231933594,118.73899841308594,67928000,AMAZON,436.5299987792969,438.8800048828125,430.6600036621094,436.8900146484375,5641900,NETFLIX,148.0399932861328,151.6699981689453,147.13999938964844,150.0,1421700,SPOTIFY
2020-05-08,75.2815170288086,75.33492052212418,73.86390577921274,74.1916086969269,133838400,APPLE,68.94668579101562,69.46265563072474,68.30656553930811,68.68646549692158,27738000,GOOGLE,176.158203125,176.46344417685654,174.89912017282785,176.4443629724419,30877800,MICROSOFT,118.98049926757812,119.36199951171875,117.8499984741211,118.60700225830078,64132000,AMAZON,435.54998779296875,442.0,433.6400146484375,434.1400146484375,5049300,NETFLIX,152.14999389648438,153.27000427246094,149.07000732421875,149.7899932861328,912400,SPOTIFY
2020-05-11,76.46610260009766,76.96129057605077,74.57999392969896,74.78875574566902,145946400,APPLE,69.68612670898438,70.3451150522961,68.38959446055027,68.44561521374237,28242000,GOOGLE,178.12322998046875,178.85768926144874,174.4127274875704,174.6988728933028,30892700,MICROSOFT,120.44999694824219,120.9834976196289,118.60549926757812,118.73500061035156,65184000,AMAZON,440.5199890136719,444.8900146484375,435.55999755859375,436.3299865722656,5486000,NETFLIX,156.02000427246094,159.02000427246094,151.60000610351562,152.85000610351562,1294500,SPOTIFY
2020-05-12,75.59222412109375,77.60212591001033,75.47085322222706,77.15062231412254,162301200,APPLE,68.31947326660156,70.26912866499187,68.27130284922856,69.87780938011281,27812000,GOOGLE,174.08837890625,178.40934853898727,173.88807715237897,178.18043224884894,32038200,MICROSOFT,117.84750366210938,120.94999694824219,117.75,120.59249877929688,61498000,AMAZON,431.82000732421875,444.1700134277344,431.3599853515625,442.0,4598200,NETFLIX,153.94000244140625,158.36500549316406,153.57000732421875,157.44000244140625,1099300,SPOTIFY
2020-05-13,74.67950439453125,76.69426553932014,73.60173033825646,75.77184236444022,200622400,APPLE,67.00794219970703,68.80325819749102,65.9685539119377,68.38452339406065,36252000,GOOGLE,171.45574951171875,175.55733641654106,168.3938629633808,174.126551302396,44711500,MICROSOFT,118.39600372314453,120.38500213623047,116.88999938964844,118.33999633789062,95658000,AMAZON,438.2699890136719,447.0,427.2699890136719,435.69000244140625,7014600,NETFLIX,148.97999572753906,154.8699951171875,146.67999267578125,154.6300048828125,974900,SPOTIFY
2020-05-14,75.13829040527344,75.19897584845612,73.19392643517533,73.91729958475361,158929200,APPLE,67.34564971923828,67.40971024747103,65.74559897875558,66.29731970984452,32062000,GOOGLE,172.19973754882812,172.35235810390702,167.573527036543,169.34770096391762,41873900,MICROSOFT,119.44249725341797,119.56849670410156,117.6604995727539,118.05049896240234,72962000,AMAZON,441.95001220703125,452.3800048828125,432.82000732421875,444.8999938964844,9007500,NETFLIX,152.07000732421875,152.1999969482422,146.94000244140625,148.0,895200,SPOTIFY
2020-05-15,74.69406127929688,74.74018280409528,72.8734981674341,72.9074855679762,166348400,APPLE,68.19284057617188,68.25690109642692,66.49495642044602,67.04122125427448,34154000,GOOGLE,174.7084197998047,178.42845560052803,168.8326582566159,170.79760099005952,46610400,MICROSOFT,120.48899841308594,120.55000305175781,117.81849670410156,118.4260025024414,84700000,AMAZON,454.19000244140625,455.0,437.510009765625,440.70001220703125,7244000,NETFLIX,158.8300018310547,159.0,150.16000366210938,150.5500030517578,1511500,SPOTIFY
2020-05-18,76.45394897460938,76.8277733901168,75.3276309672179,76.01944652197729,135178400,APPLE,68.7266845703125,69.14308552192315,67.25227724099612,67.62472846340052,36448000,GOOGLE,176.37759399414062,177.60806237102986,175.471433306702,177.17882989326358,35264500,MICROSOFT,121.31300354003906,121.6500015258789,119.20050048828125,120.21749877929688,87144000,AMAZON,452.5799865722656,456.3599853515625,443.3500061035156,451.1600036621094,7773500,NETFLIX,161.42999267578125,163.8800048828125,158.72000122070312,160.0,1306500,SPOTIFY
2020-05-19,76.01216888427734,77.31811351260087,75.98061126581322,76.47094702256406,101729600,APPLE,68.2074966430664,69.1269554220177,68.2074966430664,68.87851059767719,25612000,GOOGLE,175.15672302246094,177.98967878872068,175.02318365708535,176.4921166762167,26799100,MICROSOFT,122.46649932861328,124.25,121.44850158691406,121.49150085449219,86410000,AMAZON,451.0400085449219,458.9700012207031,450.4700012207031,453.3999938964844,4810500,NETFLIX,175.02999877929688,179.69000244140625,161.57000732421875,161.94000244140625,4119400,SPOTIFY
2020-05-20,77.4904556274414,77.56084540499204,76.8326201163857,76.87145968739159,111504800,APPLE,69.85794830322266,70.04169607289217,68.8910693426762,69.00677080232748,33108000,GOOGLE,177.58624267578125,177.76798251744347,175.94103881842096,176.77320062473433,31261300,MICROSOFT,124.89700317382812,125.00050354003906,123.3635025024414,123.89350128173828,79962000,AMAZON,447.6700134277344,455.80999755859375,444.0,454.25,5607300,NETFLIX,189.8000030517578,190.47999572753906,174.00999450683594,174.99000549316406,4818500,SPOTIFY
2020-05-21,76.9127426147461,77.89342158394717,76.67485297832786,77.3521046904153,102688800,APPLE,69.66327667236328,70.29346275219423,69.19895535657272,69.92151164398065,27700000,GOOGLE,175.45318603515625,178.55229364702774,175.31927478869935,177.33751795723427,29119500,MICROSOFT,122.33699798583984,126.27249908447266,122.12699890136719,125.0,102288000,AMAZON,436.25,448.9599914550781,430.25,448.55999755859375,9117300,NETFLIX,192.74000549316406,196.75,186.91000366210938,188.80999755859375,4318700,SPOTIFY
2020-05-22,77.4079360961914,77.49046741917871,76.54862805066547,76.65057545816492,81803200,APPLE,70.04168701171875,70.15788857398324,69.11850026676878,69.36084512261117,26188000,GOOGLE,175.5297393798828,176.4384386338719,174.6019203696662,175.22366273267104,20826900,MICROSOFT,121.84400177001953,123.49250030517578,121.50650024414062,122.75050354003906,57342000,AMAZON,429.32000732421875,439.0899963378906,427.17999267578125,437.0,5422300,NETFLIX,190.1699981689453,194.57000732421875,187.0,192.0,2156300,SPOTIFY
2020-05-26,76.88358306884766,78.7065682402385,76.82774980972884,78.5269417486486,125522000,APPLE,70.36943817138672,71.56029390552685,70.1266007759835,71.37506096232993,41212000,GOOGLE,173.6741180419922,178.3897213651275,173.22455564626833,178.23667574206536,36073600,MICROSOFT,121.09300231933594,123.0999984741211,120.7030029296875,122.9000015258789,71364000,AMAZON,414.7699890136719,428.5,413.1400146484375,427.7699890136719,7881100,NETFLIX,191.0,192.97000122070312,183.75999450683594,192.0,2482400,SPOTIFY
2020-05-27,77.21857452392578,77.36422105547973,76.00001360596808,76.74038038807967,112945200,APPLE,70.41016387939453,70.60383821218231,69.09168715665855,70.38086911158055,33716000,GOOGLE,173.90367126464844,174.07585123879124,168.92024541644372,172.36368435172727,39517100,MICROSOFT,120.51950073242188,120.67900085449219,116.5,120.24949645996094,101138000,AMAZON,419.8900146484375,420.0199890136719,397.8599853515625,410.3800048828125,10446300,NETFLIX,185.9499969482422,190.0,180.1300048828125,189.3000030517578,2326500,SPOTIFY
2020-05-28,77.25257873535156,78.51240928442117,76.6165963973256,76.8933182003932,133560800,APPLE,70.35504150390625,71.55234573499438,69.32558734289624,69.36829435363889,33844000,GOOGLE,173.511474609375,176.14188569664367,172.53584173284602,172.88018704080682,33810200,MICROSOFT,120.05500030517578,121.84850311279297,118.9114990234375,119.21649932861328,63804000,AMAZON,413.44000244140625,422.3699951171875,411.5,417.239990234375,5655100,NETFLIX,177.22000122070312,185.89999389648438,175.72999572753906,183.2100067138672,1858400,SPOTIFY
2020-05-29,77.17733001708984,77.95652913635216,76.82049926768882,77.49532118877264,153532400,APPLE,70.96040344238281,71.1416657759171,70.1871988417597,70.36547562454726,36418000,GOOGLE,175.2810821533203,176.25672991691084,172.56458757532886,174.78369109410448,42130400,MICROSOFT,122.11849975585938,122.11849975585938,119.91000366210938,120.7969970703125,70198000,AMAZON,419.7300109863281,420.29998779296875,411.8500061035156,417.4599914550781,5254900,NETFLIX,180.92999267578125,181.77999877929688,178.07000732421875,179.1199951171875,1158200,SPOTIFY
2020-06-01,78.12644958496094,78.24782048460888,77.00012408043993,77.13120672626943,80791200,APPLE,71.10440826416016,71.40932083524623,70.41810302606189,70.4374712144288,24342000,GOOGLE,174.8793182373047,175.041923737436,173.5688997628599,174.60192122307836,22622400,MICROSOFT,123.552001953125,123.84649658203125,122.20850372314453,122.4000015258789,58578000,AMAZON,425.9200134277344,426.7200012207031,415.9800109863281,418.8299865722656,3743700,NETFLIX,182.7100067138672,185.0,177.4499969482422,181.5,1309600,SPOTIFY
2020-06-02,78.48812866210938,78.51240432243173,77.41763649054919,77.8594283215851,87642800,APPLE,71.4719009399414,71.4912691316603,70.45932945206445,71.04134512872544,25562000,GOOGLE,176.86883544921875,176.9549181227473,173.46365125193154,176.237533319547,30794600,MICROSOFT,123.62049865722656,123.67649841308594,122.2655029296875,123.3499984741211,50598000,AMAZON,427.30999755859375,427.5899963378906,419.4599914550781,425.8699951171875,3494800,NETFLIX,189.36000061035156,189.77000427246094,182.89999389648438,183.0,1552400,SPOTIFY
2020-06-03,78.92021179199219,79.182377080961,78.23567814710795,78.80855263967156,104491200,APPLE,71.33086395263672,71.83600546103794,71.00296109058361,71.42621213078971,25124000,GOOGLE,177.2992706298828,177.854049985037,175.59667846192727,176.78275997245333,27311000,MICROSOFT,123.91999816894531,124.4000015258789,123.05850219726562,123.40049743652344,53420000,AMAZON,421.9700012207031,427.1000061035156,418.04998779296875,426.95001220703125,4316000,NETFLIX,184.6300048828125,191.6199951171875,183.50999450683594,189.36000061035156,1522000,SPOTIFY
2020-06-04,78.24053192138672,79.04157682827717,77.86670750782196,78.74300918140095,87560400,APPLE,70.12908935546875,71.45898541414964,69.75912357005502,71.03389302934043,29686000,GOOGLE,174.9654083251953,177.75842536571852,174.37237475902313,176.28540132885283,28761800,MICROSOFT,123.02999877929688,125.37699890136719,122.50050354003906,123.87149810791016,58974000,AMAZON,414.3299865722656,428.7099914550781,410.0299987792969,422.3900146484375,5410500,NETFLIX,181.83999633789062,188.22000122070312,180.3000030517578,184.22999572753906,1200100,SPOTIFY
2020-06-05,80.4688949584961,80.52958039964126,78.46142323225453,78.49055105874169,137250400,APPLE,71.43069458007812,71.7614314960413,69.82220245259127,70.17826350934645,34698000,GOOGLE,179.0592498779297,179.56620065466157,174.09494454046876,174.6784181168323,39893600,MICROSOFT,124.1500015258789,124.43250274658203,121.85649871826172,122.22550201416016,66128000,AMAZON,419.6000061035156,420.239990234375,404.25,407.2900085449219,5099600,NETFLIX,184.27999877929688,184.72000122070312,177.5050048828125,179.0,1157700,SPOTIFY
2020-06-08,80.9446792602539,80.97866666833863,79.45424844734958,80.16548014966298,95654400,APPLE,71.83889770507812,71.90742898351817,70.6336443853567,70.6336443853567,28084000,GOOGLE,180.16880798339844,180.35054780751807,176.41927838524887,177.85404803432183,33211600,MICROSOFT,126.2030029296875,126.5,124.36699676513672,125.01000213623047,79414000,AMAZON,419.489990234375,420.79998779296875,406.5,416.0,5851500,NETFLIX,187.3000030517578,187.4600067138672,180.5,183.5,1202100,SPOTIFY
2020-06-09,83.50074768066406,83.89398820325025,80.59270571799298,80.62426333660154,147712400,APPLE,72.31314849853516,72.90112773353596,71.67005023582128,71.77681777781704,28184000,GOOGLE,181.54620361328125,182.40705963306385,179.11665197439055,179.82447697848326,29783900,MICROSOFT,130.04299926757812,131.32150268554688,126.25,126.47200012207031,103520000,AMAZON,434.04998779296875,434.7300109863281,420.30999755859375,421.6499938964844,6797000,NETFLIX,191.30999755859375,194.58999633789062,186.1199951171875,187.7899932861328,1582800,SPOTIFY
2020-06-10,85.64900207519531,86.11749189610212,84.01049518819849,84.44985718304342,166651600,APPLE,72.79434967041016,73.21194027519641,72.31860145267983,72.48098811657447,30504000,GOOGLE,188.28005981445312,189.88700962289897,182.7035859580672,182.81837746989203,43872300,MICROSOFT,132.37249755859375,136.11749267578125,131.31300354003906,132.25,98920000,AMAZON,434.4800109863281,439.69000244140625,430.54998779296875,436.0,4896900,NETFLIX,189.39999389648438,197.27699279785156,187.10000610351562,192.85000610351562,2112100,SPOTIFY
2020-06-11,81.53697204589844,85.21693875406713,81.43502463468259,84.79214058891952,201662400,APPLE,69.71492767333984,72.22946607759391,69.62355012018367,71.63379566930075,39826000,GOOGLE,178.1697235107422,187.2470247261597,177.97842378371163,184.73140485500232,52854700,MICROSOFT,127.89800262451172,133.56900024414062,126.8115005493164,130.1750030517578,116002000,AMAZON,425.55999755859375,445.57000732421875,424.1600036621094,428.20001220703125,7462900,NETFLIX,178.67999267578125,186.9199981689453,177.2100067138672,184.5,1728800,SPOTIFY
2020-06-12,82.24090576171875,84.42558161332404,81.12915175448484,83.67794024802434,200146000,APPLE,70.17874145507812,71.3616483445136,68.82997739078206,70.9390414138141,38928000,GOOGLE,179.5757598876953,183.38267762611326,177.12707429297535,182.253984671368,43373600,MICROSOFT,127.2509994506836,131.07400512695312,125.1675033569336,130.0605010986328,108722000,AMAZON,418.07000732421875,434.05999755859375,412.45001220703125,429.0,6461100,NETFLIX,180.07000732421875,185.5399932861328,177.80999755859375,183.86000061035156,907600,SPOTIFY
2020-06-15,83.25800323486328,83.91097923516973,80.7310603407497,80.89370059767263,138808800,APPLE,70.50997924804688,70.75579461791511,68.92433371669215,69.06735219051745,30078000,GOOGLE,180.7236328125,182.52188256235104,176.0080144563168,176.553234065883,32770200,MICROSOFT,128.63400268554688,129.1999969482422,125.4000015258789,126.33000183105469,77302000,AMAZON,425.5,426.489990234375,415.4200134277344,421.3999938964844,4467900,NETFLIX,187.8800048828125,188.80999755859375,177.27000427246094,178.22999572753906,1396100,SPOTIFY
2020-06-16,85.46453857421875,85.73641564112751,83.67796229617407,85.31403982782714,165428800,APPLE,71.64571380615234,72.25653170525558,70.81042644799199,71.76986421688697,34184000,GOOGLE,185.1522979736328,187.07488457162634,183.1340542016108,184.50186129975745,42556700,MICROSOFT,130.7635040283203,131.0,128.8000030517578,131.0,71712000,AMAZON,436.1300048828125,437.9599914550781,425.17999267578125,425.760009765625,5507900,NETFLIX,185.47999572753906,190.9199981689453,183.16000366210938,190.4199981689453,1061100,SPOTIFY
2020-06-17,85.34558868408203,86.27043435065384,85.22421778392413,86.2097489005749,114406400,APPLE,72.06285095214844,72.50383341430023,71.0825598812217,71.8661986589021,30992000,GOOGLE,185.7931365966797,187.78268588307571,185.26705139675198,186.5487756327695,25687800,MICROSOFT,132.0489959716797,132.75,131.59100341796875,132.375,59186000,AMAZON,447.7699890136719,450.4599914550781,439.2200012207031,441.82000732421875,6529600,NETFLIX,199.8300018310547,199.99000549316406,186.35000610351562,187.0,3151700,SPOTIFY
2020-06-18,85.37956237792969,85.79707850372552,84.77027818647716,85.3018832364117,96820400,APPLE,71.31001281738281,72.07726909661999,70.86555976068996,71.96553068536086,31638000,GOOGLE,187.78265380859375,187.94525927984577,185.56353646984135,185.56353646984135,23061600,MICROSOFT,132.69900512695312,132.98199462890625,131.8054962158203,132.35049438476562,49756000,AMAZON,449.8699951171875,452.760009765625,442.79998779296875,448.7300109863281,4277600,NETFLIX,225.27999877929688,229.5399932861328,206.5399932861328,209.7899932861328,12353200,SPOTIFY
2020-06-19,84.89164733886719,86.5520000635857,83.78231573429939,86.08594003974744,264476000,APPLE,71.09944915771484,71.89798545037623,70.58447197958613,71.70927440074308,63158000,GOOGLE,186.66355895996094,190.623523317294,185.91747977634992,189.9539669467757,44441100,MICROSOFT,133.75050354003906,134.8715057373047,132.9499969482422,133.9040069580078,115540000,AMAZON,453.7200012207031,453.9700012207031,445.6000061035156,449.1199951171875,5934500,NETFLIX,231.2899932861328,242.25,228.7100067138672,234.5,12863200,SPOTIFY
2020-06-22,87.11272430419922,87.25594103734062,85.23875783411975,85.28487935589797,135445200,APPLE,72.09961700439453,72.1438092212804,70.67685040036336,70.96438017912446,30848000,GOOGLE,191.8478546142578,192.02957985760585,186.74006316475052,187.27570820778914,32818900,MICROSOFT,135.6909942626953,135.75,133.4499969482422,134.22500610351562,64176000,AMAZON,468.0400085449219,468.5899963378906,454.2099914550781,455.010009765625,6272100,NETFLIX,236.05999755859375,238.25999450683594,227.07000732421875,228.3300018310547,6346100,SPOTIFY
2020-06-23,88.9721450805664,90.3921859871706,87.93806271848383,88.35800866828109,212155600,APPLE,72.72283935546875,73.2954740398959,71.77085787242056,72.28732025413952,28596000,GOOGLE,193.1295928955078,195.08087349436173,192.6704560291143,193.30175827397997,30917400,MICROSOFT,138.2205047607422,139.15550231933594,135.90199279785156,136.30099487304688,84634000,AMAZON,466.260009765625,474.010009765625,464.5,466.5,5948400,NETFLIX,241.75999450683594,257.2300109863281,240.5,242.41000366210938,8055100,SPOTIFY
2020-06-24,87.40162658691406,89.52076552348126,87.02780207795284,88.60077187283817,192623200,APPLE,71.11186218261719,73.26959673401689,71.00161656714448,72.57882069771837,35120000,GOOGLE,189.236572265625,194.4113122975322,188.0122365095495,192.83307131992606,36740600,MICROSOFT,136.72000122070312,139.8000030517578,136.0500030517578,139.0,90532000,AMAZON,457.8500061035156,472.3599853515625,454.0,468.5400085449219,4826200,NETFLIX,242.86000061035156,247.60699462890625,235.11000061035156,242.67999267578125,4949700,SPOTIFY
2020-06-25,88.56192779541016,88.60076737690606,86.7971973695663,87.55698047781466,137522400,APPLE,71.5766830444336,71.6546483512698,70.51743391312633,71.00907227184344,24610000,GOOGLE,191.62783813476562,191.88610076811207,186.9696238336156,189.19830119159062,27803900,MICROSOFT,137.72900390625,137.81149291992188,135.60699462890625,136.9774932861328,59374000,AMAZON,465.9100036621094,467.010009765625,454.0,458.8599853515625,4134500,NETFLIX,267.4700012207031,268.29998779296875,241.4499969482422,241.9199981689453,8578300,SPOTIFY
2020-06-26,85.84078216552734,88.67843434218518,85.6927058184488,88.45753841975109,205256800,APPLE,67.5328598022461,71.1853627454788,67.14004772285006,71.08306595981846,85354000,GOOGLE,187.792236328125,191.19742094899755,186.40529512178978,191.04437533575467,54675800,MICROSOFT,134.64349365234375,139.1284942626953,134.39999389648438,138.7530059814453,130016000,AMAZON,443.3999938964844,468.0299987792969,442.239990234375,466.3900146484375,6804700,NETFLIX,264.95001220703125,271.7099914550781,254.85000610351562,266.6000061035156,6497100,SPOTIFY
2020-06-29,87.81912231445312,87.91379516599585,85.27033358259102,85.74853519336081,130646000,APPLE,69.2744369506836,69.30572461242006,66.89274042358561,67.44743906783222,36204000,GOOGLE,189.8105010986328,189.89658379255488,185.1331516574825,187.26617222432603,26701600,MICROSOFT,134.0189971923828,134.83999633789062,131.50399780273438,134.50050354003906,84468000,AMAZON,447.239990234375,447.6700134277344,432.1400146484375,445.2300109863281,4844000,NETFLIX,265.1400146484375,270.989990234375,255.55999755859375,257.3699951171875,4766700,SPOTIFY
2020-06-30,88.55220031738281,88.83864125404429,87.38704271105858,87.40645879441105,140223200,APPLE,70.2000961303711,70.45038982710655,68.72767418167281,69.04947711567303,40848000,GOOGLE,194.66000366210938,195.5112998594685,189.1409327916418,189.27484406104995,34310300,MICROSOFT,137.9409942626953,138.48150634765625,133.75149536132812,134.2534942626953,75394000,AMAZON,455.0400085449219,457.5899963378906,447.0,450.0199890136719,4198500,NETFLIX,258.19000244140625,265.7799987792969,253.63999938964844,263.3399963378906,3515200,SPOTIFY
2020-07-01,88.38471221923828,89.17362306010735,88.33616830453525,88.62988380492604,110737200,APPLE,71.41329193115234,71.6596073987426,70.01187922203576,70.07544719279852,35504000,GOOGLE,195.79824829101562,197.3765038214657,192.99567163260693,194.3060900405778,32061200,MICROSOFT,143.93499755859375,144.75,137.6999969482422,137.89950561523438,127268000,AMAZON,485.6400146484375,488.2300109863281,454.0,454.0,9705900,NETFLIX,258.8999938964844,261.0899963378906,254.32000732421875,256.0,3404200,SPOTIFY
2020-07-02,88.38471221923828,89.92855390147346,88.27063068613485,89.29257157809708,114041600,APPLE,72.73723602294922,73.64353241578827,71.82944685493406,71.855271107727,37182000,GOOGLE,197.2904052734375,198.97387782843097,196.08520390857598,196.73562587192674,29315800,MICROSOFT,144.51499938964844,147.7779998779297,143.55499267578125,145.60049438476562,131868000,AMAZON,476.8900146484375,492.2799987792969,475.5299987792969,485.6400146484375,6351500,NETFLIX,271.489990234375,274.29998779296875,263.2080078125,264.5,4247000,SPOTIFY
2020-07-06,90.74900817871094,91.21749799617754,89.78289331003914,89.81445092400466,118655600,APPLE,74.27671813964844,74.81751204349781,73.1424740036534,73.50002782535272,31280000,GOOGLE,201.53732299804688,201.94863125270484,199.04082302817392,199.7486480317631,31897600,MICROSOFT,152.8520050048828,152.99400329589844,146.5,146.74850463867188,137612000,AMAZON,493.80999755859375,499.5,479.79998779296875,480.7699890136719,7839000,NETFLIX,260.260009765625,272.6700134277344,257.510009765625,269.79998779296875,5167600,SPOTIFY
2020-07-07,90.4674301147461,91.90688702119085,90.3557709756679,91.12768802006694,112424400,APPLE,73.75428771972656,75.32453585801346,73.67333686045679,73.99364705161962,29164000,GOOGLE,199.19386291503906,205.33467556896318,198.94517475103743,201.29818891994498,33600700,MICROSOFT,150.00599670410156,153.4774932861328,149.5,152.92750549316406,105150000,AMAZON,493.1600036621094,504.82000732421875,490.8299865722656,497.30999755859375,5669900,NETFLIX,261.989990234375,267.75,255.50100708007812,260.1000061035156,2283600,SPOTIFY
2020-07-08,92.57442474365234,92.60598235802769,91.35828614347145,91.4456770300409,117092000,APPLE,74.2916030883789,74.78224116974226,73.77662595131834,74.20817438251765,24994000,GOOGLE,203.57467651367188,203.98597012417,199.61471302514312,200.93470571972972,33600000,MICROSOFT,154.0554962158203,154.19850158691406,150.6215057373047,151.1304931640625,100752000,AMAZON,502.7799987792969,505.1000061035156,493.80999755859375,498.5799865722656,5691700,NETFLIX,269.260009765625,277.614990234375,262.70001220703125,266.57000732421875,3787800,SPOTIFY
2020-07-09,92.97252655029297,93.52111790635368,91.92388033894679,93.46771442129742,125642800,APPLE,75.03600311279297,75.61851883856808,73.89853874777877,74.81054859775554,28466000,GOOGLE,204.9999237060547,206.97033863660073,202.27385514588218,206.92251005576313,33121700,MICROSOFT,159.13150024414062,159.69400024414062,153.6999969482422,155.79949951171875,127774000,AMAZON,507.760009765625,510.0,495.7799987792969,508.3999938964844,5840500,NETFLIX,274.7900085449219,279.760009765625,268.67999267578125,272.7699890136719,2640400,SPOTIFY
2020-07-10,93.13518524169922,93.19344831932051,91.9554634823418,92.56717023816866,90257200,APPLE,76.56304931640625,76.66683886384615,74.31841565051266,74.79564903722256,37126000,GOOGLE,204.3781280517578,204.77030187903526,201.90076291984792,204.33029948339205,26177600,MICROSOFT,160.0,160.75,156.78500366210938,159.58799743652344,109720000,AMAZON,548.72998046875,555.8800048828125,511.2799987792969,519.72998046875,21605600,NETFLIX,278.239990234375,278.92999267578125,273.5199890136719,275.45001220703125,1772300,SPOTIFY
2020-07-13,92.70552825927734,97.0530350925637,92.49191427496272,94.44113076999513,191649200,APPLE,75.05339813232422,78.32063642081529,74.75062236130547,76.97325885502242,36928000,GOOGLE,198.065185546875,206.4155412837689,197.51996604409257,205.15293691641955,38135600,MICROSOFT,155.1999969482422,167.21449279785156,153.41949462890625,162.55299377441406,154408000,AMAZON,525.5,575.3699951171875,520.9600219726562,567.97998046875,18399000,NETFLIX,261.19000244140625,285.3999938964844,258.010009765625,281.3999938964844,2834600,SPOTIFY
2020-07-14,94.23966217041016,94.4314228800724,91.15198583441334,92.08653594212218,170989200,APPLE,75.51224517822266,75.62993951455526,73.67085014930329,74.00903571655309,31700000,GOOGLE,199.28956604003906,199.767822723989,193.24439454919855,197.16610519568243,37591800,MICROSOFT,154.1999969482422,156.36900329589844,147.5,154.4499969482422,144638000,AMAZON,524.8800048828125,525.5,490.489990234375,517.0800170898438,15083300,NETFLIX,262.79998779296875,262.8999938964844,243.11000061035156,246.30999755859375,3861300,SPOTIFY
2020-07-15,94.88776397705078,96.36606058527201,93.6886189450088,96.11603683855265,153198000,APPLE,75.16761016845703,76.24474228245276,74.39092750376717,75.63888767287392,32214000,GOOGLE,198.99301147460938,202.1399482620508,196.11391182662243,200.44691571125904,32179400,MICROSOFT,150.44349670410156,154.91749572753906,148.65899658203125,154.01150512695312,115778000,AMAZON,523.260009765625,529.0,510.17999267578125,516.2999877929688,10066700,NETFLIX,258.5,265.7200012207031,254.0,265.0,1779400,SPOTIFY
2020-07-16,93.72017669677734,94.57705491810681,93.1206041798998,93.75901627207651,110577600,APPLE,75.38411712646484,75.41838275480134,73.81038365555855,74.49023281715137,30386000,GOOGLE,195.05218505859375,196.754777518485,193.51219810383432,196.46782061727353,29940700,MICROSOFT,149.9949951171875,151.60000610351562,145.9114990234375,148.55299377441406,127884000,AMAZON,527.3900146484375,535.5399780273438,504.3599853515625,526.47998046875,24499000,NETFLIX,268.67999267578125,272.3500061035156,258.2699890136719,259.2699890136719,2794400,SPOTIFY
2020-07-17,93.53083801269531,94.32703078332698,93.05748856156698,94.17167989066034,92186800,APPLE,75.26245880126953,75.65427822729781,74.41178145493603,75.56390091055303,29134000,GOOGLE,194.05743408203125,196.12349183591095,192.63222392916987,195.57828681322627,31635300,MICROSOFT,148.09849548339844,151.1999969482422,147.42250061035156,150.4499969482422,95226000,AMAZON,492.989990234375,503.5899963378906,484.1400146484375,494.8699951171875,24991400,NETFLIX,263.2300109863281,269.0400085449219,261.7200012207031,267.0799865722656,1658000,SPOTIFY
2020-07-20,95.50190734863281,95.64027195651475,93.27353933830152,93.61823596370867,90318000,APPLE,77.75390625,77.98085353745901,74.66901442370828,75.24805205212832,31146000,GOOGLE,202.398193359375,203.06774966180717,194.1817341062807,196.0852005759111,36884800,MICROSOFT,159.8419952392578,160.0679931640625,149.7010040283203,150.00999450683594,151964000,AMAZON,502.4100036621094,504.5,484.20001220703125,489.1400146484375,11940300,NETFLIX,291.19000244140625,292.760009765625,265.20001220703125,265.5299987792969,4110500,SPOTIFY
2020-07-21,94.18380737304688,96.36848331726704,93.9337836446351,96.2932339607085,103433200,APPLE,77.3913803100586,78.81017592050215,77.1857865305035,78.81017592050215,24324000,GOOGLE,199.67214965820312,204.63645597775718,198.98345892050577,204.36863342367872,37990400,MICROSOFT,156.9145050048828,162.0290069580078,155.28599548339844,161.62449645996094,122426000,AMAZON,490.1000061035156,506.2200012207031,488.6099853515625,506.0,9113700,NETFLIX,276.3800048828125,289.8139953613281,276.30999755859375,288.4100036621094,2548200,SPOTIFY
2020-07-22,94.44839477539062,95.13049855916786,93.79784860710124,93.88523208886058,89001600,APPLE,77.89147186279297,77.96645919704694,76.77958155441006,77.49468914416514,18640000,GOOGLE,202.5416717529297,203.0677569362697,199.32778679089205,200.10256015397763,49605700,MICROSOFT,154.99549865722656,157.5,153.26300048828125,156.25,82084000,AMAZON,489.82000732421875,497.20001220703125,487.20001220703125,492.19000244140625,6954100,NETFLIX,289.6199951171875,299.6700134277344,286.92999267578125,290.6700134277344,5062900,SPOTIFY
2020-07-23,90.14945220947266,94.25906916667438,89.33869547436655,94.18139001162552,197004400,APPLE,75.26891326904297,78.05931949471388,74.85733162804239,77.81598954302726,32552000,GOOGLE,193.732177734375,201.7477630468443,193.35913816897454,198.17997288593918,67457000,MICROSOFT,149.32749938964844,154.9134979248047,148.5,154.9134979248047,113138000,AMAZON,477.5799865722656,491.8999938964844,472.0199890136719,491.1300048828125,7722000,NETFLIX,267.5400085449219,288.989990234375,266.9599914550781,287.54998779296875,2812900,SPOTIFY
2020-07-24,89.92613220214844,90.27082884463798,86.55687456880528,88.34588799765626,185438800,APPLE,75.0797119140625,75.3660519890377,73.91418778068258,74.43711380413019,30880000,GOOGLE,192.546142578125,194.03830108674305,188.92094876491274,191.70440614957712,39827000,MICROSOFT,150.44549560546875,151.57899475097656,144.39999389648438,146.5,112648000,AMAZON,480.45001220703125,487.1700134277344,467.5400085449219,468.7699890136719,7746200,NETFLIX,268.739990234375,270.81500244140625,257.0299987792969,266.1700134277344,2406600,SPOTIFY
2020-07-27,92.05738830566406,92.14963136535167,90.76600769371073,90.98932597811024,121214000,APPLE,75.989990234375,76.52482817588071,75.2455802639069,75.26494845662585,24920000,GOOGLE,194.9852294921875,195.1000064103244,192.12524965499563,192.7087233142477,30160900,MICROSOFT,152.760498046875,154.89999389648438,150.7884979248047,153.10000610351562,83410000,AMAZON,495.6499938964844,496.9200134277344,482.30999755859375,484.510009765625,7863100,NETFLIX,272.5,275.75,269.20001220703125,275.75,1562100,SPOTIFY
2020-07-28,90.54509735107422,91.80492755403503,90.5402377753028,91.6277234198458,103625600,APPLE,74.50712585449219,75.80524170279428,74.37404153040482,75.7406886448372,34044000,GOOGLE,193.23480224609375,195.79825063622013,192.96697971563972,194.75565474300754,23251400,MICROSOFT,150.01649475097656,153.85450744628906,149.78799438476562,152.7135009765625,62534000,AMAZON,488.510009765625,497.7900085449219,487.760009765625,496.0199890136719,5986700,NETFLIX,267.1199951171875,275.8500061035156,266.8599853515625,270.0,1860900,SPOTIFY
2020-07-29,92.28073120117188,92.4652173549395,90.9917727293096,91.0281825207394,90329200,APPLE,75.5837631225586,76.04222701977507,74.5562941759085,74.80410246360779,22130000,GOOGLE,195.1860809326172,195.75042021682404,193.22522595682696,193.6939226783325,19632600,MICROSOFT,151.67649841308594,151.95799255371094,149.8385009765625,151.54949951171875,59482000,AMAZON,484.4800109863281,494.9200134277344,484.1300048828125,492.25,6611800,NETFLIX,262.2099914550781,268.5849914550781,251.02000427246094,254.8800048828125,3970600,SPOTIFY
2020-07-30,93.39732360839844,93.50170078916014,91.04515531955397,91.45295970570953,158130000,APPLE,76.05206298828125,76.37088040383222,74.10389262408187,74.34126664032823,33428000,GOOGLE,195.03306579589844,195.56872553071244,190.89137584335845,192.25918292512267,25079600,MICROSOFT,152.593994140625,154.60000610351562,150.25,150.6999969482422,122566000,AMAZON,485.79998779296875,488.3500061035156,477.510009765625,480.7099914550781,6608600,NETFLIX,261.7900085449219,264.32000732421875,251.8300018310547,252.0,2667400,SPOTIFY
2020-07-31,103.17496490478516,103.32546361824967,97.89775374108596,99.89795098088912,374336800,APPLE,73.64403533935547,74.93470244537478,72.20736420699416,74.7390428043027,68798000,GOOGLE,196.09474182128906,196.18083909110405,190.3556633253453,195.51126825705887,51044000,MICROSOFT,158.23399353027344,162.34100341796875,157.5500030517578,162.1999969482422,161710000,AMAZON,488.8800048828125,494.79998779296875,484.5,488.2900085449219,5916300,NETFLIX,257.82000732421875,265.07501220703125,255.08999633789062,264.6300048828125,1809700,SPOTIFY
2020-08-03,105.77472686767578,108.39633503514682,104.76006804130827,105.05863567902395,308151200,APPLE,73.22142791748047,74.01697860344038,72.78391595891422,73.8267823694175,46604000,GOOGLE,207.12335205078125,208.17552235881027,201.2886305655481,202.32166652382227,78983000,MICROSOFT,155.59449768066406,159.1999969482422,155.1999969482422,159.02549743652344,101494000,AMAZON,498.6199951171875,503.0899963378906,490.2300109863281,490.8599853515625,5873100,NETFLIX,254.42999267578125,259.79998779296875,251.50999450683594,259.0,1829800,SPOTIFY
2020-08-04,106.48110961914062,107.57344762416928,105.24069527688243,105.96406844483113,173071600,APPLE,72.75064086914062,73.7731464020745,72.43679435950993,73.32670053776644,38070000,GOOGLE,204.0146942138672,205.43034425987676,201.1642889616296,204.85643050119904,49280100,MICROSOFT,156.94149780273438,158.36199951171875,155.0605010986328,155.0605010986328,93886000,AMAZON,509.6400146484375,510.44000244140625,498.6499938964844,498.6499938964844,5608000,NETFLIX,250.02000427246094,259.1919860839844,250.00999450683594,256.9599914550781,1707200,SPOTIFY
2020-08-05,106.86707305908203,107.18749399981073,105.73589542861245,106.20196292493524,121776800,APPLE,73.1797103881836,73.61672225544746,72.6756600275489,72.96567520295099,39590000,GOOGLE,203.6798858642578,205.65030036038084,202.3694676905747,205.55464321979545,28806400,MICROSOFT,160.25149536132812,160.67950439453125,156.36500549316406,157.18850708007812,78330000,AMAZON,502.1099853515625,510.1000061035156,501.20001220703125,508.67999267578125,4308200,NETFLIX,249.25,251.97999572753906,246.0,249.83999633789062,1649400,SPOTIFY
2020-08-06,110.59559631347656,111.0907916971689,106.60977980419932,107.19964064495335,202428800,APPLE,74.49520874023438,74.60893245480757,72.80180291922724,73.08734734461783,39908000,GOOGLE,206.94161987304688,206.9607396269282,202.35035396639807,203.10599291120556,32656800,MICROSOFT,161.25,162.37350463867188,158.27149963378906,159.71800231933594,78812000,AMAZON,509.0799865722656,510.82000732421875,498.70001220703125,504.1099853515625,3725900,NETFLIX,255.32000732421875,256.3599853515625,249.5,252.52999877929688,1341300,SPOTIFY
2020-08-07,108.08110809326172,110.57369742283494,107.2834798046482,110.11651887547455,198045600,APPLE,74.21662902832031,75.32677659754627,73.57849403364577,74.49025401534976,31556000,GOOGLE,203.2399444580078,206.31991849043197,201.75734590528123,205.50689093232924,27820400,MICROSOFT,158.3730010986328,162.04049682617188,157.0334930419922,161.20050048828125,78722000,AMAZON,494.7300109863281,508.2900085449219,486.67999267578125,505.45001220703125,5910300,NETFLIX,252.1199951171875,256.19000244140625,248.6280059814453,256.0199890136719,1239200,SPOTIFY
2020-08-10,109.65203857421875,110.67096098800363,106.99895008053579,109.52801468909898,212403600,APPLE,74.29656982421875,74.69260992541598,73.15339190731413,73.85360202098929,25786000,GOOGLE,199.19386291503906,202.66601031003486,197.37649377335492,202.4651361272099,36716500,MICROSOFT,157.4080047607422,158.62550354003906,155.0760040283203,158.5155029296875,63346000,AMAZON,483.3800048828125,497.4599914550781,478.6300048828125,493.3500061035156,4691200,NETFLIX,248.99000549316406,252.9499969482422,241.27000427246094,251.49000549316406,1389600,SPOTIFY
2020-08-11,106.3910140991211,109.41373301574056,106.13081029496767,108.91521808960395,187902400,APPLE,73.51293182373047,74.98684662304764,73.39772291210686,74.11481579178248,29088000,GOOGLE,194.53564453125,198.6199450768943,194.30607612637849,198.15126298539235,36446500,MICROSOFT,154.0334930419922,157.96099853515625,153.64999389648438,155.66000366210938,74362000,AMAZON,466.92999267578125,480.9200134277344,466.54998779296875,479.75,7329200,NETFLIX,253.72000122070312,262.1400146484375,243.51100158691406,246.61000061035156,2621000,SPOTIFY
2020-08-12,109.92684173583984,110.18461136167227,107.2883431931704,107.48288378658236,165598000,APPLE,74.81900787353516,75.1053479821688,73.75776571850581,73.7741559390778,28740000,GOOGLE,200.09300231933594,201.1355982236345,195.8460812980744,196.36259201366113,28013100,MICROSOFT,158.11199951171875,158.71949768066406,155.0709991455078,155.39999389648438,70442000,AMAZON,475.4700012207031,482.489990234375,470.17999267578125,471.3399963378906,5439200,NETFLIX,253.2899932861328,265.9700012207031,251.69000244140625,255.36000061035156,2030100,SPOTIFY
2020-08-13,111.87225341796875,112.87658552884065,110.819282458527,111.30807542804246,210082000,APPLE,75.40647888183594,76.34009241770399,74.887781120674,75.00373263620752,29104000,GOOGLE,199.62432861328125,202.15909768935222,199.09824336389028,200.33215373021045,22588900,MICROSOFT,158.05099487304688,160.87600708007812,157.75,159.14950561523438,62980000,AMAZON,481.3299865722656,484.45001220703125,476.45001220703125,478.3999938964844,3008900,NETFLIX,253.66000366210938,254.69000244140625,247.3000030517578,249.4199981689453,1388600,SPOTIFY
2020-08-14,111.7725830078125,111.86255822594228,109.9608929550016,111.69719796444708,165565200,APPLE,74.87411499023438,75.57780319699117,74.63326289685403,75.26791971865897,27096000,GOOGLE,199.8156280517578,200.47562458222757,198.48607511183866,199.68171676986793,17958900,MICROSOFT,157.4010009765625,158.91200256347656,156.0,158.90899658203125,55034000,AMAZON,482.67999267578125,488.3299865722656,480.2099914550781,482.82000732421875,2943500,NETFLIX,251.32000732421875,258.5899963378906,249.66000366210938,255.97999572753906,983900,SPOTIFY
2020-08-17,111.48075866699219,112.92038434329335,110.85335892216301,112.89606491291276,119561600,APPLE,75.38313293457031,75.76204020386658,74.88603120910088,75.21875337707803,27566000,GOOGLE,201.13558959960938,202.00602009313567,199.83473109567723,200.4851676452597,20184800,MICROSOFT,159.12049865722656,159.74850463867188,157.70899963378906,158.656005859375,53824000,AMAZON,482.3500061035156,486.239990234375,479.1000061035156,484.19000244140625,2423500,NETFLIX,259.9100036621094,260.9800109863281,250.86000061035156,254.30999755859375,1345400,SPOTIFY
2020-08-18,112.4096908569336,112.83525485693279,110.89711451437223,111.23270331319974,105633600,APPLE,77.40032958984375,77.59251114525708,75.66768730796404,75.79034493896614,40542000,GOOGLE,202.29296875,203.12513050933927,200.11211996362437,201.37470971588974,21336200,MICROSOFT,165.62449645996094,166.0,160.29100036621094,160.60000610351562,106920000,AMAZON,491.8699951171875,495.29998779296875,482.79998779296875,484.3500061035156,3505500,NETFLIX,256.79998779296875,260.6700134277344,253.6199951171875,258.9599914550781,989100,SPOTIFY
2020-08-19,112.55075073242188,113.96605702763473,112.4559145982573,112.81824963342837,145538000,APPLE,76.85059356689453,78.14920195520233,76.67280933802655,77.13762318096366,33212000,GOOGLE,201.06565856933594,203.3668480228417,200.63419011883883,202.78196401600835,27627600,MICROSOFT,163.0240020751953,165.7949981689453,162.8000030517578,165.15049743652344,83702000,AMAZON,484.5299987792969,494.5,483.5,493.92999267578125,3156200,NETFLIX,261.7200012207031,264.5,256.9200134277344,259.9800109863281,1372000,SPOTIFY
2020-08-20,115.04820251464844,115.16249715621257,112.5750641732495,112.59208851632775,126907200,APPLE,78.54996490478516,78.75456605084094,76.38726691231699,76.64797973892323,34138000,GOOGLE,205.7447509765625,206.14745587889678,200.3082128492784,200.91226288752276,26981500,MICROSOFT,164.86849975585938,165.63099670410156,161.89999389648438,162.60000610351562,66650000,AMAZON,497.8999938964844,498.94000244140625,483.8900146484375,484.69000244140625,5132500,NETFLIX,269.3299865722656,270.8900146484375,258.63800048828125,260.0,1730700,SPOTIFY
2020-08-21,120.97691345214844,121.46083817482683,115.99659572706068,116.00875173086001,338054800,APPLE,78.4839096069336,79.34302820770624,77.86737832885545,78.31555943050128,28930000,GOOGLE,204.24900817871094,207.3460103876092,204.08600960250743,205.05441807189857,36249300,MICROSOFT,164.23599243164062,165.72000122070312,163.76950073242188,164.75,71518000,AMAZON,492.30999755859375,498.1300048828125,490.0,496.4599914550781,3921300,NETFLIX,270.9800109863281,276.87701416015625,268.6300048828125,271.0299987792969,1612100,SPOTIFY
2020-08-24,122.42383575439453,125.27147262052793,120.55621925237116,125.18635090264807,345937600,APPLE,78.87027740478516,80.15995194578811,78.49137010472516,79.1573070347942,28198000,GOOGLE,204.8914337158203,206.64608622451775,203.68330416167504,205.9461330404277,25460100,MICROSOFT,165.3730010986328,169.01600646972656,162.8780059814453,165.50750732421875,93326000,AMAZON,488.80999755859375,501.0,483.1600036621094,495.44000244140625,4762200,NETFLIX,269.1300048828125,279.239990234375,266.1080017089844,276.80999755859375,1250000,SPOTIFY
2020-08-25,121.41947937011719,121.76479740598619,119.69533820222341,121.29546291447672,211495600,APPLE,79.86446380615234,80.03330652773612,78.56584792351784,78.56584792351784,44942000,GOOGLE,207.5569305419922,207.6911655095596,204.32569370307428,204.32569370307428,23043700,MICROSOFT,167.32449340820312,167.8699951171875,163.35000610351562,164.74949645996094,79856000,AMAZON,490.5799865722656,492.4700012207031,485.0899963378906,488.19000244140625,5727700,NETFLIX,268.69000244140625,269.2699890136719,257.4800109863281,267.7799987792969,1266000,SPOTIFY
2020-08-26,123.07069396972656,123.52787254916589,121.66997788314622,122.73753929165063,163022400,APPLE,82.0574722290039,82.39714305203891,79.63504624716423,79.85355220025033,79868000,GOOGLE,212.0442352294922,212.94553346283124,208.41029333456672,208.90888664821458,39600800,MICROSOFT,172.09249877929688,172.58700561523438,167.22850036621094,167.5554962158203,130174000,AMAZON,547.530029296875,549.0399780273438,492.0799865722656,492.5,20373700,NETFLIX,278.2900085449219,280.0,268.760009765625,268.760009765625,1314400,SPOTIFY
2020-08-27,121.59945678710938,124.00693190797273,120.45407621046918,123.67377724193759,155552400,APPLE,81.16110229492188,82.18757864182183,80.73501720167734,82.12202534035183,37232000,GOOGLE,217.2506561279297,221.632480502061,210.3662822988915,213.7125881385627,57602200,MICROSOFT,170.0,172.64999389648438,168.89999389648438,172.50250244140625,85296000,AMAZON,526.27001953125,541.0,521.25,537.780029296875,9062900,NETFLIX,272.010009765625,278.989990234375,268.1400146484375,278.9800109863281,1243900,SPOTIFY
2020-08-28,121.4024887084961,122.99287708889368,121.17876033216808,122.57460810630094,187630000,APPLE,81.66166687011719,81.79872940677315,80.983310368209,81.11938024717467,29980000,GOOGLE,219.48475646972656,221.1435205467787,217.25069122014523,218.78480329602883,26292900,MICROSOFT,170.08999633789062,171.6685028076172,169.3249969482422,171.14999389648438,57940000,AMAZON,523.8900146484375,539.0,522.0,532.0,4417500,NETFLIX,279.3599853515625,284.614990234375,274.05999755859375,276.1000061035156,1378000,SPOTIFY
2020-08-31,125.51950073242188,127.42603418683149,122.56244509573105,124.09934102961832,225702700,APPLE,81.15364837646484,81.83821090436959,80.96146681070046,81.83449033230153,36468000,GOOGLE,216.24388122558594,219.28335584643918,215.0741131215965,217.65335566841725,28774200,MICROSOFT,172.54800415039062,174.75,170.25,170.44949340820312,83718000,AMAZON,529.5599975585938,531.989990234375,517.5800170898438,521.1599731445312,4941400,NETFLIX,282.1600036621094,284.90899658203125,278.8299865722656,280.2799987792969,882100,SPOTIFY
2020-09-01,130.51927185058594,131.12236700060433,126.96885769324331,129.13801430731166,151948100,APPLE,82.47113037109375,82.72042384830421,81.05631278645836,81.2753112601159,36506000,GOOGLE,217.91229248046875,218.08487406128378,215.18921672885457,216.2247501052965,25725500,MICROSOFT,174.95599365234375,175.69349670410156,173.35000610351562,174.47900390625,68644000,AMAZON,556.5499877929688,557.3900146484375,532.4500122070312,532.5999755859375,9572700,NETFLIX,291.75,293.0,282.0899963378906,284.6499938964844,1233300,SPOTIFY
2020-09-02,127.81512451171875,134.21560999413165,123.53517174267225,133.83625061161388,200119000,APPLE,85.82666778564453,86.06999773421208,82.75021705698761,83.11994036448972,50224000,GOOGLE,222.11192321777344,223.27210852062112,217.9889852351546,218.58345236872887,34080800,MICROSOFT,176.57249450683594,177.6125030517578,174.33450317382812,177.35000610351562,78630000,AMAZON,552.8400268554688,556.5,537.3699951171875,553.780029296875,5886900,NETFLIX,276.2900085449219,294.6700134277344,266.0799865722656,291.8500061035156,2455700,SPOTIFY
2020-09-03,117.58212280273438,125.32495545599747,117.21249271726687,123.44761726135523,257599600,APPLE,81.53404235839844,84.90467580647075,80.20413874830675,84.90467580647075,62156000,GOOGLE,208.352783203125,219.86827214289042,206.10913505384954,219.82992556047816,58400300,MICROSOFT,168.39999389648438,174.42050170898438,165.14999389648438,174.25,163222000,AMAZON,525.75,554.0,521.3200073242188,545.0,9071100,NETFLIX,261.6600036621094,274.9700012207031,258.69000244140625,268.0,1845500,SPOTIFY
2020-09-04,117.65995025634766,120.32519508764499,107.86468180279036,116.79423196346733,332607200,APPLE,79.01131439208984,81.69643848183921,76.85472372878253,80.66102066120379,52172000,GOOGLE,205.4283447265625,209.36911775904642,196.74138882603222,206.24335217978393,59664100,MICROSOFT,164.7310028076172,169.0749969482422,155.55650329589844,165.89999389648438,175636000,AMAZON,516.0499877929688,527.3599853515625,485.9800109863281,520.1799926757812,8270100,NETFLIX,248.2100067138672,260.44000244140625,238.66000366210938,259.30999755859375,2062800,SPOTIFY
2020-09-08,109.74202728271484,115.74369462203643,109.60584737773415,110.84119577898701,231366600,APPLE,76.0987319946289,77.66178886886009,75.88121873526735,76.15435113149405,52218000,GOOGLE,194.31552124023438,201.3820583805474,193.87445520468776,197.99740654801263,52924300,MICROSOFT,157.49200439453125,162.54249572753906,156.5,157.1999969482422,121884000,AMAZON,507.0199890136719,522.0,495.0,498.3999938964844,5572700,NETFLIX,240.02000427246094,247.33999633789062,237.11900329589844,240.66000366210938,1469800,SPOTIFY
2020-09-09,114.1192398071289,115.88958571714265,112.1154437280054,114.06087912016324,176940500,APPLE,77.31887817382812,77.91678386173012,76.28053562890037,77.34718785825879,35494000,GOOGLE,202.59019470214844,205.99402750209978,198.18919001038276,199.0521415736101,45679000,MICROSOFT,163.4304962158203,165.15899658203125,159.25,160.14950561523438,103774000,AMAZON,500.19000244140625,520.0,492.57000732421875,519.2100219726562,6848100,NETFLIX,244.92999267578125,250.9600067138672,243.0050048828125,247.99000549316406,1057100,SPOTIFY
2020-09-10,110.39375305175781,117.21250764939418,109.43076440296137,117.0763277362815,182274400,APPLE,76.0803451538086,78.6657025964442,75.77171203285572,77.50161848301077,32372000,GOOGLE,196.91400146484375,205.8982069513746,195.7058865207731,204.61336957597842,35461500,MICROSOFT,158.7554931640625,167.4945068359375,158.52749633789062,165.36099243164062,106614000,AMAZON,480.6700134277344,506.2900085449219,478.8399963378906,503.3500061035156,6240200,NETFLIX,247.77999877929688,265.88800048828125,247.35000610351562,260.0299987792969,3026300,SPOTIFY
2020-09-11,108.94439697265625,112.08627882927041,106.99896131243025,111.44428149919675,180860300,APPLE,75.51920318603516,78.22468778948516,74.3591349740814,76.27801038608244,31942000,GOOGLE,195.62913513183594,200.03973759723792,192.95401884082327,198.66860973787706,33620100,MICROSOFT,155.81100463867188,160.86700439453125,154.19900512695312,160.4344940185547,101880000,AMAZON,482.0299987792969,493.7300109863281,476.80999755859375,486.489990234375,5035200,NETFLIX,241.60000610351562,251.4499969482422,237.50999450683594,249.63999938964844,1371600,SPOTIFY
2020-09-14,112.21272277832031,112.76717161154352,109.72256765665087,111.59018399790295,140150100,APPLE,75.44769287109375,77.6684955246879,75.27190152356143,76.42724145058008,33932000,GOOGLE,196.9523162841797,200.5862578795132,195.62913263534196,195.83049239384434,30375800,MICROSOFT,155.14849853515625,159.3695068359375,154.8000030517578,158.64700317382812,90592000,AMAZON,476.260009765625,488.989990234375,471.29998779296875,480.6199951171875,7359100,NETFLIX,238.5500030517578,248.07000732421875,238.3300018310547,246.25999450683594,1185700,SPOTIFY
2020-09-15,112.38780975341797,115.58805204226122,110.51046419860256,115.10169316714062,184642000,APPLE,76.54814910888672,77.44848949090392,76.07116579819181,76.2780022868049,26622000,GOOGLE,200.18353271484375,201.1423579561757,198.4097001661748,199.83835504274376,21823900,MICROSOFT,157.80650329589844,158.75100708007812,155.4459991455078,156.80799865722656,80430000,AMAZON,495.989990234375,497.4700012207031,481.6300048828125,484.0,5337000,NETFLIX,237.91000366210938,244.58999633789062,237.00999450683594,242.5,1232700,SPOTIFY
2020-09-16,109.07084655761719,112.83526719517445,108.98330551595791,112.08627773862457,154679000,APPLE,75.52814483642578,77.5691779671439,75.47451100832949,77.24837523384565,26234000,GOOGLE,196.607177734375,201.97659192083626,196.21405575598746,201.94782832539485,26328100,MICROSOFT,153.90499877929688,159.36199951171875,153.70750427246094,158.99949645996094,90244000,AMAZON,483.8599853515625,504.6600036621094,483.30999755859375,499.989990234375,4394900,NETFLIX,234.85000610351562,241.11000061035156,220.6999969482422,232.0,5339100,SPOTIFY
2020-09-17,107.32966613769531,109.13892163117578,105.74413897781598,106.72658592069983,178011000,APPLE,74.26825714111328,74.90232288704672,73.00043632835278,74.2916035393257,37596000,GOOGLE,194.5552520751953,195.91678229410712,191.7267202653884,191.81301103414373,34011300,MICROSOFT,150.43649291992188,151.47149658203125,148.62750244140625,150.46249389648438,128982000,AMAZON,470.20001220703125,478.3999938964844,463.2699890136719,475.1600036621094,5379300,NETFLIX,234.30999755859375,238.99000549316406,228.00999450683594,230.82000732421875,1913600,SPOTIFY
2020-09-18,103.9251708984375,107.85495187903756,103.19563251538361,107.38805146978207,287104900,APPLE,72.50333404541016,74.63936654832457,71.36810502194668,74.3914143131961,62078000,GOOGLE,192.13900756835938,195.26477288164634,188.16947128170096,194.44978012828847,55225300,MICROSOFT,147.74549865722656,151.88999938964844,145.27699279785156,151.58700561523438,177852000,AMAZON,469.9599914550781,479.3999938964844,458.6000061035156,472.510009765625,6717700,NETFLIX,233.88999938964844,237.19000244140625,229.9250030517578,235.17999267578125,1298000,SPOTIFY
2020-09-21,107.07676696777344,107.18376650924331,100.28719410755745,101.68790998043804,195713800,APPLE,71.0716323852539,71.92578773304085,69.84949659000128,71.51360750076257,57776000,GOOGLE,194.2004852294922,194.36349841827462,188.29413203216168,189.0707782458869,39839700,MICROSOFT,148.02349853515625,148.10000610351562,143.5500030517578,145.3249969482422,122358000,AMAZON,487.3500061035156,487.7799987792969,466.32000732421875,467.69000244140625,5457500,NETFLIX,239.33999633789062,240.0,230.1280059814453,232.0,998300,SPOTIFY
2020-09-22,108.75957489013672,109.78093154907663,106.18187865602258,109.60584204815116,183055400,APPLE,72.77498626708984,72.97660186440348,71.23899624858848,72.01170827626768,31664000,GOOGLE,198.8795623779297,199.53157125670091,193.75943826186247,196.61673385251396,33517100,MICROSOFT,156.44949340820312,156.69949340820312,150.00999450683594,151.69200134277344,138976000,AMAZON,491.1700134277344,491.82000732421875,479.260009765625,489.010009765625,3482300,NETFLIX,241.00999450683594,241.77000427246094,234.02000427246094,239.24000549316406,1539600,SPOTIFY
2020-09-23,104.19752502441406,109.05138437794632,103.85706788480732,108.57475477224305,150718700,APPLE,70.27955627441406,72.55150718172865,69.90661251749657,72.44325445378254,33148000,GOOGLE,192.33078002929688,199.53156801783254,191.79384015579785,199.33979123685637,30803800,MICROSOFT,149.9929962158203,156.35000610351562,149.61900329589844,156.02149963378906,113054000,AMAZON,470.6099853515625,491.0400085449219,469.0,491.0400085449219,3726400,NETFLIX,235.0500030517578,244.83999633789062,234.57000732421875,241.9600067138672,1142100,SPOTIFY
2020-09-24,105.26751708984375,107.24213295365429,102.13536471776598,102.30072495573343,167743300,APPLE,70.92911529541016,71.69482570377673,70.01338475181507,70.07198186797439,29004000,GOOGLE,194.82373046875,197.10573954514186,190.9980119519485,191.62125722458802,31202500,MICROSOFT,150.989501953125,153.46499633789062,148.25,148.88949584960938,110588000,AMAZON,473.0799865722656,477.0,467.82000732421875,470.5299987792969,3727200,NETFLIX,231.25999450683594,234.6999969482422,225.17999267578125,233.0,1451300,SPOTIFY
2020-09-25,109.21675109863281,109.37238950555708,104.7325215412831,105.471789131678,149981400,APPLE,71.75695037841797,72.00723650932608,70.18669474785692,71.14463971858872,26460000,GOOGLE,199.2631072998047,200.43286086089412,194.20049558420504,195.16891862918936,29437300,MICROSOFT,154.75650024414062,155.07699584960938,149.9499969482422,152.7429962158203,92304000,AMAZON,482.8800048828125,484.8699951171875,468.0299987792969,474.3900146484375,3769400,NETFLIX,235.97999572753906,236.33999633789062,229.47000122070312,233.97999572753906,770800,SPOTIFY
2020-09-28,111.82363891601562,112.17381792247089,109.70311378636897,111.87227777517529,137672400,APPLE,72.72830963134766,73.33813493882829,71.97253331554941,73.20952134326343,40158000,GOOGLE,200.81642150878906,203.81755010191583,199.49323759453853,202.19713261400415,32004900,MICROSOFT,158.70249938964844,158.7519989013672,155.85850524902344,157.4425048828125,84484000,AMAZON,490.6499938964844,492.0,477.8800048828125,489.1099853515625,4773500,NETFLIX,236.4199981689453,243.99000549316406,233.49000549316406,243.0,937900,SPOTIFY
2020-09-29,110.97738647460938,112.16410355161308,110.47157640996382,111.42484325876565,99382200,APPLE,72.9671630859375,73.33132446249498,72.4444871678634,73.0198042504251,19564000,GOOGLE,198.72613525390625,201.4204467564283,198.29466677580942,200.73009133926791,24221900,MICROSOFT,157.24400329589844,159.41299438476562,156.6269989013672,158.76950073242188,69916000,AMAZON,493.4800109863281,496.2900085449219,486.5299987792969,489.5,3541500,NETFLIX,242.4499969482422,244.3300018310547,234.63999938964844,237.38999938964844,1213600,SPOTIFY
2020-09-30,112.65045166015625,114.06089699323232,110.52020461838681,110.68556487153249,142675200,APPLE,72.98057556152344,73.98122749738637,72.49787873848452,72.84152014010796,34032000,GOOGLE,201.66973876953125,203.25179475383445,198.03578247925066,199.1767869931301,33829100,MICROSOFT,157.43649291992188,160.6439971923828,156.69949340820312,157.0570068359375,97922000,AMAZON,500.0299987792969,504.6300048828125,489.2699890136719,492.57000732421875,4634100,NETFLIX,242.57000732421875,246.4669952392578,240.60000610351562,244.0,1131800,SPOTIFY
2020-10-01,113.60371398925781,114.50834184995564,112.66990578164197,114.430522644009,116120400,APPLE,73.99810791015625,74.44256845643194,73.45780665142134,73.70908542006934,35590000,GOOGLE,203.71206665039062,205.17906845521924,202.6190061952141,204.69965571820293,27158400,MICROSOFT,161.06300354003906,161.1999969482422,158.60000610351562,160.39999389648438,99438000,AMAZON,527.510009765625,529.5499877929688,503.6000061035156,506.0299987792969,8153700,NETFLIX,250.19000244140625,250.75,243.96499633789062,244.52000427246094,1051500,SPOTIFY
2020-10-02,109.93657684326172,112.22246990869148,109.1584069544176,109.81012618440236,144712000,APPLE,72.42536163330078,73.65594628822517,72.052910466983,72.60463861376776,25682000,GOOGLE,197.70022583007812,202.3025910082213,197.07698049680502,199.4356975884024,33154800,MICROSOFT,156.25,159.7899932861328,156.14999389648438,157.68150329589844,112262000,AMAZON,503.05999755859375,526.3699951171875,502.70001220703125,516.4299926757812,6071200,NETFLIX,240.27999877929688,249.32000732421875,240.17999267578125,244.07000732421875,1043800,SPOTIFY
2020-10-05,113.3216323852539,113.46754155068632,110.45211762382625,110.80229665236467,106243800,APPLE,73.79598999023438,73.90474282576275,72.71588004534517,72.81222087247086,22266000,GOOGLE,201.71768188476562,201.7464454748345,198.45766691532606,198.6877902663909,21331600,MICROSOFT,159.9600067138672,160.12649536132812,157.04249572753906,157.29200744628906,75506000,AMAZON,520.6500244140625,520.989990234375,501.70001220703125,506.79998779296875,4088100,NETFLIX,251.3699951171875,252.11000061035156,241.27099609375,244.10000610351562,964300,SPOTIFY
2020-10-06,110.07276153564453,112.95200563980481,109.18758468115253,112.54345848013615,161498200,APPLE,72.17807006835938,73.83274719316634,71.93721795579611,73.277548406462,24908000,GOOGLE,197.43174743652344,201.52592148106075,196.386631231085,200.22193294397314,28554300,MICROSOFT,154.9980010986328,159.10000610351562,154.5,158.25,101738000,AMAZON,505.8699951171875,521.8200073242188,504.1600036621094,518.719970703125,4199000,NETFLIX,248.5399932861328,255.6999969482422,247.14999389648438,249.67999267578125,932600,SPOTIFY
2020-10-07,111.94035339355469,112.39753189463039,111.01626713656741,111.49290414731489,96849000,APPLE,72.51824188232422,72.94879009438718,71.31199611535075,72.71687950056844,34924000,GOOGLE,201.1903076171875,201.4587775216225,198.20836045030876,198.5343575299066,25681100,MICROSOFT,159.7845001220703,160.0,156.6195068359375,156.75,86188000,AMAZON,534.6599731445312,536.489990234375,515.8200073242188,518.0,7988700,NETFLIX,251.50999450683594,253.25,246.74000549316406,251.6999969482422,616700,SPOTIFY
2020-10-08,111.83335876464844,113.22434541737783,111.46372127712412,113.07843627342072,83477200,APPLE,73.79153442382812,73.99365015535227,72.75661670687195,72.75661670687195,23756000,GOOGLE,201.90945434570312,202.4943384245125,199.7425142102119,201.84232954510335,19925800,MICROSOFT,159.52749633789062,161.6645050048828,158.74949645996094,161.24949645996094,63482000,AMAZON,531.7899780273438,535.0,524.1500244140625,533.47998046875,5386500,NETFLIX,249.8000030517578,254.89999389648438,247.67999267578125,254.6300048828125,765600,SPOTIFY
2020-10-09,113.77880096435547,113.80798131062522,111.78472652844798,112.13490552618049,100506900,APPLE,75.2460708618164,75.31062391850578,73.96633057163652,74.2270433863395,28706000,GOOGLE,206.92410278320312,206.972046978275,202.53268078997917,202.53268078997917,26458000,MICROSOFT,164.33250427246094,164.44949340820312,159.89149475097656,160.5,98158000,AMAZON,539.4400024414062,544.280029296875,535.0,537.8300170898438,4781300,NETFLIX,250.0,252.88600158691406,248.052001953125,249.6699981689453,617300,SPOTIFY
2020-10-12,121.00609588623047,121.76481458334483,116.0257780752071,116.78449677232146,240226800,APPLE,77.92424011230469,79.1513468413504,76.10767659400082,76.62563172156159,49652000,GOOGLE,212.283935546875,214.64265244429112,207.882930516998,209.78140069312866,40461400,MICROSOFT,172.14649963378906,174.81199645996094,166.9774932861328,167.4969940185547,167284000,AMAZON,539.8099975585938,551.8099975585938,538.239990234375,548.8099975585938,5391100,NETFLIX,251.44000244140625,253.6199951171875,248.2100067138672,252.1300048828125,937600,SPOTIFY
2020-10-13,117.79612731933594,121.96908768608209,116.38568943923732,121.85235887523848,262330500,APPLE,78.04987335205078,78.95964777058846,77.62875923154793,78.64827913911363,32020000,GOOGLE,213.68380737304688,215.9370526847845,211.3538542814934,213.5495724159974,28950800,MICROSOFT,172.18150329589844,174.61900329589844,171.21099853515625,173.39950561523438,114894000,AMAZON,554.0900268554688,557.6500244140625,537.2000122070312,540.5599975585938,5602500,NETFLIX,266.95001220703125,268.25,252.82000732421875,254.0,1591600,SPOTIFY
2020-10-14,117.8836669921875,119.67346409750246,116.35650041512618,117.69884824411241,150712000,APPLE,77.87110900878906,78.84464856971861,76.99957070901655,78.39303478443533,38586000,GOOGLE,211.76617431640625,214.98782818305753,210.107410503166,213.818060047335,23421700,MICROSOFT,168.1855010986328,173.24400329589844,167.0,172.35000610351562,116254000,AMAZON,541.4500122070312,572.489990234375,541.0,562.6099853515625,9499000,NETFLIX,257.6199951171875,269.0,257.1700134277344,268.8599853515625,989600,SPOTIFY
2020-10-15,117.41676330566406,117.89339294386203,114.92660814304054,115.48105698538242,112559200,APPLE,77.42664337158203,78.21996625540591,76.72644086637881,76.8317156177969,30800000,GOOGLE,210.6156005859375,211.2867754707797,207.1158789362711,208.1610097896488,22733100,MICROSOFT,166.9324951171875,167.79400634765625,164.0,164.60049438476562,104468000,AMAZON,541.9400024414062,551.219970703125,535.0999755859375,545.52001953125,5113100,NETFLIX,261.54998779296875,261.8699951171875,250.6300048828125,253.97000122070312,904000,SPOTIFY
2020-10-16,115.77288055419922,118.23386306147651,115.56861068687554,117.97122507402565,115393800,APPLE,78.11592864990234,78.51917498369669,77.61883449131766,77.76036777120736,28694000,GOOGLE,210.6156005859375,213.1373015554528,210.28960344623061,211.08541569006942,26057900,MICROSOFT,163.635498046875,169.98300170898438,158.0,168.1614990234375,129488000,AMAZON,530.7899780273438,554.3300170898438,530.030029296875,549.5,6347400,NETFLIX,262.54998779296875,268.25,262.1499938964844,263.989990234375,1038300,SPOTIFY
2020-10-19,112.8158187866211,117.13468096654279,112.50454937346234,116.68723164895509,120639300,APPLE,76.20897674560547,78.86778362867038,75.88072533381943,78.48589839586765,32142000,GOOGLE,205.3995819091797,213.14689303076904,204.92016920089208,211.34429656584294,27625800,MICROSOFT,160.36050415039062,166.4499969482422,159.63699340820312,164.98049926757812,104472000,AMAZON,530.719970703125,541.7999877929688,525.3800048828125,537.0700073242188,7567500,NETFLIX,261.010009765625,267.489990234375,259.7650146484375,263.1700134277344,818800,SPOTIFY
2020-10-20,114.30406951904297,115.73396585696945,112.47535532523321,113.02980416838349,124423700,APPLE,77.26773834228516,78.33890690327483,75.76502132933967,75.83355259656041,44834000,GOOGLE,205.81192016601562,208.41992710757083,204.3161544911127,206.9145784431431,22753500,MICROSOFT,160.85049438476562,163.3000030517578,159.60049438476562,161.11399841308594,90194000,AMAZON,525.4199829101562,533.780029296875,522.260009765625,528.1400146484375,10047200,NETFLIX,260.95001220703125,263.7179870605469,257.32000732421875,260.0400085449219,904200,SPOTIFY
2020-10-21,113.68153381347656,115.47133103249566,113.27298669065874,113.4869857975519,89946000,APPLE,79.12403106689453,80.38639610675189,78.04739909800621,78.13182046570503,51366000,GOOGLE,205.95571899414062,207.9884243592295,204.3448845566899,204.3448845566899,22724900,MICROSOFT,159.2469940185547,161.69400024414062,158.0,160.625,91854000,AMAZON,489.04998779296875,506.8500061035156,488.25,501.0299987792969,17405700,NETFLIX,271.32000732421875,273.57501220703125,260.6300048828125,262.1499938964844,1359500,SPOTIFY
2020-10-22,112.59207916259766,114.81960369273567,111.46372301440654,114.24569636322538,101988000,APPLE,80.2175521850586,80.54828904723067,78.71135710107104,79.1111177696336,28672000,GOOGLE,206.0419921875,207.16381616381312,202.98333678251518,205.12151335460695,22351500,MICROSOFT,158.82000732421875,159.9375,156.0970001220703,159.49349975585938,84240000,AMAZON,485.2300109863281,495.1400146484375,482.0,494.69000244140625,6997900,NETFLIX,271.8800048828125,274.0,266.1820068359375,269.5400085449219,1216200,SPOTIFY
2020-10-23,111.90145874023438,113.37026472424279,111.16219112016253,113.2146263110706,82572600,APPLE,81.49232482910156,81.55985585659518,80.47478258314635,80.75089294892422,27516000,GOOGLE,207.32681274414062,207.37475694038199,204.38322636550816,206.17622518692104,18879600,MICROSOFT,160.22000122070312,160.26649475097656,157.0,159.5500030517578,69334000,AMAZON,488.2799987792969,490.05999755859375,481.3500061035156,488.1099853515625,4927900,NETFLIX,283.489990234375,284.12799072265625,270.3800048828125,270.3800048828125,1349800,SPOTIFY
2020-10-26,111.91118621826172,113.37026292295224,109.80038294532771,110.89955881245987,111850700,APPLE,78.98200225830078,81.3552648110084,78.28924088971746,80.69826185002869,37066000,GOOGLE,201.4300537109375,207.4322958032438,199.53158340310517,205.04482977945148,37111600,MICROSOFT,160.3520050048828,164.1490020751953,157.6649932861328,159.93699645996094,118024000,AMAZON,488.239990234375,496.82000732421875,478.8999938964844,487.0299987792969,6186100,NETFLIX,284.9599914550781,286.54998779296875,280.0,280.2300109863281,1921300,SPOTIFY
2020-10-27,113.41889190673828,114.08034029540528,111.41509565044463,112.3391745749253,92276800,APPLE,79.66781616210938,79.79618726816781,78.60111827113761,79.2412385447574,24580000,GOOGLE,204.469482421875,205.83101250695944,201.6697144768477,202.87782901221536,36700300,MICROSOFT,164.31649780273438,164.58299255371094,160.56500244140625,161.2469940185547,85820000,AMAZON,488.92999267578125,490.489990234375,482.92999267578125,490.010009765625,3627200,NETFLIX,287.45001220703125,292.7900085449219,285.0,286.739990234375,1778000,SPOTIFY
2020-10-28,108.16621398925781,112.28081345722651,108.06894369566764,111.9111833730848,143937800,APPLE,75.31559753417969,77.53689261986658,75.21627872388264,77.45694200054528,36680000,GOOGLE,194.33473205566406,200.24110024392866,193.77862617846768,199.1192762411455,51195600,MICROSOFT,158.13900756835938,163.2010040283203,158.12350463867188,162.46499633789062,111766000,AMAZON,486.239990234375,494.0,483.2799987792969,486.3599853515625,5992700,NETFLIX,276.1400146484375,284.6400146484375,273.3599853515625,281.42999267578125,2257900,SPOTIFY
2020-10-29,112.173828125,113.73990454040626,109.13894560010584,109.30431328354058,146129200,APPLE,77.82939147949219,79.14389753821341,75.59468419892224,75.6006401448401,40062000,GOOGLE,196.29067993164062,198.82197766573228,194.99626016615193,195.66744945522623,31432600,MICROSOFT,160.55050659179688,162.8625030517578,158.1999969482422,160.06350708007812,131930000,AMAZON,504.2099914550781,513.9000244140625,479.3399963378906,488.5,11120700,NETFLIX,266.8699951171875,268.55999755859375,248.25999450683594,260.0,5508200,SPOTIFY
2020-10-30,105.89006805419922,108.93467231945372,104.78117027471363,108.03004440237355,190272600,APPLE,80.4996109008789,83.77668421025125,79.67773590022883,83.03724525293498,86582000,GOOGLE,194.1333465576172,195.87840087796087,191.4006887848639,195.1209353795148,36953700,MICROSOFT,151.8074951171875,158.35000610351562,150.9499969482422,157.8874969482422,167728000,AMAZON,475.739990234375,505.8800048828125,472.2099914550781,502.010009765625,7807900,NETFLIX,239.88999938964844,265.5299987792969,235.8800048828125,263.7099914550781,3520500,SPOTIFY
2020-11-02,105.8025131225586,107.6604077052679,104.39207526396882,106.1332410376146,122866900,APPLE,80.74890899658203,82.47410248300748,80.25230739284342,80.85468386515178,50708000,GOOGLE,193.99917602539062,196.82770848255075,191.88016511439972,195.8784659174525,30842200,MICROSOFT,150.2239990234375,153.98550415039062,147.50599670410156,153.08700561523438,145148000,AMAZON,484.1199951171875,486.29998779296875,475.0,478.8699951171875,4408200,NETFLIX,231.60000610351562,240.7899932861328,228.11000061035156,240.00999450683594,2282200,SPOTIFY
2020-11-03,107.42695617675781,108.44830541372347,105.7636096297727,106.66823748036964,107624400,APPLE,81.94969940185547,82.52029573143325,80.281617663079,81.03446140401488,33234000,GOOGLE,197.93028259277344,199.55069955095928,194.75657346426115,195.49487297815594,27512000,MICROSOFT,152.42050170898438,153.7449951171875,149.0489959716797,150.92649841308594,97958000,AMAZON,487.2200012207031,495.30999755859375,478.760009765625,484.92999267578125,3690200,NETFLIX,236.52999877929688,241.35000610351562,232.86599731445312,236.0,1418500,SPOTIFY
2020-11-04,111.81390380859375,112.43644258276989,109.28483911084726,111.02600479592498,138235500,APPLE,86.86207580566406,87.9662748351412,84.721724049789,84.93278125242438,71418000,GOOGLE,207.480224609375,209.33076521149155,203.67368665801723,205.20781312721707,42311800,MICROSOFT,162.05799865722656,162.24249267578125,156.9864959716797,157.99949645996094,136780000,AMAZON,496.95001220703125,507.7300109863281,493.9800109863281,495.3599853515625,5137300,NETFLIX,239.27999877929688,246.9499969482422,238.0,245.0,1907000,SPOTIFY
2020-11-05,115.78260040283203,116.35650777308182,113.68153378019652,114.73206338089028,126387100,APPLE,87.56924438476562,89.07245394160914,86.93060935423904,88.44475330060617,41316000,GOOGLE,214.0961151123047,214.89194194247165,212.04422936084907,212.89758337359194,36080100,MICROSOFT,166.10000610351562,168.33999633789062,164.44400024414062,165.99850463867188,115786000,AMAZON,513.760009765625,518.72998046875,503.45001220703125,506.55999755859375,5372800,NETFLIX,256.3800048828125,257.7699890136719,239.60000610351562,247.72000122070312,2180600,SPOTIFY
2020-11-06,115.65107727050781,116.1480139366498,113.15661816090342,115.2905480316919,114457900,APPLE,87.4887924194336,88.0191595578896,86.42606524965649,87.10144375982115,33218000,GOOGLE,214.5084228515625,215.12207053147654,209.05270390346763,213.10853130929766,25231900,MICROSOFT,165.56849670410156,166.10000610351562,161.60000610351562,165.23199462890625,92946000,AMAZON,514.72998046875,515.2100219726562,502.510009765625,515.0,4236300,NETFLIX,276.1000061035156,276.489990234375,255.74000549316406,257.5,2161200,SPOTIFY
2020-11-09,113.34173583984375,118.86655905479424,113.0786522061061,117.41471118065078,154515300,APPLE,87.55086517333984,90.28515199546842,87.40287583278217,88.93638032819226,45366000,GOOGLE,209.39788818359375,218.72725565955997,208.90889247401392,215.19878504738315,44395000,MICROSOFT,157.18699645996094,164.4499969482422,155.60549926757812,161.55149841308594,143808000,AMAZON,470.5,495.8500061035156,467.260009765625,485.5400085449219,10419700,NETFLIX,274.20001220703125,284.1099853515625,257.17999267578125,258.0,2060100,SPOTIFY
2020-11-10,113.00070190429688,114.57921861893705,111.20780945261693,112.59145738080137,138023400,APPLE,86.42804718017578,87.55086419350906,85.28139122878906,85.96620374870092,52722000,GOOGLE,202.32171630859375,207.5856723430771,201.08483813944855,205.66802179025424,44045100,MICROSOFT,151.75100708007812,155.6999969482422,150.9739990234375,154.75100708007812,131820000,AMAZON,480.239990234375,484.6000061035156,463.4100036621094,470.95001220703125,8306100,NETFLIX,249.99000549316406,273.57501220703125,248.02000427246094,272.55999755859375,2371400,SPOTIFY
2020-11-11,116.43055725097656,116.56697207433398,113.4586543889182,114.18945127149735,112295000,APPLE,87.03986358642578,87.61145255562555,86.77442995080564,86.9052864826371,25280000,GOOGLE,207.6336669921875,209.06230763770108,203.46277017398026,203.6449493616537,29440800,MICROSOFT,156.8695068359375,156.95750427246094,152.5,153.08900451660156,87338000,AMAZON,490.760009765625,491.67999267578125,478.260009765625,483.0,5460500,NETFLIX,261.0400085449219,264.54998779296875,252.30999755859375,253.0,1183800,SPOTIFY
2020-11-12,116.15773010253906,117.44393234617952,115.53411734404979,116.55723597528558,103162300,APPLE,86.8973388671875,87.81257684893262,86.68678177058656,86.78759335921357,24950000,GOOGLE,206.56935119628906,210.08823873834052,205.6297063795474,208.26647628927805,21593900,MICROSOFT,155.51400756835938,158.79400634765625,154.30250549316406,157.99749755859375,87240000,AMAZON,486.7699890136719,496.5199890136719,480.42999267578125,491.0,5063700,NETFLIX,258.69000244140625,267.6600036621094,256.80999755859375,261.2900085449219,890600,SPOTIFY
2020-11-13,116.20648193359375,116.60598047220772,114.85207193805832,116.38187353041393,81581900,APPLE,88.24710083007812,88.4467386863625,86.63463830718922,87.28419257267741,29998000,GOOGLE,207.59527587890625,208.4678104781367,205.34204503459753,207.4514579254129,18621100,MICROSOFT,156.4405059814453,157.08599853515625,154.26950073242188,156.10000610351562,75124000,AMAZON,482.8399963378906,488.94000244140625,477.79998779296875,486.7699890136719,3002700,NETFLIX,253.5,262.1199951171875,251.89999389648438,260.5,861600,SPOTIFY
2020-11-16,117.21984100341797,117.89216918384535,115.12488813037272,115.87516977446028,91183000,APPLE,88.46361541748047,89.34210224720016,87.78376619529506,87.98290392040381,24936000,GOOGLE,208.28562927246094,208.774639570567,205.6872207347565,206.0228008331187,24953300,MICROSOFT,156.55299377441406,157.13499450683594,153.63450622558594,154.66000366210938,76174000,AMAZON,479.1000061035156,485.5799865722656,477.29998779296875,480.0,3953600,NETFLIX,245.85000610351562,256.04998779296875,245.30999755859375,252.85000610351562,1438100,SPOTIFY
2020-11-17,116.3331298828125,117.58035548799745,115.91413933412841,116.48903680048612,74271000,APPLE,87.90593719482422,88.64339091816939,87.7495064690329,88.24313012579633,22942000,GOOGLE,205.62973022460938,208.7171349804939,205.26537184033953,207.2022035133558,24154100,MICROSOFT,156.7830047607422,159.46249389648438,156.76300048828125,159.177001953125,68894000,AMAZON,480.6300048828125,487.510009765625,478.8500061035156,480.1199951171875,3698100,NETFLIX,250.44000244140625,251.25999450683594,244.61000061035156,247.4499969482422,822800,SPOTIFY
2020-11-18,115.0079574584961,116.75212717189736,114.97872676825749,115.57310891661412,76322100,APPLE,86.74537658691406,88.07080949198455,86.71359638610987,87.6616072020876,23470000,GOOGLE,202.91871643066406,206.8505754409513,202.77450729205842,205.38934124888527,28372800,MICROSOFT,155.2729949951172,157.0,155.2550048828125,156.6999969482422,58336000,AMAZON,481.7900085449219,488.6099853515625,477.7200012207031,481.95001220703125,3629200,NETFLIX,253.02000427246094,255.66000366210938,246.6199951171875,251.25,979100,SPOTIFY
2020-11-19,115.60234069824219,116.01158523354931,113.8191942363378,114.57922192592288,74113000,APPLE,87.59656524658203,87.87813907418395,86.25996287701602,86.32824409450092,24998000,GOOGLE,204.20692443847656,204.79333979305358,201.81319330215703,203.20714178040058,24792700,MICROSOFT,155.8509979248047,156.25,154.04600524902344,155.2655029296875,60206000,AMAZON,484.6700134277344,487.79998779296875,480.4700012207031,482.0,2254700,NETFLIX,249.94000244140625,254.94000244140625,247.5500030517578,252.92999267578125,1372700,SPOTIFY
2020-11-20,114.33561706542969,115.72900356959502,114.28690172841969,115.60233477250766,73604300,APPLE,86.51744079589844,88.09713053872399,86.50105815463596,87.6606187752798,46270000,GOOGLE,202.2554168701172,205.04328452616463,201.880496534734,203.99543213609604,22843100,MICROSOFT,154.97000122070312,156.64450073242188,154.90249633789062,155.8509979248047,67488000,AMAZON,488.239990234375,494.760009765625,481.57000732421875,485.2200012207031,4253400,NETFLIX,260.0,262.8999938964844,250.27999877929688,251.82000732421875,1057000,SPOTIFY
2020-11-23,110.93498229980469,114.60845935593927,110.83754418732941,114.17972274018632,127959300,APPLE,86.15342712402344,87.09896008839227,85.30225725984842,86.88542502347123,43232000,GOOGLE,201.98622131347656,204.08192585772954,200.11161984755833,202.79373968820798,25683500,MICROSOFT,154.91949462890625,156.9875030517578,153.2729949951172,155.8350067138672,94178000,AMAZON,476.6199951171875,491.1499938964844,475.8399963378906,490.4599914550781,5416600,NETFLIX,268.8599853515625,270.7799987792969,260.010009765625,260.010009765625,947300,SPOTIFY
2020-11-24,112.22119903564453,112.88378869271381,109.70725526905355,110.99346528046955,113874200,APPLE,87.8428726196289,87.97794984411425,85.79736879323788,85.93691676620557,31560000,GOOGLE,205.59124755859375,205.966167884209,200.7845691949016,201.48634012873154,33979700,MICROSOFT,155.9029998779297,156.71249389648438,154.31300354003906,155.02499389648438,72042000,AMAZON,482.8800048828125,484.04998779296875,475.8900146484375,478.8399963378906,3550500,NETFLIX,270.1400146484375,274.19000244140625,266.5,267.9100036621094,826900,SPOTIFY
2020-11-25,113.05915069580078,113.76071690599676,112.22116965962786,112.5914448450371,76499200,APPLE,87.9695053100586,88.32258834194486,87.23006627021488,88.04200720827063,20916000,GOOGLE,205.600830078125,206.96592480347252,204.24535809635242,206.79289144492063,21012900,MICROSOFT,159.2534942626953,159.89999389648438,157.01300048828125,157.093505859375,75808000,AMAZON,485.0,486.8999938964844,478.9200134277344,485.1300048828125,3598600,NETFLIX,270.0899963378906,274.7200012207031,268.0199890136719,269.0,720600,SPOTIFY
2020-11-27,113.60482025146484,114.48177809334693,113.24429850772803,113.58533560344574,46691300,APPLE,89.05010986328125,89.58693308542536,88.01966297279354,88.05194329189372,17698000,GOOGLE,206.9082794189453,207.90807676542295,205.76428758442702,206.54298182630274,14512200,MICROSOFT,159.76699829101562,160.8094940185547,159.50250244140625,160.56300354003906,47858000,AMAZON,491.3599853515625,493.25,481.8500061035156,486.5799865722656,2805800,NETFLIX,277.6199951171875,277.7799987792969,267.3299865722656,269.4599914550781,774200,SPOTIFY
2020-11-30,116.00183868408203,117.87267708944432,113.81918644377502,113.97509336124737,169410200,APPLE,87.43863677978516,88.79559980634644,87.15358490191596,88.45388308870092,36476000,GOOGLE,205.7931365966797,206.4564458958065,202.6880117806121,205.82197549364963,33064800,MICROSOFT,158.40199279785156,161.41949462890625,156.27749633789062,160.4239959716797,81278000,AMAZON,490.70001220703125,492.54998779296875,481.2699890136719,490.0799865722656,3530900,NETFLIX,291.3699951171875,291.7200012207031,272.10198974609375,277.0,1800200,SPOTIFY
2020-12-01,119.57787322998047,120.30867019893745,116.93726107423544,117.91165703284473,127728200,APPLE,89.29393768310547,90.62135589829055,87.86720065764494,88.11550147210329,34738000,GOOGLE,207.85040283203125,208.91748606981452,205.10098208136208,206.2161203701726,30904500,MICROSOFT,161.00399780273438,162.44749450683594,157.85899353027344,159.4250030517578,90740000,AMAZON,504.5799865722656,509.4700012207031,491.9800109863281,492.3399963378906,5052700,NETFLIX,284.989990234375,292.010009765625,282.239990234375,291.0400085449219,1227100,SPOTIFY
2020-12-02,119.92866516113281,120.21124090192977,117.79473547645512,118.89580031413836,89004200,APPLE,90.77629852294922,91.15868391861666,88.86552333067591,89.29394228119898,24440000,GOOGLE,207.04283142089844,207.13897084282664,204.57220670055946,206.57178639237256,23724500,MICROSOFT,160.17649841308594,161.60000610351562,158.66299438476562,161.08250427246094,62586000,AMAZON,503.3800048828125,506.79998779296875,493.5,501.6199951171875,3028400,NETFLIX,320.8900146484375,330.8699951171875,281.19000244140625,283.2300109863281,8178500,SPOTIFY
2020-12-03,119.792236328125,120.61072532946784,119.08092403824773,120.35738030969706,78967600,APPLE,90.71768951416016,91.73224619755354,90.51308838630666,90.58062699052718,24546000,GOOGLE,205.95660400390625,208.01386219827504,205.38940468697498,206.31229358512405,25120900,MICROSOFT,159.3365020751953,161.4320068359375,159.0655059814453,160.2729949951172,57840000,AMAZON,497.5199890136719,508.7699890136719,496.0400085449219,502.989990234375,2826100,NETFLIX,316.42999267578125,332.0,314.5,317.5,2420000,SPOTIFY
2020-12-04,119.11991119384766,119.71429334953903,118.40859884170744,119.46094830759233,78260400,APPLE,90.77827453613281,91.03501671650999,90.23201731869553,90.60595371906307,27564000,GOOGLE,206.0719451904297,207.05251182566985,204.9375613047949,205.9373587635395,24666000,MICROSOFT,158.12899780273438,159.91050720214844,157.93800354003906,159.91050720214844,58272000,AMAZON,498.30999755859375,504.5,493.6400146484375,497.5,3666200,NETFLIX,319.7699890136719,323.8080139160156,315.67999267578125,317.2900085449219,1979300,SPOTIFY
2020-12-07,120.58149719238281,121.38050156328545,119.1199032870206,119.17836466433876,86712000,APPLE,90.35568237304688,90.99580267217657,89.67534048970651,90.3318434310863,26418000,GOOGLE,206.0045928955078,207.20626235832566,204.7548683892306,206.08150150138616,24620000,MICROSOFT,157.89999389648438,159.03799438476562,157.08450317382812,157.82400512695312,55026000,AMAZON,515.780029296875,517.760009765625,497.7699890136719,500.010009765625,4289300,NETFLIX,342.0,342.3599853515625,319.0,319.79998779296875,2287600,SPOTIFY
2020-12-08,121.19538879394531,121.78003242314685,119.93841688564608,121.18565018509716,82225500,APPLE,90.30947875976562,90.47584362419694,89.199823977378,89.88984981590424,21926000,GOOGLE,207.65814208984375,208.5618000941319,204.65877907035144,205.69702350067269,23284100,MICROSOFT,158.864501953125,159.2064971923828,156.00100708007812,157.94500732421875,65726000,AMAZON,512.6599731445312,521.489990234375,505.54998779296875,517.9000244140625,4229000,NETFLIX,332.8599853515625,342.9200134277344,330.2850036621094,337.0,1620600,SPOTIFY
2020-12-09,118.66191864013672,122.7251473181865,117.90189111003242,121.34150707445563,115089200,APPLE,88.60018157958984,91.09014584777552,87.78973343827575,89.98471167795182,30152000,GOOGLE,203.61087036132812,206.9082442233962,203.04368591308923,206.84095836336226,32440600,MICROSOFT,155.2100067138672,158.72149658203125,154.39999389648438,158.39450073242188,82016000,AMAZON,493.6000061035156,514.5,491.2900085449219,510.5299987792969,4178800,NETFLIX,332.45001220703125,338.21600341796875,324.5350036621094,337.2799987792969,1682200,SPOTIFY
2020-12-10,120.08455657958984,120.69843079499793,117.07367661772612,117.41471371847992,81312200,APPLE,88.16316986083984,88.4601336020262,86.42456422916642,87.88854470370597,27256000,GOOGLE,202.3804168701172,204.84143417289167,202.22659962148873,203.58208662098912,26733300,MICROSOFT,155.07449340820312,157.10499572753906,153.8000030517578,154.44949340820312,60604000,AMAZON,501.0899963378906,503.7699890136719,492.9100036621094,494.55999755859375,3018200,NETFLIX,343.29998779296875,344.9800109863281,327.07000732421875,329.6400146484375,1268900,SPOTIFY
2020-12-11,119.27581024169922,119.61684733291102,117.46343320377245,119.29529488946088,86939800,APPLE,88.48298645019531,88.61607834959379,87.40188377022606,87.55384374235868,24414000,GOOGLE,205.0144500732422,205.0721425381676,201.02491270847506,201.9285706309938,30979400,MICROSOFT,155.8209991455078,155.93350219726562,153.64100646972656,154.83299255371094,61294000,AMAZON,503.2200012207031,503.3399963378906,494.8500061035156,495.0,3210900,NETFLIX,341.2200012207031,346.44000244140625,333.57000732421875,342.29998779296875,1657600,SPOTIFY
2020-12-14,118.66191864013672,120.19171973982225,118.42806573103923,119.4609228940989,79184500,APPLE,87.40486145019531,89.25867611149724,87.26357823134042,88.14678589327933,32004000,GOOGLE,205.9180908203125,207.85038484162237,204.6491354053555,204.86063041931797,28798400,MICROSOFT,157.84849548339844,159.52349853515625,156.3000030517578,157.14999389648438,83116000,AMAZON,522.4199829101562,524.1599731445312,501.17999267578125,505.44000244140625,5770400,NETFLIX,320.3399963378906,341.6679992675781,319.5199890136719,340.5,2117300,SPOTIFY
2020-12-15,124.60575103759766,124.62524311960807,120.95176623601054,121.15638849281328,157243700,APPLE,87.7877426147461,87.96900493728994,86.90279966343624,87.62138531241226,29646000,GOOGLE,205.850830078125,207.09094674879418,204.03390608646302,206.85061280985042,27000600,MICROSOFT,158.25599670410156,159.4250030517578,156.52450561523438,159.05050659179688,66390000,AMAZON,519.780029296875,524.7000122070312,513.5599975585938,518.5,3394900,NETFLIX,326.9700012207031,330.82000732421875,320.5010070800781,324.07000732421875,2198600,SPOTIFY
2020-12-16,124.53755187988281,125.08321126755321,123.31955686522454,124.14779942243345,98208600,APPLE,87.55086517333984,88.04746678228955,87.2072161931232,88.04150325893988,30270000,GOOGLE,210.80172729492188,211.5996378230972,206.41803809771568,206.4468770001588,35023300,MICROSOFT,162.04800415039062,162.35000610351562,158.1840057373047,158.80050659179688,88552000,AMAZON,524.8300170898438,527.3800048828125,517.6900024414062,520.1099853515625,3682400,NETFLIX,318.5299987792969,323.8800048828125,312.2090148925781,316.5199890136719,1574700,SPOTIFY
2020-12-17,125.40474700927734,126.26222014302118,124.76164215896948,125.5996232120097,94359800,APPLE,86.80098724365234,87.98707665831658,86.34212938203746,87.82448540843349,32494000,GOOGLE,210.93624877929688,212.34941323916237,209.49424542586814,211.36884685156218,32515800,MICROSOFT,161.8040008544922,163.17550659179688,161.0500030517578,162.5,69486000,AMAZON,532.9000244140625,535.489990234375,526.4400024414062,529.0,3193400,NETFLIX,328.05999755859375,329.8900146484375,319.1300048828125,323.1300048828125,960700,SPOTIFY
2020-12-18,123.41698455810547,125.79451286164254,122.89080989581198,125.65809803446096,192541500,APPLE,85.96224212646484,87.15905393466659,85.42641154692697,87.11286882892531,80328000,GOOGLE,210.13836669921875,211.1958418345156,207.66774158321599,210.13836669921875,63354900,MICROSOFT,160.08250427246094,162.4709930419922,158.5800018310547,162.19949340820312,119914000,AMAZON,534.4500122070312,536.3699951171875,526.02001953125,533.2000122070312,4502700,NETFLIX,336.1000061035156,337.20001220703125,330.4949951171875,333.42999267578125,1090800,SPOTIFY
2020-12-21,124.94678497314453,125.02473843111304,120.28917365326492,121.8189749541549,121251600,APPLE,86.37739562988281,86.45089776294904,84.37261358419228,85.0931845470445,36568000,GOOGLE,213.98370361328125,215.33919043070517,208.87901354427856,209.1385782828704,37181900,MICROSOFT,160.3090057373047,161.34849548339844,158.3000030517578,160.00050354003906,76736000,AMAZON,528.9099731445312,532.6199951171875,521.1500244140625,530.0499877929688,3894000,NETFLIX,325.57000732421875,333.5,322.80999755859375,330.05999755859375,1076800,SPOTIFY
2020-12-22,128.50335693359375,130.9685777717825,126.33044301842824,128.24026583476893,168904800,APPLE,85.58928680419922,86.2798051903184,85.04675017499646,86.13206591464636,18734000,GOOGLE,215.281494140625,216.90615363299253,213.27230628019683,214.07982465441432,22612200,MICROSOFT,160.3260040283203,161.10000610351562,159.00399780273438,160.14199829101562,47388000,AMAZON,527.3300170898438,530.4000244140625,520.5,527.6900024414062,1906600,NETFLIX,321.9599914550781,328.07000732421875,319.4200134277344,328.07000732421875,958500,SPOTIFY
2020-12-23,127.6069107055664,129.03925919185082,127.43151168864978,128.7761829686311,88223700,APPLE,86.0302734375,86.80546328080491,85.66576348918727,85.81822357899378,20676000,GOOGLE,212.47438049316406,214.91616625687516,212.26288550550217,214.48356820713616,18699600,MICROSOFT,159.2635040283203,160.50650024414062,159.20849609375,160.25,41876000,AMAZON,514.47998046875,526.3200073242188,514.2000122070312,524.760009765625,2393200,NETFLIX,330.7900085449219,335.7699890136719,321.5899963378906,322.1499938964844,1131600,SPOTIFY
2020-12-24,128.59103393554688,130.04288924480903,127.74331422195132,127.95768251910687,54930100,APPLE,86.3515625,86.70663838653076,85.86787304890136,86.16037362074398,6936000,GOOGLE,214.1375274658203,214.96427675569586,212.6474541950329,212.85894922282563,10550600,MICROSOFT,158.63450622558594,160.10000610351562,158.4499969482422,159.69500732421875,29038000,AMAZON,513.969970703125,519.3499755859375,512.2100219726562,515.1199951171875,1144000,NETFLIX,328.3900146484375,336.3399963378906,327.6199951171875,329.80999755859375,435800,SPOTIFY
2020-12-28,133.19015502929688,133.8235063080633,130.0915688691176,130.55928952566094,124486200,APPLE,88.20091247558594,88.92784097035323,86.72327716790329,86.98647541600869,27860000,GOOGLE,216.26206970214844,217.2906911980974,214.39707623360107,215.7717791429796,17933500,MICROSOFT,164.197998046875,165.1999969482422,158.63450622558594,159.6999969482422,113736000,AMAZON,519.1199951171875,523.6599731445312,507.1300048828125,516.4299926757812,2891900,NETFLIX,317.2900085449219,331.54998779296875,316.0,331.2799987792969,898200,SPOTIFY
2020-12-29,131.41677856445312,135.23640894920797,130.90034989432698,134.5153654533124,121047300,APPLE,87.33831787109375,89.01286315485197,87.20771140146256,88.78194521823438,25988000,GOOGLE,215.4833984375,218.39624453164663,214.93544469810388,217.55988713891716,17403200,MICROSOFT,166.10000610351562,167.53250122070312,164.06100463867188,165.4969940185547,97458000,AMAZON,530.8699951171875,536.5499877929688,515.47998046875,519.9000244140625,4022400,NETFLIX,318.42999267578125,323.8999938964844,310.54998779296875,320.95001220703125,687900,SPOTIFY
2020-12-30,130.29623413085938,132.50811721089653,129.9844202745973,132.10861128309938,96452100,APPLE,86.38483428955078,87.65489795822836,85.69356575242699,87.50169528263622,26122000,GOOGLE,213.10888671875,216.90617439367813,212.90701444028235,216.52163131999487,20272300,MICROSOFT,164.29249572753906,167.10499572753906,164.12350463867188,167.0500030517578,64186000,AMAZON,524.5900268554688,533.260009765625,523.6900024414062,530.1300048828125,1876300,NETFLIX,319.3500061035156,323.4700012207031,316.1700134277344,323.4700012207031,631500,SPOTIFY
2020-12-31,129.2926025390625,131.2901172342019,128.34743726674927,130.6470123311244,99116600,APPLE,86.99864959716797,87.34875466158964,86.18124524010686,86.18124524010686,20238000,GOOGLE,213.8202667236328,214.37784314318708,211.18620184549383,213.12810390410456,20942100,MICROSOFT,162.84649658203125,164.14599609375,162.05999755859375,163.75,59144000,AMAZON,540.72998046875,545.5,523.1500244140625,525.530029296875,5392300,NETFLIX,314.6600036621094,323.5,312.4700012207031,323.5,587100,SPOTIFY
2021-01-04,126.09658813476562,130.18904830293448,123.51443728468345,130.1013562325265,143301900,APPLE,85.82467651367188,87.43416094779484,84.81210513504557,87.27971554833394,38038000,GOOGLE,209.27316284179688,214.37785286571398,206.50451143811924,213.9260239305633,37130100,MICROSOFT,159.3314971923828,163.60000610351562,157.2010040283203,163.5,88228000,AMAZON,522.8599853515625,540.7999877929688,515.0900268554688,539.0,4444400,NETFLIX,311.0,318.69000244140625,305.510009765625,317.4200134277344,945700,SPOTIFY
2021-01-05,127.65559387207031,128.3669135415631,125.14165081624391,125.58987944540236,97664900,APPLE,86.45436096191406,86.78956854803462,85.31689660509608,85.6637736010461,22906000,GOOGLE,209.4750213623047,210.0710594090714,207.36008597617078,208.85976716508725,23823000,MICROSOFT,160.92550659179688,161.16900634765625,158.2530059814453,158.30050659179688,53110000,AMAZON,520.7999877929688,526.780029296875,515.8900146484375,521.5499877929688,3133900,NETFLIX,313.7200012207031,316.1499938964844,309.0799865722656,309.4800109863281,610400,SPOTIFY
2021-01-06,123.3585205078125,127.69458676031306,123.1441522185317,124.4498466014008,155088000,APPLE,86.17478942871094,86.80596817319672,84.3726155910741,84.55288525986151,52042000,GOOGLE,204.0435028076172,208.1195714660329,203.7454910869233,203.96659419117705,35930700,MICROSOFT,156.91900634765625,159.87550354003906,156.55799865722656,157.32400512695312,87896000,AMAZON,500.489990234375,513.0999755859375,499.5,511.9700012207031,5346200,NETFLIX,314.239990234375,323.3900146484375,307.0350036621094,308.1600036621094,1024800,SPOTIFY
2021-01-07,127.56790161132812,128.2597291998155,124.58625271929365,125.07345063938035,109578200,APPLE,88.75513458251953,88.81223892370902,86.26219213131584,86.41166668470011,45300000,GOOGLE,209.84999084472656,210.85939639502814,205.4470856735349,205.76431358731313,27694500,MICROSOFT,158.10800170898438,160.427001953125,157.75,157.85000610351562,70290000,AMAZON,508.8900146484375,516.4400024414062,506.4200134277344,508.2799987792969,3686400,NETFLIX,331.3599853515625,332.6000061035156,316.25,317.44000244140625,977200,SPOTIFY
2021-01-08,128.66897583007812,129.23412721104498,126.8955682344821,129.03923614525579,105158200,APPLE,89.74634552001953,89.87695199963167,88.07404306013555,88.79138604026096,41012000,GOOGLE,211.12852478027344,212.0514134324191,208.6386690377971,210.2248669478522,22956200,MICROSOFT,159.13499450683594,159.53199768066406,157.11000061035156,159.0,70754000,AMAZON,510.3999938964844,513.239990234375,504.510009765625,511.30999755859375,2973900,NETFLIX,353.1099853515625,354.6000061035156,333.2900085449219,335.0,2199700,SPOTIFY
2021-01-11,125.67757415771484,126.83710761276025,125.20986830687416,125.88220383076441,100384500,APPLE,87.735595703125,89.10597089875891,87.42770513845433,88.69651857886376,24194000,GOOGLE,209.0808868408203,210.44598164507218,208.3502623900818,210.0229916301851,23031300,MICROSOFT,155.7104949951172,157.81900024414062,155.5,157.40049743652344,73668000,AMAZON,499.1000061035156,510.7300109863281,497.95001220703125,507.8399963378906,3806200,NETFLIX,344.07000732421875,354.0,341.5899963378906,350.05999755859375,1105600,SPOTIFY
2021-01-12,125.50218963623047,126.3694013561782,123.61185929052172,125.20986790485577,91951100,APPLE,86.73395538330078,88.29775491609885,85.6791770578104,87.09995053496378,27140000,GOOGLE,206.61985778808594,208.70596899227266,205.072121521782,208.12916175268282,23249300,MICROSOFT,156.04150390625,157.10699462890625,154.3000030517578,156.0,70292000,AMAZON,494.25,501.0899963378906,485.6700134277344,500.0,5990400,NETFLIX,347.010009765625,349.7799987792969,341.4599914550781,344.0,829600,SPOTIFY
2021-01-13,127.53870391845703,128.08436335121425,125.20015924432487,125.46323548419424,88636800,APPLE,87.12378692626953,87.65191867243024,86.30985313597574,86.33816282224139,21882000,GOOGLE,207.975341796875,208.37910099174917,205.6585194623859,205.7450508153582,20087100,MICROSOFT,158.29449462890625,159.49749755859375,156.10400390625,156.4219970703125,66424000,AMAZON,507.7900085449219,512.3499755859375,493.010009765625,495.5,5032100,NETFLIX,347.05999755859375,370.95001220703125,344.5,348.0,2412100,SPOTIFY
2021-01-14,125.609375,127.64585879719884,125.46320669883724,127.45098259708287,90221800,APPLE,86.4176254272461,88.14728975943747,86.08092503499249,87.08505511058986,23590000,GOOGLE,204.78375244140625,209.05208566159163,204.51457959588285,207.56201226534566,29480800,MICROSOFT,156.37350463867188,158.89999389648438,156.0294952392578,158.37600708007812,61418000,AMAZON,500.8599853515625,514.5,499.5799865722656,507.3500061035156,4177400,NETFLIX,342.2699890136719,349.70001220703125,339.05999755859375,349.70001220703125,853800,SPOTIFY
2021-01-15,123.88470458984375,126.88584599937765,123.74828974705143,125.48271340602645,111598500,APPLE,86.21947479248047,87.20324395595209,85.49244780742124,86.31879359693272,26844000,GOOGLE,204.4280242919922,206.21610922436778,203.83200087080638,205.26439629941862,31746500,MICROSOFT,155.21249389648438,157.12750244140625,154.7584991455078,156.1510009765625,84880000,AMAZON,497.9800109863281,506.32000732421875,495.1000061035156,500.0,5895800,NETFLIX,319.82000732421875,334.69000244140625,317.010009765625,330.7200012207031,2352000,SPOTIFY
2021-01-19,124.55703735351562,125.4145105561259,123.68982554382202,124.50831458189415,90757300,APPLE,88.93440246582031,89.84889786069577,86.48118909961785,87.0170272514447,34692000,GOOGLE,208.0714874267578,208.59060221597767,204.40880100018782,205.48549221860986,30480900,MICROSOFT,156.03799438476562,157.25,154.8000030517578,155.35000610351562,66102000,AMAZON,501.7699890136719,509.25,493.5400085449219,501.0,12315800,NETFLIX,319.75,326.9429931640625,317.07000732421875,320.3500061035156,1252600,SPOTIFY
2021-01-20,128.64950561523438,129.09773432738962,125.25861162121556,125.36579577837638,104319500,APPLE,93.70376586914062,94.53855311547629,90.65611726122195,90.9506031893154,49806000,GOOGLE,215.66604614257812,217.05997996557417,208.88862656387894,209.28277771906542,37777300,MICROSOFT,163.16900634765625,163.99000549316406,158.75,159.09950256347656,106196000,AMAZON,586.3400268554688,593.2899780273438,556.8599853515625,565.4199829101562,32637500,NETFLIX,331.4100036621094,338.20001220703125,325.3900146484375,328.8299865722656,1044800,SPOTIFY
2021-01-21,133.36558532714844,136.0938972964428,130.1695674073792,130.3741971240205,120150900,APPLE,93.91978454589844,96.08546052520303,93.71419074084986,94.25499216619674,41278000,GOOGLE,216.27169799804688,217.55027626529116,213.82028897946032,216.01213324650223,30709400,MICROSOFT,165.34950256347656,167.42750549316406,164.47850036621094,164.64999389648438,98722000,AMAZON,579.8400268554688,588.75,570.4000244140625,582.4500122070312,11802100,NETFLIX,348.29998779296875,350.25,333.7799987792969,337.9100036621094,1641800,SPOTIFY
2021-01-22,135.50924682617188,136.26927444924834,131.56294040290453,132.7906739013892,114459400,APPLE,94.40645599365234,94.89809436257674,93.44851097182695,94.13977963050202,25442000,GOOGLE,217.21380615234375,221.17451935101673,217.06961165977887,218.30012022572993,30172700,MICROSOFT,164.6114959716797,166.0955047607422,164.1580047607422,165.2154998779297,56438000,AMAZON,565.1699829101562,583.989990234375,564.3499755859375,582.0999755859375,7550800,NETFLIX,338.9599914550781,348.2799987792969,338.1700134277344,346.2699890136719,1083300,SPOTIFY
2021-01-25,139.26068115234375,141.37511878863197,133.0440296191869,139.40684948015027,157611700,APPLE,94.32451629638672,95.82325512902538,92.74184863470315,95.38078743440725,38546000,GOOGLE,220.65538024902344,220.89571417206457,215.55069007064066,220.2612290947195,33152100,MICROSOFT,164.6999969482422,168.1945037841797,162.15750122070312,166.4250030517578,74996000,AMAZON,556.780029296875,569.75,548.6500244140625,567.0,7207300,NETFLIX,333.6099853515625,345.04998779296875,326.6600036621094,344.0,1393700,SPOTIFY
2021-01-26,139.4945068359375,140.60531745751035,137.75033002105468,139.92324336849194,98390600,APPLE,95.21044921875,95.5958125637096,93.5719124038081,93.80010242602992,26262000,GOOGLE,223.34713745117188,225.12559979449426,221.1841320050196,222.89530847335894,49169600,MICROSOFT,166.30650329589844,166.89999389648438,164.14349365234375,164.8179931640625,59104000,AMAZON,561.9299926757812,567.989990234375,554.0599975585938,554.72998046875,5023800,NETFLIX,337.010009765625,340.5,332.3299865722656,337.239990234375,818300,SPOTIFY
2021-01-27,138.42266845703125,140.60532045654497,136.81492129375977,139.75758597887605,140843800,APPLE,90.9173355102539,93.85771663653037,89.83524003537727,93.48675815545793,54966000,GOOGLE,223.8950653076172,231.14354426779957,221.2417842146544,228.79788295270222,69870600,MICROSOFT,161.62899780273438,167.3260040283203,160.35400390625,167.07449340820312,93204000,AMAZON,523.280029296875,556.4199829101562,515.72998046875,550.7100219726562,8670300,NETFLIX,330.19000244140625,344.989990234375,323.5899963378906,330.75,1549000,SPOTIFY
2021-01-28,133.57992553710938,138.35447419549072,133.19991174456135,135.94771521998626,142621100,APPLE,92.52234649658203,94.29620299289358,91.50580443786549,91.57035749557768,35462000,GOOGLE,229.69190979003906,233.25847135017926,226.00038457564827,226.50028319910243,49111200,MICROSOFT,161.88099670410156,165.08399963378906,161.4344940185547,161.7519989013672,62984000,AMAZON,538.5999755859375,553.1500244140625,530.739990234375,535.8800048828125,5969000,NETFLIX,325.44000244140625,331.3299865722656,317.1199951171875,330.17999267578125,1532100,SPOTIFY
2021-01-29,128.58128356933594,133.2388945668448,126.8760908230651,132.35219077043976,177523800,APPLE,91.16315460205078,92.23283044287375,89.89483355305028,91.68110976359064,32252000,GOOGLE,222.99143981933594,228.81713192909436,222.4050244440305,226.865621593154,42503100,MICROSOFT,160.30999755859375,161.84950256347656,159.2274932861328,161.5,85872000,AMAZON,532.3900146484375,541.0,530.1799926757812,538.0,4325300,NETFLIX,315.0,331.3900146484375,312.8299865722656,328.5899963378906,1485500,SPOTIFY
2021-02-01,130.7054901123047,131.9137466089755,127.57767214071629,130.32547623427098,106239800,APPLE,94.42134857177734,95.46629885336267,91.91748702295025,92.04858603471745,32044000,GOOGLE,230.38409423828125,233.1239068460614,223.4432493228023,225.9715669034434,33314200,MICROSOFT,167.1439971923828,167.51300048828125,161.75149536132812,162.1179962158203,83204000,AMAZON,539.0399780273438,545.0599975585938,531.72998046875,536.7899780273438,3547500,NETFLIX,332.6499938964844,332.70001220703125,315.79998779296875,319.45001220703125,1186200,SPOTIFY
2021-02-02,131.53370666503906,132.8199015096137,131.16343146870483,132.2547501087198,83305400,APPLE,95.720458984375,97.12335699570865,95.07388272809686,95.47463603844963,45474000,GOOGLE,230.24951171875,232.94125465334326,229.46122406057862,231.9703108623903,25916300,MICROSOFT,169.0,171.38699340820312,168.05650329589844,169.0,141972000,AMAZON,548.1599731445312,555.47998046875,538.9299926757812,542.010009765625,3767600,NETFLIX,345.04998779296875,350.25,338.8500061035156,339.67999267578125,1744500,SPOTIFY
2021-02-03,130.51058959960938,132.2937358859012,130.189037167514,132.28398241128824,89880900,APPLE,102.80001068115234,105.10572703089974,100.23307382376947,102.9455145881989,82364000,GOOGLE,233.6045684814453,235.61375651700394,230.00916778453657,230.30719416490047,27158100,MICROSOFT,165.62649536132812,171.6999969482422,165.43099975585938,171.25050354003906,141776000,AMAZON,539.4500122070312,550.47998046875,538.239990234375,550.1699829101562,3172300,NETFLIX,317.25,327.29998779296875,310.70001220703125,321.5,6296200,SPOTIFY
2021-02-04,133.8722381591797,133.88197676464856,131.1439269498007,132.81015030717464,84183100,APPLE,102.4176254272461,103.22112494851007,101.43534902427872,102.74141367609894,37046000,GOOGLE,232.6528778076172,233.83533143432533,231.0762876408269,233.27775489537478,25296100,MICROSOFT,166.5500030517578,167.35000610351562,163.8874969482422,166.5,73414000,AMAZON,552.1599731445312,559.47998046875,537.510009765625,539.8099975585938,5164500,NETFLIX,314.70001220703125,323.9800109863281,312.8999938964844,319.30999755859375,2451300,SPOTIFY
2021-02-05,133.45750427246094,134.10157011842293,132.57924349365368,134.03326822644928,75693800,APPLE,104.18701934814453,104.41098867484233,102.26665873893617,102.7965333239075,30702000,GOOGLE,232.83554077148438,233.87378525346736,231.12436412585157,232.86437967358214,18054800,MICROSOFT,167.6074981689453,168.85000610351562,165.135498046875,165.9499969482422,72416000,AMAZON,550.7899780273438,554.4400024414062,545.47998046875,552.260009765625,2376200,NETFLIX,310.7699890136719,316.760009765625,306.0,316.2300109863281,2342800,SPOTIFY
2021-02-08,133.60389709472656,133.65269267140306,131.66194630942968,132.7451425942424,71297200,APPLE,103.93424987792969,105.45569096544332,102.89585419269478,104.5798334997149,24838000,GOOGLE,233.0950469970703,234.2582548729624,231.4992263607579,233.7487481721473,22211900,MICROSOFT,166.14700317382812,168.25,165.1999969482422,167.9250030517578,65148000,AMAZON,547.9199829101562,555.0,543.7000122070312,555.0,2791700,NETFLIX,323.7900085449219,325.0799865722656,311.67999267578125,311.92999267578125,1609000,SPOTIFY
2021-02-09,132.7256317138672,134.5504851694013,132.56950670280034,133.3209020588762,76774200,APPLE,103.46745300292969,104.54110708117632,103.22064494455837,103.22064494455837,17798000,GOOGLE,234.3447723388672,235.296485150231,232.04718094927526,232.51822598316113,23565000,MICROSOFT,165.25,166.89999389648438,164.89199829101562,165.62449645996094,44070000,AMAZON,559.0700073242188,566.0,543.0,546.0,3703500,NETFLIX,334.0,334.6199951171875,320.4100036621094,323.3699951171875,1440500,SPOTIFY
2021-02-10,132.12062072753906,133.68199010871433,131.15452174777565,133.1842959871747,73046600,APPLE,104.05692291259766,104.70201408982481,102.45340168122844,103.99882590963989,22710000,GOOGLE,233.43153381347656,236.4116655813092,231.57614834749486,235.52723852750492,22186700,MICROSOFT,164.32899475097656,165.8975067138672,162.6999969482422,165.6999969482422,63032000,AMAZON,563.5900268554688,566.6500244140625,553.4600219726562,562.5,3991300,NETFLIX,335.7099914550781,339.6199951171875,325.6300048828125,334.3399963378906,1492000,SPOTIFY
2021-02-11,131.86688232421875,133.09645045385943,130.53972304081887,132.61827762495054,64280000,APPLE,104.08224487304688,104.38715749634916,103.16005070399416,104.26201442684354,18914000,GOOGLE,235.03697204589844,235.67144246357017,232.78743534550657,235.3157529463643,15751100,MICROSOFT,163.10650634765625,164.60000610351562,162.4029998779297,164.60000610351562,46028000,AMAZON,557.5900268554688,565.9299926757812,554.219970703125,564.4400024414062,2730600,NETFLIX,331.8999938964844,337.8819885253906,325.95001220703125,335.8999938964844,1032400,SPOTIFY
2021-02-12,132.10107421875,132.25721410503192,130.46165008374714,131.10571594692075,60145100,APPLE,104.49044036865234,104.72434385194158,103.44857417935044,103.80214974089506,17114000,GOOGLE,235.51763916015625,235.81565088107706,233.34501108331926,234.49861099316243,16561100,MICROSOFT,163.885498046875,164.0124969482422,161.66549682617188,162.5,46706000,AMAZON,556.52001953125,561.25,550.8499755859375,556.9400024414062,2197100,NETFLIX,339.70001220703125,340.42999267578125,329.3949890136719,333.94000244140625,1119500,SPOTIFY
2021-02-16,129.9737091064453,132.7256035555492,129.58335943579118,132.21817131917496,80576300,APPLE,105.37390899658203,106.90245038341605,104.50287076330535,104.50287076330535,22676000,GOOGLE,234.2775115966797,236.61356501974242,233.52767090997287,235.55608986217183,26728500,MICROSOFT,163.44749450683594,165.4149932861328,162.67950439453125,162.70249938964844,51494000,AMAZON,557.280029296875,563.6300048828125,552.72998046875,557.2899780273438,2624100,NETFLIX,353.7300109863281,364.0,343.0,343.0,1923600,SPOTIFY
2021-02-17,127.68045806884766,129.02713844569294,126.34354574073313,128.0805609185362,97918500,APPLE,105.69221496582031,105.95789864794196,104.23270512572414,104.28633894872502,21418000,GOOGLE,235.29885864257812,235.40484970887286,232.15769158186703,232.52384521135843,21653500,MICROSOFT,165.4320068359375,166.04550170898438,162.97500610351562,163.17999267578125,65950000,AMAZON,551.3400268554688,555.25,543.030029296875,550.989990234375,2069600,NETFLIX,355.19000244140625,355.7099914550781,342.7300109863281,349.4100036621094,1283000,SPOTIFY
2021-02-18,126.5777816772461,126.86077223279327,124.33331888275549,126.08008757945029,96856700,APPLE,105.14049530029297,105.91196458117122,104.47058020173797,104.80230971925383,22432000,GOOGLE,234.90379333496094,235.0386897154469,232.08059954957508,232.98633869109634,16925600,MICROSOFT,166.4114990234375,166.89999389648438,163.69700622558594,164.12100219726562,60548000,AMAZON,548.219970703125,550.0,538.22998046875,549.0,2456200,NETFLIX,354.8800048828125,358.7090148925781,341.5899963378906,353.57000732421875,1386500,SPOTIFY
2021-02-19,126.73390197753906,127.55362902270863,125.68974801869315,127.09497736433161,87668800,APPLE,104.34294891357422,105.80245872805783,104.1577159692045,105.24328938202082,29148000,GOOGLE,232.18661499023438,234.97127354610058,231.42540235409896,234.8652824715477,25262600,MICROSOFT,162.4949951171875,166.6750030517578,162.28750610351562,166.4114990234375,86104000,AMAZON,540.219970703125,548.989990234375,538.8099975585938,548.0,2841500,NETFLIX,364.5899963378906,365.989990234375,354.1780090332031,355.6199951171875,1313800,SPOTIFY
2021-02-22,122.95735168457031,126.58752230648321,122.5670093965397,124.91880883902334,103916400,APPLE,102.54228210449219,103.86025872703895,102.40621222539535,102.64755686254156,27350000,GOOGLE,225.96206665039062,229.2574053237831,223.92897590919952,228.76600020057145,36446900,MICROSOFT,159.03700256347656,161.61599731445312,158.61300659179688,160.406494140625,70314000,AMAZON,533.780029296875,541.7899780273438,530.7899780273438,534.989990234375,3078600,NETFLIX,349.9100036621094,387.44000244140625,344.0,360.9100036621094,4523400,SPOTIFY
2021-02-23,122.82073974609375,123.65021250049017,115.53112373320839,120.77145192783192,158273000,APPLE,102.83924102783203,103.39295455491721,99.4206341861193,100.56232687286911,33348000,GOOGLE,224.76727294921875,226.27040833152452,220.3927484877867,221.9344340967485,30228700,MICROSOFT,159.72500610351562,160.2364959716797,154.67999267578125,156.35150146484375,93544000,AMAZON,546.1500244140625,548.5399780273438,518.280029296875,525.0,4136500,NETFLIX,336.30999755859375,337.8800048828125,310.3399963378906,332.57000732421875,4162000,SPOTIFY
2021-02-24,122.32303619384766,122.52796420280912,119.27838298052396,121.92294077973033,111039900,APPLE,104.04647064208984,104.32506642736628,101.21385788397947,101.39759804068359,24966000,GOOGLE,226.00059509277344,226.62689654449298,220.65289108022142,221.62607102742007,26339700,MICROSOFT,157.97650146484375,158.56149291992188,156.2689971923828,158.33749389648438,60226000,AMAZON,553.4099731445312,556.8499755859375,539.0700073242188,539.7999877929688,3245000,NETFLIX,334.69000244140625,339.20001220703125,324.0,335.2200012207031,1477600,SPOTIFY
2021-02-25,118.06835174560547,123.40626429687318,117.62922124798095,121.6692486287069,148199500,APPLE,100.87767028808594,104.03208635193012,100.37759056353809,102.66990237188517,36568000,GOOGLE,220.6432342529297,226.03910333947002,219.57369357947002,223.62059907002538,39542200,MICROSOFT,152.85800170898438,158.91299438476562,152.38800048828125,156.83700561523438,90676000,AMAZON,546.7000122070312,556.47998046875,535.75,550.27001953125,4252900,NETFLIX,303.05999755859375,335.0,302.6000061035156,330.0,2428200,SPOTIFY
2021-02-26,118.3318099975586,121.83511493787971,118.27325381762451,119.62968743773787,164560400,APPLE,101.15081024169922,102.84670161369147,100.11787785693068,101.82916679049612,41670000,GOOGLE,223.9097137451172,226.79071832129497,221.1732210595006,223.09069051024048,37819200,MICROSOFT,154.64649963378906,156.1219940185547,151.8350067138672,154.75999450683594,85518000,AMAZON,538.8499755859375,553.0900268554688,538.0,546.510009765625,3755600,NETFLIX,307.3800048828125,311.8299865722656,295.3399963378906,300.0,2595700,SPOTIFY
2021-03-01,124.70411682128906,124.84073549345864,119.82485725763502,120.76167420043748,116307900,APPLE,103.36812591552734,103.61691926949968,101.60965936958632,102.12711438606556,28090000,GOOGLE,228.30348205566406,228.81416225129144,224.6516202387032,227.30138207369913,25324000,MICROSOFT,157.3070068359375,157.47799682617188,154.89950561523438,156.39450073242188,54582000,AMAZON,550.6400146484375,552.1400146484375,542.0,545.5700073242188,3041400,NETFLIX,321.2799987792969,321.7799987792969,307.3999938964844,313.0,1539500,SPOTIFY
2021-03-02,122.0986099243164,125.61167577926304,121.99126560430425,125.30916402931615,102260900,APPLE,103.08655548095703,104.50335839508823,102.85911562585606,103.10393835710568,22692000,GOOGLE,225.3454132080078,228.65039705142556,224.94072400929227,228.37095934349503,22812500,MICROSOFT,154.72650146484375,158.17599487304688,154.3560028076172,157.17349243164062,51916000,AMAZON,547.8200073242188,556.989990234375,546.02001953125,553.3400268554688,3042200,NETFLIX,322.739990234375,326.1499938964844,316.3399963378906,320.07000732421875,1483000,SPOTIFY
2021-03-03,119.11251068115234,122.67437250675799,118.89782201758517,121.79610408542001,112966300,APPLE,100.6467514038086,103.71614744480857,99.81692747469612,102.65798194014774,29684000,GOOGLE,219.26539611816406,225.0659701891596,218.97632822975632,223.69773120014005,34029500,MICROSOFT,150.25,155.38900756835938,149.75,154.0590057373047,79774000,AMAZON,520.7000122070312,548.010009765625,517.8099975585938,545.9299926757812,5362400,NETFLIX,300.239990234375,323.0400085449219,299.8900146484375,322.7300109863281,1636600,SPOTIFY
2021-03-04,117.2291030883789,120.61531086428089,115.75557186593713,118.80998607618001,178155000,APPLE,101.75814819335938,103.7520035618548,100.32694032520229,100.48089320545296,42360000,GOOGLE,218.46563720703125,224.01569334198643,216.08566807744373,218.47528211448403,44727800,MICROSOFT,148.8784942626953,152.906494140625,147.27149963378906,150.60000610351562,109632000,AMAZON,511.2900085449219,531.5,507.67999267578125,521.5,5034800,NETFLIX,285.010009765625,301.2799987792969,278.2300109863281,297.4800109863281,2591400,SPOTIFY
2021-03-05,118.48794555664062,118.99539275523834,114.73091692483256,118.05857574839611,153766600,APPLE,104.71043395996094,105.18568204695694,101.62529202488939,102.9514674242567,43904000,GOOGLE,223.15811157226562,224.7672377721346,218.2054668095368,221.1539264753207,41872800,MICROSOFT,150.0229949951172,150.4499969482422,144.0500030517578,150.25,107772000,AMAZON,516.3900146484375,517.760009765625,498.7900085449219,511.9800109863281,5070000,NETFLIX,274.9800109863281,291.3699951171875,261.6000061035156,290.0,2599400,SPOTIFY
2021-03-08,113.55015563964844,118.07810897497683,113.40377632957288,118.00979962296303,154376600,APPLE,100.52061462402344,105.71704868302214,100.3934786674873,104.34246029802235,32948000,GOOGLE,219.10157775878906,224.86360116532182,218.85106011593194,222.93650165921431,35267400,MICROSOFT,147.59750366210938,153.22950744628906,147.5655059814453,150.75,83700000,AMAZON,493.3299865722656,518.8400268554688,492.8500061035156,514.4600219726562,3981800,NETFLIX,258.3299865722656,276.5899963378906,254.9199981689453,275.0,2108000,SPOTIFY
2021-03-09,118.1659164428711,119.1124940848032,115.92146128458052,116.15566368258474,129525800,APPLE,101.93741607666016,103.19580287718115,101.69557133158327,102.7965347526403,33946000,GOOGLE,225.25863647460938,226.80032179889255,223.22554612072886,224.39144766882563,33080500,MICROSOFT,153.1425018310547,154.54800415039062,150.25750732421875,150.89950561523438,80600000,AMAZON,506.44000244140625,513.1099853515625,503.82000732421875,507.30999755859375,3470000,NETFLIX,273.5799865722656,279.6400146484375,268.6000061035156,274.6000061035156,2424000,SPOTIFY
2021-03-10,117.08273315429688,119.21984409787017,116.5655253098007,118.75143927948164,111943300,APPLE,102.0531234741211,103.04483391737877,100.9774842066455,102.8839324499317,25372000,GOOGLE,223.94825744628906,228.36131758416906,223.58210379343052,228.36131758416906,29746800,MICROSOFT,152.8820037841797,155.822998046875,151.50250244140625,154.92250061035156,60250000,AMAZON,504.5400085449219,518.969970703125,504.25,513.5,3771500,NETFLIX,270.19000244140625,284.0199890136719,269.3999938964844,282.7300109863281,1319500,SPOTIFY
2021-03-11,119.0149154663086,120.23473053231106,118.33182200741135,119.58091144377221,103026500,APPLE,105.01983642578125,105.56262321617962,102.91474268312516,102.99817140200784,24782000,GOOGLE,228.486572265625,230.45220741847595,225.7693547309097,226.39567093202942,29907600,MICROSOFT,155.67950439453125,156.58900451660156,154.14649963378906,155.20050048828125,55528000,AMAZON,523.0599975585938,530.239990234375,510.7099914550781,512.2000122070312,4714500,NETFLIX,286.9599914550781,289.3999938964844,273.07000732421875,276.010009765625,1854800,SPOTIFY
2021-03-12,118.10738372802734,118.24400243249457,116.28254498471752,117.49259955792482,88105100,APPLE,102.3952865600586,103.80265543335705,101.68167175761589,103.54144248438115,34516000,GOOGLE,227.1568603515625,227.2243158933277,224.72871079226346,225.48027844351745,22653700,MICROSOFT,154.47450256347656,154.94900512695312,152.27499389648438,153.75,48438000,AMAZON,518.02001953125,526.510009765625,506.5899963378906,512.5,3981700,NETFLIX,279.8900146484375,281.8699951171875,273.0,280.05999755859375,963500,SPOTIFY
2021-03-15,120.99588012695312,121.00564073101157,117.51208899403603,118.47818777651618,92403800,APPLE,102.62223052978516,102.65053263968963,101.48103793116822,102.41415129605637,25962000,GOOGLE,226.25108337402344,226.61723693357231,223.36043452099622,226.395624638235,26034900,MICROSOFT,154.08399963378906,154.11199951171875,151.60450744628906,153.72850036621094,58272000,AMAZON,520.25,520.72998046875,508.0299987792969,516.3200073242188,3484300,NETFLIX,285.4599914550781,286.3800048828125,275.6700134277344,282.989990234375,866800,SPOTIFY
2021-03-16,122.53775787353516,124.14791545863108,121.70828501004976,122.66461597660332,115227900,APPLE,103.91488647460938,105.45633991461571,102.79654011995008,103.24298602763477,29832000,GOOGLE,229.04544067382812,231.30977399345045,227.3399533273557,227.66755674681707,28092200,MICROSOFT,154.59300231933594,156.44549560546875,153.79299926757812,155.24850463867188,50776000,AMAZON,524.030029296875,533.4199829101562,523.2100219726562,524.469970703125,3238900,NETFLIX,284.69000244140625,292.6600036621094,280.2699890136719,289.0,891800,SPOTIFY
2021-03-17,121.74730682373047,122.8207426159824,119.38573914658367,121.05445274468458,111932600,APPLE,103.84336853027344,104.77201110022234,102.00196591229783,103.0959806952385,25980000,GOOGLE,228.3998260498047,229.85479558056207,224.72870385827406,227.54226736123874,29562100,MICROSOFT,156.7864990234375,158.65249633789062,153.51100158691406,153.66099548339844,62372000,AMAZON,524.4400024414062,528.3699951171875,514.2999877929688,522.0,2817400,NETFLIX,283.3500061035156,287.4599914550781,272.2200012207031,277.3999938964844,844700,SPOTIFY
2021-03-18,117.61944580078125,120.20545520924264,117.41451776473627,119.91269661765824,121229700,APPLE,101.1190185546875,103.06967432851934,100.98642676236462,102.34960344904361,27228000,GOOGLE,222.3101806640625,225.6536991895375,221.93439688149968,224.08310852525122,34833000,MICROSOFT,151.39950561523438,155.8314971923828,151.25,155.0500030517578,72992000,AMAZON,504.7900085449219,517.9000244140625,503.8500061035156,516.4000244140625,4094500,NETFLIX,271.7300109863281,279.9200134277344,266.1449890136719,278.45001220703125,1466800,SPOTIFY
2021-03-19,117.09247589111328,118.49770511150997,116.78996416261775,117.00465278741832,185549500,APPLE,101.46565246582031,101.95728324824415,100.19832408883477,101.4085405483245,46298000,GOOGLE,221.9537353515625,223.99645652681346,220.99018540812634,222.59931204935208,46430700,MICROSOFT,153.7480010986328,153.864501953125,150.8314971923828,151.4615020751953,92508000,AMAZON,512.1799926757812,513.1900024414062,501.6300048828125,504.9599914550781,4386400,NETFLIX,272.1099853515625,275.20001220703125,267.4599914550781,269.989990234375,1327100,SPOTIFY
2021-03-22,120.4103775024414,120.87878973760397,117.35596342731434,117.42427276940472,111912300,APPLE,101.23670959472656,102.20011797996682,100.6149648926867,101.3981111882897,39096000,GOOGLE,227.3881072998047,228.26492638484754,221.7513354679177,221.87660163832476,30127000,MICROSOFT,155.5435028076172,156.32899475097656,153.00250244140625,153.3925018310547,58044000,AMAZON,523.1099853515625,529.3099975585938,509.1300048828125,509.1300048828125,3360600,NETFLIX,275.4700012207031,278.57000732421875,273.2149963378906,276.0,606500,SPOTIFY
2021-03-23,119.58090209960938,121.23984748167706,119.19055981995824,120.35182605450146,95467100,APPLE,101.95032501220703,102.91084628935776,101.26799035002452,101.88774969442517,27340000,GOOGLE,228.920166015625,232.26368503825154,228.42876090462175,228.8334500612015,31638400,MICROSOFT,156.875,159.10000610351562,156.04249572753906,156.35000610351562,76346000,AMAZON,535.0900268554688,543.1199951171875,529.4000244140625,529.8699951171875,5583500,NETFLIX,267.29998779296875,275.6300048828125,266.54998779296875,274.0,802700,SPOTIFY
2021-03-24,117.1900634765625,119.93221266793454,117.17054971237121,119.85414272084951,88530500,APPLE,101.5580062866211,103.20424182108133,101.38395021244662,102.56660705705724,23080000,GOOGLE,226.87747192382812,229.32488226541363,226.74257552236446,229.18035565763293,25620100,MICROSOFT,154.35350036621094,158.0155029296875,154.25750732421875,157.552001953125,59180000,AMAZON,520.8099975585938,534.4199829101562,520.0,533.780029296875,4102200,NETFLIX,258.67999267578125,271.6600036621094,258.05999755859375,270.8699951171875,1053100,SPOTIFY
2021-03-25,117.67798614501953,118.7221549060971,116.1263850777415,116.6533460379,98844700,APPLE,101.52324676513672,102.2438101079927,99.85317231472266,101.54559292778008,28378000,GOOGLE,223.87112426757812,228.3034585804965,223.12920161594084,226.72323772767015,34061900,MICROSOFT,152.31300354003906,155.48899841308594,151.85699462890625,153.64950561523438,71270000,AMAZON,502.8599853515625,518.530029296875,497.0,516.989990234375,4926800,NETFLIX,254.6300048828125,258.9700012207031,250.10000610351562,255.0,1657700,SPOTIFY
2021-03-26,118.28302764892578,118.54651187519468,116.04832553149886,117.44379427923147,94071200,APPLE,101.08573913574219,101.8524951893837,100.0165559083559,101.25011869726772,29870000,GOOGLE,227.8602752685547,228.08190233048978,223.10998133895845,223.10998133895845,25479900,MICROSOFT,152.60150146484375,152.83299255371094,149.8000030517578,152.2030029296875,66258000,AMAZON,508.04998779296875,508.7200012207031,496.67999267578125,502.82000732421875,3467800,NETFLIX,261.30999755859375,263.9200134277344,251.0,258.510009765625,1267700,SPOTIFY
2021-03-29,118.45867919921875,119.61994551573255,117.81462072071783,118.7124028156756,80819200,APPLE,102.09881591796875,102.22197367164188,100.09601911737299,100.70485170424155,24596000,GOOGLE,226.66546630859375,228.16860168438848,223.42793830588067,227.96624975182988,25227500,MICROSOFT,153.7864990234375,154.5625,151.42250061035156,152.77200317382812,54920000,AMAZON,513.9500122070312,518.0,504.3999938964844,505.6600036621094,3330000,NETFLIX,252.58999633789062,261.6050109863281,250.3800048828125,261.0,1078700,SPOTIFY
2021-03-30,117.0046615600586,117.49258758203952,115.98977454091903,117.20958959587135,85671900,APPLE,102.07844543457031,102.83526730146805,101.50685650955424,102.18223498682858,20732000,GOOGLE,223.39901733398438,225.3261168505075,222.6763550152882,225.0177738706146,24792000,MICROSOFT,152.76449584960938,153.64999389648438,151.6999969482422,153.50050354003906,46752000,AMAZON,513.3900146484375,514.4099731445312,506.9100036621094,510.510009765625,2418100,NETFLIX,257.69000244140625,261.44000244140625,249.0,253.63999938964844,1496000,SPOTIFY
2021-03-31,119.20032501220703,120.53723750663126,118.22447299809998,118.7123990051535,118323800,APPLE,102.72850036621094,103.9549553773567,102.13828584684074,102.25623024270668,29198000,GOOGLE,227.17616271972656,230.38478563239548,223.91935937181665,224.42040943363463,43623500,MICROSOFT,154.70399475097656,155.9665069580078,153.125,153.2030029296875,61878000,AMAZON,521.6599731445312,528.1300048828125,515.4400024414062,515.6699829101562,3503100,NETFLIX,267.95001220703125,271.8699951171875,263.8999938964844,266.2799987792969,1194500,SPOTIFY
2021-04-01,120.02980041503906,121.18130611520114,119.53211379208796,120.6738663324064,75089100,APPLE,106.16100311279297,106.41874552428902,104.13188971976611,104.18453088318891,33980000,GOOGLE,233.51629638671875,233.98842637192715,229.37302936873,229.77771851430987,30338000,MICROSOFT,158.0500030517578,158.1219940185547,155.77749633789062,155.89700317382812,58806000,AMAZON,539.4199829101562,540.5,527.030029296875,529.9299926757812,3938600,NETFLIX,273.1000061035156,280.0,270.5299987792969,271.19000244140625,1183800,SPOTIFY
2021-04-05,122.85977172851562,123.11349534026344,120.09810870436394,120.87879330428332,88651200,APPLE,110.52117156982422,111.105180115244,106.84980064800281,106.91535394206188,43298000,GOOGLE,239.99136352539062,240.84892228709435,233.85354110259084,233.91135174004893,36910600,MICROSOFT,161.3365020751953,161.79800415039062,158.06199645996094,158.64999389648438,66698000,AMAZON,540.6699829101562,542.8499755859375,529.22998046875,540.010009765625,3355900,NETFLIX,273.29998779296875,279.989990234375,272.0899963378906,279.55999755859375,949300,SPOTIFY
2021-04-06,123.16228485107422,124.06006693940361,122.61581009211896,123.44528283557895,80171300,APPLE,110.4814453125,111.12255816762938,109.98732156186315,110.36970692014786,27060000,GOOGLE,238.8254852294922,240.3093456462805,237.8812104188087,238.5845977480093,22931900,MICROSOFT,161.1909942626953,162.36549377441406,160.8520050048828,161.1875,50756000,AMAZON,544.530029296875,554.1699829101562,543.2999877929688,544.8099975585938,3474200,NETFLIX,282.3399963378906,288.6499938964844,278.760009765625,279.989990234375,1280500,SPOTIFY
2021-04-07,124.81148529052734,124.8309990566897,122.11813140531842,122.79147173791083,83466700,APPLE,111.719482421875,111.98367335089904,110.51025860275394,110.54998764451138,25798000,GOOGLE,240.7910614013672,241.78351640483447,238.17984997761982,238.7772460799706,22719800,MICROSOFT,163.96949768066406,165.1804962158203,161.1824951171875,161.69000244140625,66924000,AMAZON,546.989990234375,549.6400146484375,541.4500122070312,543.5,2151300,NETFLIX,280.1499938964844,282.8800048828125,276.510009765625,281.4599914550781,690200,SPOTIFY
2021-04-08,127.21211242675781,127.24138680591332,125.4165476837029,125.83615704514857,88844600,APPLE,112.50212097167969,113.42405745735331,112.11675762816488,113.12386565664774,27166000,GOOGLE,244.01898193359375,244.87654065021187,242.81454470786034,243.55648215564094,23625200,MICROSOFT,164.96499633789062,166.22500610351562,164.60000610351562,165.5449981689453,56242000,AMAZON,554.5800170898438,556.9000244140625,547.5700073242188,551.1300048828125,4309800,NETFLIX,280.94000244140625,285.989990234375,279.5,285.1700134277344,679900,SPOTIFY
2021-04-09,129.7882843017578,129.8273118204854,126.34352877429735,126.66556164248553,106686700,APPLE,113.51717376708984,113.67410461282402,111.91980568049868,112.0680905535152,20888000,GOOGLE,246.52420043945312,246.65909681143572,243.23849238300303,243.65281170316325,24326800,MICROSOFT,168.61000061035156,168.61000061035156,164.44500732421875,165.23500061035156,86830000,AMAZON,555.3099975585938,556.9000244140625,547.1099853515625,552.6900024414062,2894000,NETFLIX,279.20001220703125,279.7300109863281,273.3500061035156,279.67999267578125,1171000,SPOTIFY
2021-04-12,128.07083129882812,129.64195373047176,127.4755609392533,129.31992075985053,91420000,APPLE,111.9732437133789,112.99276379401618,111.16253789460286,112.5423472559571,31318000,GOOGLE,246.58201599121094,248.27787293295458,245.33902860071908,245.4257592507689,27148700,MICROSOFT,168.96949768066406,169.7519989013672,167.5574951171875,167.760498046875,65636000,AMAZON,552.780029296875,557.97998046875,549.5800170898438,551.0499877929688,2944100,NETFLIX,276.9100036621094,278.82000732421875,271.260009765625,277.3800048828125,622100,SPOTIFY
2021-04-13,131.18374633789062,131.40820296609388,128.7441169120697,129.2418108447396,91266500,APPLE,112.59300231933594,113.08661840783515,112.03779598848432,112.30497245933866,23310000,GOOGLE,249.06797790527344,249.74247452603694,247.46848171177655,247.88283047292305,23837500,MICROSOFT,170.0,171.60000610351562,169.781494140625,170.04249572753906,66316000,AMAZON,553.72998046875,559.75,550.2999877929688,557.0,2720300,NETFLIX,293.1199951171875,294.2200012207031,278.5,279.9200134277344,1154300,SPOTIFY
2021-04-14,128.84173583984375,131.7400174141813,128.48067537183306,131.68146867778168,87222800,APPLE,111.9757080078125,113.12534188362673,111.69513447885198,112.98480884913563,20220000,GOOGLE,246.273681640625,249.39557347884994,245.85936229769126,248.0948048163931,23070900,MICROSOFT,166.64999389648438,170.2064971923828,166.3000030517578,170.20199584960938,62904000,AMAZON,540.02001953125,554.8699951171875,538.530029296875,554.8699951171875,3740300,NETFLIX,287.6000061035156,294.3999938964844,285.1499938964844,294.0,815600,SPOTIFY
2021-04-15,131.25210571289062,131.74003175643296,130.41287232238494,130.58853344102718,89347100,APPLE,114.05250549316406,114.54597757924776,112.52992780673908,113.07519237333476,27472000,GOOGLE,250.04116821289062,250.45548756154315,248.33569568609872,248.52838799920875,25627500,MICROSOFT,168.95449829101562,169.85000610351562,167.60000610351562,168.5500030517578,64672000,AMAZON,549.219970703125,553.489990234375,542.6599731445312,544.1699829101562,3139100,NETFLIX,299.739990234375,300.94000244140625,290.29998779296875,291.2799987792969,1216600,SPOTIFY
2021-04-16,130.92031860351562,131.41799780371278,130.06156400836352,131.05693729907884,84922400,APPLE,114.10713958740234,114.53818793422272,113.44616595293898,114.36735987883522,22596000,GOOGLE,251.2359619140625,251.48649426821015,248.2104308752593,250.01226427112198,24878600,MICROSOFT,169.9720001220703,170.33999633789062,167.7794952392578,169.0,63720000,AMAZON,546.5399780273438,551.97998046875,539.510009765625,550.5399780273438,3209100,NETFLIX,292.0199890136719,299.739990234375,290.3999938964844,299.739990234375,777800,SPOTIFY
2021-04-19,131.5839080810547,132.1986997366617,130.1201297698555,130.28602285828597,94264200,APPLE,114.33756256103516,115.13460605925181,113.6147562178504,113.82009996228328,24688000,GOOGLE,249.30885314941406,251.94899946253807,248.42240384546088,250.70601205036382,23209300,MICROSOFT,168.60049438476562,171.79649353027344,168.00799560546875,169.51649475097656,54508000,AMAZON,554.4400024414062,556.4400024414062,545.530029296875,546.9000244140625,4288700,NETFLIX,280.3699951171875,291.6600036621094,278.0899963378906,287.0,1398400,SPOTIFY
2021-04-20,129.8956756591797,132.2572359912941,128.6270649312646,131.75955677302224,94812300,APPLE,113.90203857421875,114.69511140758468,112.81348717611264,114.61018992543248,21774000,GOOGLE,248.8463897705078,250.71567880262714,247.47813606666094,248.42242549073595,19722900,MICROSOFT,166.7344970703125,169.14950561523438,165.8000030517578,168.67999267578125,52460000,AMAZON,549.5700073242188,563.5599975585938,546.2999877929688,554.4199829101562,11257600,NETFLIX,271.20001220703125,281.0,268.05999755859375,281.0,1262200,SPOTIFY
2021-04-21,130.2762451171875,130.52020812302493,128.12937364388216,129.16377440618163,68847100,APPLE,113.8851547241211,113.98596631177932,112.16095377197585,113.48588658181055,23930000,GOOGLE,251.081787109375,251.1781479677926,247.87317930102822,249.5015807711074,24030400,MICROSOFT,168.1009979248047,168.14300537109375,165.1905059814453,165.8000030517578,44224000,AMAZON,508.8999938964844,515.4600219726562,503.6000061035156,508.0,22897400,NETFLIX,261.7099914550781,267.2650146484375,260.6099853515625,267.260009765625,1828500,SPOTIFY
2021-04-22,128.75387573242188,130.91049965171587,128.23667552243833,129.82730366866602,84566500,APPLE,112.62527465820312,114.40519313286548,112.05567104235782,113.88216865000673,21096000,GOOGLE,247.796142578125,252.23809353590977,246.3218976936816,250.7253131243237,25606200,MICROSOFT,165.45199584960938,168.64349365234375,165.07249450683594,168.58399963378906,51612000,AMAZON,508.7799987792969,513.9600219726562,500.54998779296875,513.8200073242188,9061100,NETFLIX,265.1600036621094,271.6300048828125,264.6099853515625,266.0199890136719,1482300,SPOTIFY
2021-04-23,131.07643127441406,131.85710086380988,128.96858764628234,128.96858764628234,78657500,APPLE,114.9781723022461,115.50059817563802,113.13627707825277,113.39749001494873,28670000,GOOGLE,251.63107299804688,251.97796628376562,247.89249434701014,248.48027512926257,21462600,MICROSOFT,167.04400634765625,168.75,165.4250030517578,165.9550018310547,63856000,AMAZON,505.54998779296875,509.70001220703125,500.70001220703125,509.010009765625,7307700,NETFLIX,284.1099853515625,286.2900085449219,267.8599853515625,268.0,2239000,SPOTIFY
2021-04-26,131.466796875,131.79858301727063,130.33480485867753,131.57414120224303,66905100,APPLE,115.54627990722656,116.26735095454649,114.90566717052828,115.20809433526924,20834000,GOOGLE,252.0164031982422,252.87397651486,250.68672936049217,252.12240895213077,19763300,MICROSOFT,170.4499969482422,171.42250061035156,166.5469970703125,167.39999389648438,97614000,AMAZON,510.29998779296875,510.4800109863281,503.0,506.760009765625,4388800,NETFLIX,298.0199890136719,298.7300109863281,277.3299865722656,278.1199951171875,2239600,SPOTIFY
2021-04-27,131.14476013183594,132.1401334204204,130.87152274129448,131.7497836551319,66015800,APPLE,114.57195281982422,116.07814028152193,114.43041954312457,116.00613850428667,31972000,GOOGLE,252.42112731933594,253.59665918186172,250.638554413961,252.0453288051133,31014200,MICROSOFT,170.8715057373047,173.0,169.90049743652344,172.17349243164062,76542000,AMAZON,505.54998779296875,512.989990234375,504.5799865722656,512.6199951171875,3761300,NETFLIX,292.9200134277344,299.4849853515625,289.6400146484375,297.8800048828125,1239400,SPOTIFY
2021-04-28,130.35430908203125,131.7595383135996,129.86638309275443,131.06667685708592,107760100,APPLE,118.18671417236328,121.78548461462611,117.93543539075124,119.53920643416441,59728000,GOOGLE,245.28123474121094,247.18907393112897,243.72991897507123,246.74581985137027,46903100,MICROSOFT,172.9250030517578,174.49400329589844,171.25,171.74000549316406,92638000,AMAZON,506.5199890136719,508.3999938964844,503.3399963378906,505.20001220703125,3193000,NETFLIX,256.8399963378906,270.1600036621094,255.16000366210938,269.70001220703125,7772300,SPOTIFY
2021-04-29,130.25669860839844,133.76001800843707,129.2515724107939,133.17450095202088,151101000,APPLE,120.66873168945312,120.99797577889495,119.29761381225978,119.69738206143543,39554000,GOOGLE,243.30593872070312,246.765093449427,239.92388443782954,246.1484222060443,40589000,MICROSOFT,173.5655059814453,175.72250366210938,171.75,175.2550048828125,153648000,AMAZON,509.0,509.2900085449219,499.0,507.6000061035156,5127800,NETFLIX,262.1499938964844,265.8800048828125,260.0,262.8399963378906,3330800,SPOTIFY
2021-04-30,128.28549194335938,130.33477191318826,127.9049103139399,128.59775679529238,109839500,APPLE,119.68695068359375,120.53217218777338,119.29166075067967,119.40736978099824,39142000,GOOGLE,242.98802185058594,243.8552256361316,240.50207589212962,240.63697229842265,30945100,MICROSOFT,173.37100219726562,177.6999969482422,173.125,176.25599670410156,140186000,AMAZON,513.469970703125,514.5499877929688,505.0,505.0,4413200,NETFLIX,252.1199951171875,264.3999938964844,251.9600067138672,260.0,2187600,SPOTIFY
2021-05-03,129.33941650390625,130.83248375117557,128.64656992797262,128.85149050777056,75135100,APPLE,118.94453430175781,120.16269958102548,118.41465968441923,119.31947096521989,33788000,GOOGLE,242.67962646484375,245.07887049530544,241.96659439850615,244.16348652412827,19626600,MICROSOFT,169.32449340820312,174.33250427246094,168.63499450683594,174.2364959716797,117510000,AMAZON,509.1099853515625,518.9500122070312,505.20001220703125,512.6500244140625,4091900,NETFLIX,247.69000244140625,258.6000061035156,246.89999389648438,255.4199981689453,2305600,SPOTIFY
2021-05-04,124.7626724243164,128.3147804318186,123.64044117384255,128.0220218638134,137564700,APPLE,116.91244506835938,118.15444173452738,114.79940262096032,117.68167902440736,35120000,GOOGLE,238.7579803466797,242.0533333507918,236.8019755773851,241.82207612341142,32756100,MICROSOFT,165.593505859375,168.3990020751953,163.60650634765625,167.8094940185547,108788000,AMAZON,503.17999267578125,511.6300048828125,496.7900085449219,510.7799987792969,4349500,NETFLIX,240.1199951171875,244.8000030517578,236.34500122070312,244.39999389648438,2562400,SPOTIFY
2021-05-05,125.00665283203125,127.29989620196363,124.87978730136861,126.08008114657817,84000900,APPLE,117.03608703613281,118.30043735484581,116.77140358863262,117.61611735884537,21806000,GOOGLE,237.48614501953125,240.40570004020393,236.85984346559866,239.98173573180443,21901300,MICROSOFT,163.52699279785156,167.73500061035156,163.21800231933594,166.9429931640625,74226000,AMAZON,496.0799865722656,507.7799987792969,494.6300048828125,504.989990234375,3129400,NETFLIX,239.5,246.33999633789062,236.67100524902344,246.0,1549900,SPOTIFY
2021-05-06,126.60704803466797,126.61680119447594,124.06006618952057,124.80171581873422,78128300,APPLE,118.25822448730469,118.32576309593807,116.3208825675592,116.73316133099752,20618000,GOOGLE,240.62725830078125,240.75252446444634,235.77097436595255,237.4668165156734,26491100,MICROSOFT,165.31849670410156,165.72000122070312,162.36000061035156,163.5,88954000,AMAZON,499.54998779296875,499.54998779296875,491.3699951171875,495.989990234375,3783700,NETFLIX,237.0399932861328,237.72999572753906,230.3000030517578,235.5,1770100,SPOTIFY
2021-05-07,127.28152465820312,128.307897749906,126.56793194976201,127.90713017156261,78973300,APPLE,119.11933898925781,119.99931866088252,118.68779053253948,119.18439216656684,23272000,GOOGLE,243.25778198242188,245.03071003481767,242.0147945427054,242.9590692028245,27032900,MICROSOFT,164.58050537109375,166.54449462890625,164.45350646972656,165.95449829101562,94206000,AMAZON,503.8399963378906,508.54998779296875,501.1199951171875,504.6199951171875,3132800,NETFLIX,239.41000366210938,246.5,237.35000610351562,242.36000061035156,1312600,SPOTIFY
2021-05-10,123.99707794189453,126.62657341198205,123.95797666716017,126.49950732025513,88071200,APPLE,116.28721618652344,118.09186782363435,115.94307465547669,117.9374224148402,26006000,GOOGLE,238.17025756835938,242.55441256020535,238.11244692669274,241.72575905690567,29299900,MICROSOFT,159.52450561523438,164.14999389648438,159.5,164.11599731445312,116772000,AMAZON,486.69000244140625,503.1499938964844,486.1099853515625,502.0,5131600,NETFLIX,228.2100067138672,237.47000122070312,227.6300048828125,235.4199981689453,1857300,SPOTIFY
2021-05-11,123.0782241821289,123.43012073939632,120.0088375044798,120.72242271776828,126142800,APPLE,114.65340423583984,115.3108997784846,113.37415640533781,113.81414624829634,32110000,GOOGLE,237.25486755371094,237.61139098411766,233.7282863940429,235.6361109168277,33641600,MICROSOFT,161.19549560546875,161.89999389648438,156.36849975585938,156.81399536132812,92396000,AMAZON,495.0799865722656,497.989990234375,478.6300048828125,479.75,4401000,NETFLIX,228.00999450683594,230.94000244140625,221.0,221.72999572753906,2509400,SPOTIFY
2021-05-12,120.00885009765625,121.83679573122357,119.50054838799285,120.62468591755979,112172300,APPLE,111.19307708740234,113.49184487851753,110.74464588842024,112.31688678777981,34934000,GOOGLE,230.28842163085938,235.4723246970904,229.39232729849988,233.34287299026997,36684400,MICROSOFT,157.5970001220703,160.39700317382812,156.65499877929688,159.25,98728000,AMAZON,484.9800109863281,493.5400085449219,482.70001220703125,486.8299865722656,4121500,NETFLIX,225.60000610351562,232.00999450683594,223.39999389648438,224.77000427246094,1322100,SPOTIFY
2021-05-13,122.15937042236328,123.31283199690465,121.46533953245027,121.77814229209847,105861300,APPLE,112.32978820800781,113.05636049574576,111.37382867206209,112.28608096541855,26670000,GOOGLE,234.17147827148438,236.64780801391828,232.6201626938285,232.98631627818247,29624300,MICROSOFT,158.07350158691406,160.19200134277344,156.64999389648438,159.27349853515625,67018000,AMAZON,486.6600036621094,490.7799987792969,482.7099914550781,489.1300048828125,2712500,NETFLIX,217.07000732421875,231.41000366210938,214.15499877929688,229.0,1635700,SPOTIFY
2021-05-14,124.58360290527344,125.01370954120979,123.01958894433238,123.41059429901935,81918000,APPLE,115.0208740234375,115.2681821640389,113.39003607815347,113.81264300616404,26624000,GOOGLE,239.10487365722656,240.09732876118926,236.54184239891873,236.62855835108564,23901100,MICROSOFT,161.14500427246094,161.4429931640625,159.14999389648438,159.2779998779297,66500000,AMAZON,493.3699951171875,494.8500061035156,486.5899963378906,487.8599853515625,2882500,NETFLIX,223.58999633789062,223.85000610351562,216.8000030517578,219.0500030517578,2461700,SPOTIFY
2021-05-17,123.43013763427734,124.07529756948797,122.35487853339957,123.96777091361953,74244600,APPLE,115.28160095214844,115.37744167096106,113.97007284866895,114.68120976985234,19842000,GOOGLE,236.24313354492188,237.6017422952167,234.64365204657955,237.56320677225798,24970200,MICROSOFT,163.51950073242188,164.6374969482422,161.72950744628906,162.29649353027344,74478000,AMAZON,488.94000244140625,492.7099914550781,482.80999755859375,485.5899963378906,2705200,NETFLIX,223.3300018310547,223.6999969482422,215.94000244140625,222.9600067138672,1352400,SPOTIFY
2021-05-18,122.04206848144531,124.1339383673377,121.97364310976869,123.71360895337953,63342900,APPLE,114.38871002197266,116.36121175024678,114.37529777706739,116.0511312565923,17302000,GOOGLE,234.21963500976562,237.42825689382158,234.04618843902213,237.29336053995436,20168000,MICROSOFT,161.61399841308594,165.60000610351562,161.51849365234375,164.62899780273438,56568000,AMAZON,486.2799987792969,493.4800109863281,486.19000244140625,488.3999938964844,2350500,NETFLIX,220.99000549316406,230.3800048828125,220.5,225.63999938964844,1292600,SPOTIFY
2021-05-19,121.88567352294922,122.1104965529405,120.09682917810171,120.39008503908883,92612000,APPLE,114.65091705322266,115.05067773178804,112.40677566111775,112.45047533192839,19350000,GOOGLE,234.7991485595703,234.90538436974762,230.43385737322748,231.11954918173777,25739800,MICROSOFT,161.58999633789062,161.7375030517578,159.1999969482422,159.75,53594000,AMAZON,487.70001220703125,488.57000732421875,478.5400085449219,481.6300048828125,3349900,NETFLIX,220.30999755859375,220.8800048828125,211.10000610351562,212.67999267578125,1831800,SPOTIFY
2021-05-20,124.44673919677734,124.84752169451296,122.2864439727993,122.41352498808429,76857100,APPLE,117.0038070678711,117.21486427042537,115.26570140984182,115.61084317058365,23832000,GOOGLE,238.0441131591797,239.4638029635888,235.5137884879569,235.6103718400931,21800700,MICROSOFT,162.38400268554688,162.98399353027344,161.8090057373047,162.22000122070312,52664000,AMAZON,501.6700134277344,502.70001220703125,488.9800109863281,489.54998779296875,3721200,NETFLIX,228.67999267578125,231.19000244140625,223.51499938964844,225.4600067138672,1233400,SPOTIFY
2021-05-21,122.60902404785156,125.12122331133726,122.39397075203622,124.94527129274346,79295400,APPLE,116.45803833007812,117.64491584936623,116.32246857889487,117.49544131402216,22832000,GOOGLE,236.77899169921875,239.8308434203437,236.36371563375428,239.09685992167127,21863100,MICROSOFT,160.1540069580078,162.83450317382812,159.85049438476562,162.5,82098000,AMAZON,497.8900146484375,505.3999938964844,497.260009765625,503.1199951171875,3322900,NETFLIX,229.13999938964844,231.55999755859375,225.39700317382812,229.9499969482422,1037500,SPOTIFY
2021-05-24,124.24147033691406,125.06258229000034,123.10756306374581,123.17598843835246,63092900,APPLE,119.515625,120.10211138815971,117.20344496256361,117.54560117294325,21244000,GOOGLE,242.19699096679688,242.56399008801017,239.0389034036192,239.30931915507537,21411500,MICROSOFT,162.24949645996094,162.8975067138672,160.52499389648438,160.77499389648438,48456000,AMAZON,502.8999938964844,504.25,499.510009765625,501.04998779296875,2412600,NETFLIX,234.05999755859375,235.61500549316406,228.3300018310547,229.66000366210938,980900,SPOTIFY
2021-05-25,124.04597473144531,125.43404408732667,123.47901735071959,124.94528180981987,72009500,APPLE,119.63480377197266,120.81771069476025,119.33286914222899,120.17759048740629,18838000,GOOGLE,243.1048126220703,244.09955940034632,242.23562127253584,243.15310430516726,17704300,MICROSOFT,162.95249938964844,163.99099731445312,160.68800354003906,163.33349609375,65222000,AMAZON,501.3399963378906,506.3699951171875,499.2200012207031,506.0,2699500,NETFLIX,236.75999450683594,239.09500122070312,233.25,237.00999450683594,1126600,SPOTIFY
2021-05-26,123.99707794189453,124.52493396410016,123.57674856075704,124.10460458296265,56575900,APPLE,120.8494873046875,121.31699115358892,119.80587831729613,119.82176841667285,21856000,GOOGLE,242.8826904296875,244.28306083094176,242.16801182939886,242.82473156759428,17771600,MICROSOFT,163.25799560546875,164.7864990234375,162.92550659179688,163.72950744628906,47680000,AMAZON,502.3599853515625,504.1400146484375,500.5,502.3399963378906,2465300,NETFLIX,238.38999938964844,239.47000122070312,231.52999877929688,237.89999389648438,1364500,SPOTIFY
2021-05-27,122.46240234375,124.7693256123678,122.26690340551721,123.5963170673582,94625600,APPLE,119.30904388427734,121.17079991286172,119.28371216920267,121.01883993257229,38962000,GOOGLE,240.7772674560547,242.87299660699057,240.71932333687093,242.57360883350702,24426200,MICROSOFT,161.5054931640625,163.01800537109375,161.5019989013672,162.8000030517578,51224000,AMAZON,503.8599853515625,505.1000061035156,498.5400085449219,501.79998779296875,3253800,NETFLIX,240.25999450683594,242.86500549316406,233.96499633789062,238.39999389648438,1002500,SPOTIFY
2021-05-28,121.8074722290039,122.9707110430963,121.74882403932074,122.74588055296678,71311100,APPLE,119.75846099853516,120.58182125613297,119.56627187105762,120.27492333979943,24108000,GOOGLE,241.13465881347656,243.45252730828054,241.01877054653053,242.40948869610196,18270200,MICROSOFT,161.15350341796875,162.39950561523438,160.98500061035156,162.10000610351562,46596000,AMAZON,502.80999755859375,511.760009765625,502.5299987792969,504.3999938964844,2910300,NETFLIX,241.57000732421875,246.3000030517578,241.11000061035156,242.02999877929688,920700,SPOTIFY
2021-06-01,121.48490142822266,122.53083648398967,121.15255171788874,122.26691215271315,67637100,APPLE,120.66476440429688,121.07004153589497,119.4267383958153,120.27691561393496,19166000,GOOGLE,238.93264770507812,242.6895105857164,238.50771922855193,242.63156646330611,23213300,MICROSOFT,160.9324951171875,162.5489959716797,160.4530029296875,162.1750030517578,48600000,AMAZON,499.0799865722656,505.4100036621094,497.739990234375,504.010009765625,2482600,NETFLIX,241.72999572753906,246.3300018310547,239.2100067138672,243.5,1037300,SPOTIFY
2021-06-02,122.24734497070312,122.42329699238253,121.26006567031901,121.4848886960278,59278900,APPLE,120.24115753173828,121.27011158120108,119.39295810261487,120.93788952957286,17158000,GOOGLE,238.83609008789062,240.73866745632938,237.42605251919264,239.6376848701333,19406700,MICROSOFT,161.69949340820312,161.75,160.39999389648438,161.15499877929688,40290000,AMAZON,499.239990234375,503.2200012207031,495.82000732421875,499.82000732421875,2269000,NETFLIX,239.72999572753906,243.5500030517578,238.38999938964844,243.5500030517578,1088900,SPOTIFY
2021-06-03,120.76153564453125,122.04207082094376,120.36075313288092,121.87589598051592,76229200,APPLE,119.41332244873047,119.66832938326904,118.33172720268307,118.93708167290617,18346000,GOOGLE,237.3004913330078,237.90891933036468,234.68323559598235,236.82725645812903,25307700,MICROSOFT,159.35049438476562,160.7220001220703,159.20150756835938,160.2115020751953,47966000,AMAZON,489.42999267578125,496.6600036621094,487.25,495.19000244140625,3887400,NETFLIX,232.19000244140625,238.4499969482422,231.52499389648438,236.1199951171875,1244800,SPOTIFY
2021-06-04,123.05867767333984,123.32260943039987,121.06455727986688,121.27961057589917,75169300,APPLE,121.75479888916016,121.8590355229707,120.06684891549519,120.30273772114525,25948000,GOOGLE,242.20664978027344,243.03721667775164,239.03890969141557,239.28035338560628,25281100,MICROSOFT,160.31100463867188,161.0500030517578,159.9405059814453,160.60000610351562,44994000,AMAZON,494.739990234375,501.8599853515625,490.95001220703125,492.0,3160500,NETFLIX,236.1699981689453,238.11000061035156,232.58999633789062,234.5399932861328,946600,SPOTIFY
2021-06-07,123.06845092773438,123.47900313915719,122.02251603226817,123.33237521856165,71057600,APPLE,122.4664306640625,122.56128630571682,121.2240854567715,121.7329551336605,23850000,GOOGLE,245.12330627441406,245.3937220468196,241.26020696970167,241.42438692176543,23079200,MICROSOFT,159.90049743652344,160.39999389648438,158.61000061035156,159.8665008544922,44316000,AMAZON,494.6600036621094,496.70001220703125,490.54998779296875,492.9200134277344,2791900,NETFLIX,242.66000366210938,244.0,235.8699951171875,235.8699951171875,1273500,SPOTIFY
2021-06-08,123.88955688476562,125.57088194290174,123.37147802234419,123.75270614592999,74403800,APPLE,123.29873657226562,123.87702407383425,122.57320232387482,123.15224000185016,25060000,GOOGLE,243.92572021484375,247.24798750204266,243.86776135481398,246.42707312197177,22455000,MICROSOFT,163.20550537109375,163.97650146484375,160.90049743652344,161.1304931640625,68334000,AMAZON,492.3900146484375,498.82000732421875,489.3699951171875,497.0,2374000,NETFLIX,242.50999450683594,245.9499969482422,240.22900390625,245.22000122070312,1167800,SPOTIFY
2021-06-09,124.27078247070312,124.8768410573178,123.67450106746446,124.34898502209968,56877900,APPLE,123.72332763671875,124.3987061448382,123.5212119286207,124.12557373759515,20126000,GOOGLE,244.9108123779297,246.7844177283036,244.54382799818796,245.12328399930527,17937600,MICROSOFT,164.0574951171875,164.87899780273438,163.53500366210938,163.64349365234375,49110000,AMAZON,485.80999755859375,496.0899963378906,484.6499938964844,494.5,3055000,NETFLIX,237.6999969482422,245.73399353027344,237.5489959716797,243.00999450683594,1024100,SPOTIFY
2021-06-10,123.27372741699219,125.30694902913476,123.10755258677628,124.1632572111759,71186400,APPLE,125.22306060791016,125.3054966549322,123.85243534958249,123.85293546715795,31234000,GOOGLE,248.43589782714844,248.64836946011133,244.98808948598523,245.58686514076032,24563600,MICROSOFT,167.4824981689453,167.5500030517578,164.0574951171875,164.10049438476562,69530000,AMAZON,487.2699890136719,490.2099914550781,482.1400146484375,487.1700134277344,4382900,NETFLIX,247.19000244140625,247.4600067138672,237.1199951171875,238.67999267578125,1500200,SPOTIFY
2021-06-11,124.48585510253906,124.57383485098319,123.26396801386512,123.68429747068124,53522400,APPLE,124.84217071533203,125.49073229418146,124.0654805264024,125.3879353975969,25240000,GOOGLE,249.0636749267578,249.64311622270577,247.82745490044852,249.16022882734407,18999700,MICROSOFT,167.3415069580078,168.32899475097656,166.67250061035156,167.4824981689453,56348000,AMAZON,488.7699890136719,491.4100036621094,487.7799987792969,490.0,3124000,NETFLIX,243.66000366210938,251.82000732421875,240.8000030517578,248.0,1577000,SPOTIFY
2021-06-14,127.5454330444336,127.60408122686017,124.21212958862563,124.94526170017991,96906500,APPLE,125.49322509765625,125.55232233279992,124.19709444320166,124.8153686715743,22550000,GOOGLE,250.99520874023438,251.05315286618904,248.01093888804147,249.0732969857195,19150500,MICROSOFT,169.19349670410156,169.25,166.77499389648438,167.3415069580078,51394000,AMAZON,499.8900146484375,503.5,486.9100036621094,489.67999267578125,4400200,NETFLIX,251.50999450683594,253.41099548339844,243.97000122070312,245.0,1250500,SPOTIFY
2021-06-15,126.72431945800781,127.66273505552941,126.47994210523352,127.01757526445893,62746300,APPLE,125.17638397216797,125.99975184122711,124.79449871188605,125.66206636909179,22182000,GOOGLE,249.51754760742188,251.0917651488653,248.86082785795654,250.8792935272023,18038900,MICROSOFT,169.156494140625,169.84950256347656,168.15550231933594,169.1999969482422,48524000,AMAZON,491.8999938964844,501.2300109863281,490.3999938964844,501.2300109863281,3104100,NETFLIX,242.75999450683594,252.6999969482422,241.9499969482422,252.47999572753906,1350100,SPOTIFY
2021-06-16,127.22286987304688,127.94623235462356,125.57089115999193,127.43792318066122,91815000,APPLE,124.84217071533203,125.66354565283596,123.30612774712819,125.38942059527719,26316000,GOOGLE,248.57110595703125,251.66156742450917,245.71240625795707,250.52196031099743,27220000,MICROSOFT,170.7624969482422,171.3175048828125,168.02650451660156,169.60000610351562,84056000,AMAZON,492.4100036621094,496.4599914550781,486.2799987792969,495.0,3533200,NETFLIX,242.77999877929688,248.2100067138672,236.4600067138672,244.11000061035156,1367500,SPOTIFY
2021-06-17,128.8259735107422,129.56889029442954,126.73410372753868,126.88073910539828,96721700,APPLE,125.51209259033203,126.33198237451515,124.66190780284795,124.66985664188314,25756000,GOOGLE,251.97061157226562,252.7915259561424,247.24798864832576,247.3059327720719,27565500,MICROSOFT,174.46200561523438,174.86000061035156,170.0500030517578,170.15899658203125,102730000,AMAZON,498.3399963378906,501.79998779296875,490.1499938964844,490.25,3198300,NETFLIX,247.11000061035156,249.10000610351562,238.5,238.8300018310547,1237400,SPOTIFY
2021-06-18,127.52590942382812,128.55228257491908,127.31085611782875,127.7702868246808,108953300,APPLE,124.71404266357422,125.52996177651764,123.75609773304936,124.85110519296721,53306000,GOOGLE,250.5509490966797,253.32271805483876,249.89422930673348,250.74411584577345,37202200,MICROSOFT,174.34500122070312,175.35000610351562,173.6855010986328,173.99949645996094,104954000,AMAZON,500.7699890136719,504.489990234375,495.239990234375,496.3999938964844,5197600,NETFLIX,247.63999938964844,249.36000061035156,244.3300018310547,246.11000061035156,1348300,SPOTIFY
2021-06-21,129.32449340820312,129.4320200361711,126.30399301656993,127.36947465650123,79663300,APPLE,125.59552001953125,126.17331498529592,124.28374184346295,124.88537574855032,26256000,GOOGLE,253.6414337158203,254.50095793901875,249.09264278087616,250.92760895761074,26696100,MICROSOFT,172.697998046875,174.10000610351562,171.6999969482422,173.8209991455078,65542000,AMAZON,497.0,502.04998779296875,492.2799987792969,501.6400146484375,5277300,NETFLIX,245.60000610351562,248.0,242.0399932861328,247.5,826100,SPOTIFY
2021-06-22,130.96673583984375,131.06449276893142,128.65981252013916,129.15835197662773,74783600,APPLE,126.13632202148438,126.40498370246843,125.16993561164261,125.59055727994733,20984000,GOOGLE,256.4228820800781,256.69329785095465,253.41930706163052,253.72836207780614,24694100,MICROSOFT,175.27200317382812,176.18899536132812,172.80450439453125,172.9029998779297,66902000,AMAZON,508.82000732421875,513.5499877929688,495.79998779296875,498.5400085449219,5809300,NETFLIX,253.63999938964844,254.35000610351562,244.60000610351562,246.9199981689453,1436700,SPOTIFY
2021-06-23,130.6930389404297,131.29910507401638,130.2336082056393,130.76147177632404,60214200,APPLE,125.60198211669922,126.92740750510792,125.39390287154755,125.68988157932702,19694000,GOOGLE,256.19110107421875,257.69770758366684,255.37985368244756,256.88646019189565,19518700,MICROSOFT,175.1909942626953,176.0500030517578,174.16000366210938,175.25,56266000,AMAZON,512.739990234375,516.6300048828125,508.20001220703125,508.4800109863281,3944800,NETFLIX,256.70001220703125,257.69000244140625,252.55999755859375,252.57000732421875,951500,SPOTIFY
2021-06-24,130.4095458984375,131.6118784063628,129.94033059947196,131.4261492149737,68711000,APPLE,126.41690063476562,126.66867955155674,126.09709056514848,126.18995331608221,18934000,GOOGLE,257.5624694824219,258.68277172504975,256.3842231128569,257.0506100457399,21446900,MICROSOFT,172.45399475097656,176.2429962158203,171.54249572753906,175.3820037841797,76640000,AMAZON,518.0599975585938,520.9600219726562,514.4000244140625,517.9600219726562,3361200,NETFLIX,264.1600036621094,265.58599853515625,259.6000061035156,260.0,2251500,SPOTIFY
2021-06-25,130.1163330078125,130.87878947575115,129.8230770780785,130.45846741177152,70783700,APPLE,126.13184356689453,126.63837174489355,125.58458611628767,126.09409984468807,33484000,GOOGLE,255.9495849609375,258.10327302248055,255.69850359577822,257.1181934981562,25611100,MICROSOFT,170.072998046875,173.24099731445312,169.70899963378906,173.1999969482422,78820000,AMAZON,527.0700073242188,533.0599975585938,525.0,528.8400268554688,5299100,NETFLIX,266.3800048828125,268.2900085449219,261.8599853515625,266.0799865722656,1562100,SPOTIFY
2021-06-28,131.74874877929688,132.20817950576375,130.35091714623502,130.40956533844553,62111300,APPLE,125.9575424194336,126.47151933869631,125.11758733316614,126.13681184631469,28110000,GOOGLE,259.5229797363281,259.69681210956895,256.80915517490627,257.07957091320475,19590000,MICROSOFT,172.1945037841797,172.39999389648438,170.67550659179688,170.8000030517578,44856000,AMAZON,533.030029296875,533.9400024414062,524.5599975585938,528.1199951171875,2820200,NETFLIX,271.55999755859375,273.6000061035156,265.7799987792969,268.0,1248000,SPOTIFY
2021-06-29,133.26388549804688,133.42029061372372,131.32842066728736,131.76829700396732,64556100,APPLE,125.16197967529297,126.1368073504115,124.58442722113656,125.9108527114043,20950000,GOOGLE,262.1112060546875,262.3526496913394,258.80827361022557,259.6677976306942,19937800,MICROSOFT,172.40699768066406,172.80149841308594,171.15150451660156,171.9409942626953,41968000,AMAZON,533.5,536.1300048828125,528.5700073242188,533.5499877929688,2314600,NETFLIX,272.8599853515625,274.1199951171875,265.0899963378906,271.010009765625,875000,SPOTIFY
2021-06-30,133.87974548339844,134.31962189947393,132.81424849169412,133.10750440761626,63261400,APPLE,124.46426391601562,124.94497545455039,123.90955770269419,124.7995170032237,24006000,GOOGLE,261.6283874511719,262.07263560674545,260.3728920002913,261.4255829956221,21656500,MICROSOFT,172.00799560546875,173.5800018310547,171.75,172.05299377441406,48080000,AMAZON,528.2100219726562,534.3800048828125,526.8200073242188,534.0599975585938,2773400,NETFLIX,275.5899963378906,280.5400085449219,269.5,274.0,1572600,SPOTIFY
2021-07-01,134.18275451660156,134.24140270940268,132.70670539157666,133.52782483763312,52485800,APPLE,125.50959777832031,125.602960636694,124.00116739401577,124.00116739401577,17120000,GOOGLE,262.3044128417969,262.5361893370135,260.3728634533788,260.3825011586097,16725300,MICROSOFT,171.64849853515625,172.85000610351562,170.4709930419922,171.73049926757812,40742000,AMAZON,533.5399780273438,537.0399780273438,525.719970703125,525.719970703125,2805400,NETFLIX,268.6300048828125,275.25,266.4100036621094,273.5,835000,SPOTIFY
2021-07-02,136.81224060058594,136.85133441897935,134.65193797296,134.79855843644995,78852600,APPLE,127.84413146972656,127.97226766989525,125.90738803973763,125.97741208620474,21160000,GOOGLE,268.14739990234375,268.4854270180319,263.17366497271115,263.4827200198038,26458000,MICROSOFT,175.5489959716797,175.58599853515625,171.8459930419922,172.58200073242188,63388000,AMAZON,533.97998046875,538.5399780273438,529.3900146484375,535.5,1975500,NETFLIX,267.8299865722656,272.05999755859375,267.2919921875,269.760009765625,480900,SPOTIFY
2021-07-06,138.82591247558594,139.9304881404482,136.91977180863466,136.91977180863466,108181800,APPLE,128.88897705078125,129.0017156843559,127.53623468851816,128.56965953372003,21350000,GOOGLE,268.1570129394531,269.80847946217114,264.911994546403,268.51434487101903,31565600,MICROSOFT,183.78700256347656,184.2740020751953,176.4499969482422,176.5054931640625,134896000,AMAZON,541.6400146484375,542.8599853515625,533.0,533.0,2775100,NETFLIX,263.5199890136719,269.6499938964844,262.2799987792969,266.9800109863281,1063800,SPOTIFY
2021-07-07,141.31858825683594,141.63138361305735,139.45154110030262,140.31173951662257,104911600,APPLE,129.1934051513672,129.75197593719983,128.87805824544415,129.45511822895202,16680000,GOOGLE,270.34930419921875,271.0833024012596,267.66445171709097,269.83744478808626,23260000,MICROSOFT,184.82899475097656,186.7100067138672,183.94549560546875,185.86900329589844,106562000,AMAZON,535.9600219726562,544.6400146484375,531.6599731445312,544.239990234375,2722500,NETFLIX,259.0400085449219,266.489990234375,257.5899963378906,266.4100036621094,746900,SPOTIFY
2021-07-08,140.01846313476562,140.8200131513889,137.50625661436462,138.39579381995796,105575500,APPLE,128.2990264892578,129.14871119731734,127.16974571265423,127.37832507692177,19780000,GOOGLE,267.92523193359375,269.1903944407324,265.46248874918336,267.4230102236361,24618600,MICROSOFT,186.57049560546875,187.99949645996094,181.05599975585938,182.17799377441406,103612000,AMAZON,530.760009765625,535.5,529.0900268554688,530.9299926757812,3269000,NETFLIX,256.1499938964844,259.343994140625,250.30999755859375,254.25,932900,SPOTIFY
2021-07-09,141.8463897705078,142.37423828416007,139.44171008126813,139.53946698760842,99890800,APPLE,128.69378662109375,128.96692656257986,128.06707874780548,128.06807898284617,15106000,GOOGLE,268.4274597167969,268.5336808014434,265.89713436744273,266.28343840641656,23916700,MICROSOFT,185.9669952392578,187.39999389648438,184.6699981689453,186.12600708007812,74964000,AMAZON,535.97998046875,538.260009765625,528.5800170898438,531.0,2777200,NETFLIX,262.8299865722656,262.9800109863281,253.0,254.86000061035156,575500,SPOTIFY
2021-07-12,141.25013732910156,143.02921196222175,140.76138252865485,142.92168530949897,76299700,APPLE,129.67660522460938,129.88121397733474,128.71916780796042,128.95107086211962,16944000,GOOGLE,267.8286437988281,270.1947741027663,267.1139504873323,269.6056656896285,18931700,MICROSOFT,185.92750549316406,187.864501953125,184.83949279785156,187.1999969482422,51432000,AMAZON,537.3099975585938,540.6500244140625,532.9199829101562,540.2999877929688,1780700,NETFLIX,261.010009765625,265.2950134277344,257.8299865722656,263.54998779296875,740900,SPOTIFY
2021-07-13,142.36451721191406,144.14359208914843,140.39972801414208,140.79072594190478,100827100,APPLE,130.1041717529297,131.1445527781521,129.74908824958715,129.99193323710574,16618000,GOOGLE,271.3634338378906,273.1694281307899,267.89630558810615,268.02183156391163,26120100,MICROSOFT,183.8679962158203,188.6540069580078,183.5659942626953,185.10499572753906,76918000,AMAZON,540.6799926757812,545.3300170898438,535.760009765625,535.760009765625,2751600,NETFLIX,263.8500061035156,267.760009765625,261.17999267578125,261.17999267578125,899000,SPOTIFY
2021-07-14,145.7955780029297,146.20614523706598,144.35863743029935,144.76920466443565,127050800,APPLE,131.18475341796875,132.09204239369961,131.00149823072806,131.00498389836497,17912000,GOOGLE,272.8409729003906,273.95160771933604,270.94803359403,272.68644543825303,23113700,MICROSOFT,184.08399963378906,185.88299560546875,183.04150390625,185.4425048828125,65932000,AMAZON,547.9500122070312,554.0999755859375,541.010009765625,541.010009765625,4659500,NETFLIX,253.41000366210938,265.989990234375,253.33999633789062,264.2099914550781,1119900,SPOTIFY
2021-07-15,145.14059448242188,146.62641297695922,143.7818569854598,145.88351118749557,106820300,APPLE,130.37429809570312,131.6937749266704,129.71035414618638,131.5994194135526,16586000,GOOGLE,271.4116516113281,272.8410087189218,270.2527102297004,272.3484542107645,22604200,MICROSOFT,181.55999755859375,184.77000427246094,181.04600524902344,184.7100067138672,63706000,AMAZON,542.9500122070312,557.5399780273438,538.2000122070312,553.969970703125,5713900,NETFLIX,247.97000122070312,256.1839904785156,246.8300018310547,252.83999633789062,1506700,SPOTIFY
2021-07-16,143.0976104736328,146.39181260894236,142.59908601439943,145.12106223258928,93251400,APPLE,130.9493865966797,131.28458663861477,129.93234438607197,130.74627822512647,14856000,GOOGLE,271.1412353515625,274.37658635189194,269.895377789731,272.4160649742224,26186800,MICROSOFT,178.68150329589844,182.30299377441406,178.5229949951172,181.66549682617188,80874000,AMAZON,530.3099975585938,544.0599975585938,527.0499877929688,541.8099975585938,3442100,NETFLIX,243.24000549316406,250.0,242.27000427246094,250.0,1443100,SPOTIFY
2021-07-19,139.24627685546875,140.82985297449056,138.4838203563762,140.51704265916192,121434600,APPLE,128.37548828125,130.35493856285052,127.66336629276395,130.2640687115457,25710000,GOOGLE,267.5292663574219,270.7742552906223,265.05688541600085,269.3835373269348,32935600,MICROSOFT,177.47950744628906,177.510498046875,174.95799255371094,176.62899780273438,75692000,AMAZON,532.280029296875,534.9099731445312,522.239990234375,526.0499877929688,3885800,NETFLIX,241.80999755859375,246.94000244140625,237.19000244140625,239.0,1232500,SPOTIFY
2021-07-20,142.863037109375,143.7916832596006,139.74479368631023,140.23354853774924,96350000,APPLE,130.21043395996094,131.10415924897688,128.31033568347462,129.12038978411883,19084000,GOOGLE,269.7602233886719,271.3537459092012,266.80495486751335,268.5143656479928,26259700,MICROSOFT,178.6595001220703,179.60000610351562,175.89999389648438,178.36599731445312,65114000,AMAZON,531.0499877929688,536.6400146484375,520.2999877929688,526.0700073242188,6930400,NETFLIX,246.5,248.44000244140625,238.60000610351562,243.0,902100,SPOTIFY
2021-07-21,142.12986755371094,142.8434601888897,141.37719601915154,142.25694855475027,74993500,APPLE,131.69924926757812,131.71588954511856,129.7138428928402,129.89808319708342,14742000,GOOGLE,271.76904296875,271.8849312376423,267.7997223936379,269.35460578979325,24364300,MICROSOFT,179.25999450683594,179.32249450683594,177.1820068359375,178.81900024414062,46380000,AMAZON,513.6300048828125,530.989990234375,505.6099853515625,526.1300048828125,11906800,NETFLIX,247.91000366210938,249.75,243.72999572753906,247.25,1249900,SPOTIFY
2021-07-22,143.49839782714844,144.86690516323114,142.5306580508827,142.6577390590944,77338200,APPLE,132.42230224609375,132.5971009211068,131.500100566432,131.74840137199934,13608000,GOOGLE,276.3468017578125,276.6172175095201,273.7198932527501,274.1255021437583,23384100,MICROSOFT,181.90150451660156,182.00100708007812,179.11349487304688,179.3614959716797,65308000,AMAZON,511.7699890136719,513.6799926757812,507.0,510.2099914550781,4328100,NETFLIX,244.17999267578125,248.9499969482422,243.82000732421875,247.7100067138672,781200,SPOTIFY
2021-07-23,145.21881103515625,145.3752161371665,143.6156960285799,144.23153179548808,71447400,APPLE,136.87928771972656,137.86504978505846,133.7849693061165,134.34066056062528,26378000,GOOGLE,279.7559814453125,280.06500696204523,276.6944625563651,277.5346818630906,22768100,MICROSOFT,182.83200073242188,183.3054962158203,181.1020050048828,182.0,48726000,AMAZON,515.4099731445312,517.4099731445312,504.6600036621094,512.1599731445312,3820500,NETFLIX,243.63999938964844,247.90499877929688,240.0,243.27999877929688,1501300,SPOTIFY
2021-07-26,145.63917541503906,146.4602799824032,144.37817955065944,144.93536723855144,72434100,APPLE,138.69537353515625,138.76340468505092,136.71542307644862,137.31035085997834,23052000,GOOGLE,279.1571350097656,279.7752448979074,276.82964417119246,279.10885806923653,23176100,MICROSOFT,184.99099731445312,185.60400390625,182.3625030517578,183.6584930419922,58002000,AMAZON,516.489990234375,521.1300048828125,509.010009765625,514.3800048828125,2254500,NETFLIX,240.58999633789062,241.58999633789062,235.125,238.0,1931300,SPOTIFY
2021-07-27,143.46908569335938,145.85421146271116,142.27652280868347,145.76622426436333,104818600,APPLE,135.86672973632812,139.0593897679991,134.1817728140853,139.0593897679991,42164000,GOOGLE,276.7330627441406,279.66899631395427,273.26593545929944,279.5241360182565,33604100,MICROSOFT,181.3195037841797,184.9250030517578,179.3074951171875,184.9250030517578,82638000,AMAZON,518.9099731445312,521.9500122070312,512.0499877929688,518.0800170898438,2759000,NETFLIX,236.92999267578125,241.66000366210938,232.94000244140625,239.75999450683594,1403800,SPOTIFY
2021-07-28,141.71932983398438,143.66457920057397,139.33420415472008,141.55315500100113,118931200,APPLE,135.45457458496094,138.7266779687196,135.42329449629318,137.62025091766975,54688000,GOOGLE,276.4240417480469,280.2195293269949,274.11582601839666,279.09922711416823,33566900,MICROSOFT,181.51600646972656,182.92100524902344,180.0500030517578,181.68899536132812,59988000,AMAZON,519.2999877929688,524.469970703125,516.97998046875,521.8200073242188,2390500,NETFLIX,223.32000732421875,224.1699981689453,213.11000061035156,220.6999969482422,7220300,SPOTIFY
2021-07-29,142.36451721191406,143.25405465053123,141.3283592792896,141.43588594676658,56699500,APPLE,135.6124725341797,136.21932739088976,135.21271184166667,135.45366245392933,19284000,GOOGLE,276.6944885253906,278.7419264472982,276.288850129018,276.4433776384405,18168300,MICROSOFT,179.99600219726562,181.8975067138672,179.00050354003906,181.3874969482422,110400000,AMAZON,514.25,520.780029296875,513.7899780273438,519.9600219726562,1736000,NETFLIX,225.27000427246094,228.75999450683594,223.5,225.30999755859375,2544000,SPOTIFY
2021-07-30,142.57955932617188,143.038990058725,140.8689174245079,141.13284920856503,70440600,APPLE,134.3019256591797,134.84853902782945,133.89789126835674,134.58996307973413,23954000,GOOGLE,275.1589050292969,276.8490109491029,274.1931302179792,275.4100159116341,20944800,MICROSOFT,166.37950134277344,168.40699768066406,165.3489990234375,167.3975067138672,199312000,AMAZON,517.5700073242188,519.7899780273438,510.9599914550781,512.6900024414062,2537100,NETFLIX,228.6699981689453,233.22000122070312,225.33999633789062,226.52999877929688,2170000,SPOTIFY
2021-08-02,142.2471923828125,143.6450238649846,141.98326063074202,143.06829681635188,62880000,APPLE,135.06521606445312,135.09599602984744,133.75418049265053,134.5636435707603,20140000,GOOGLE,275.07196044921875,276.9552034530972,274.0289072556845,276.55923228454304,16267400,MICROSOFT,166.57400512695312,167.9459991455078,165.85000610351562,167.65499877929688,67078000,AMAZON,515.1500244140625,519.8499755859375,510.510009765625,519.0,2096600,NETFLIX,228.39999389648438,230.8800048828125,222.64999389648438,228.72000122070312,2227300,SPOTIFY
2021-08-03,144.04579162597656,144.71049088545726,141.91481329138477,142.5306490113704,64786600,APPLE,135.3537139892578,135.4088330015187,133.27146713509345,135.0756183403749,19064000,GOOGLE,277.293212890625,277.39946342817643,274.2800006972531,275.65141366890487,17879000,MICROSOFT,168.31199645996094,169.5500030517578,164.98849487304688,167.03599548339844,83146000,AMAZON,510.82000732421875,515.6300048828125,505.3699951171875,514.3900146484375,2579400,NETFLIX,217.9499969482422,227.6300048828125,214.9949951171875,226.6199951171875,3438800,SPOTIFY
2021-08-04,143.64501953125,144.46612394001684,142.99008994933277,143.95782973398676,56368300,APPLE,135.1039581298828,135.6099862380814,134.49461784397866,135.32344914788342,16528000,GOOGLE,276.70416259765625,277.7471864708533,274.9078060448436,276.424079637782,16191300,MICROSOFT,167.73599243164062,169.44400024414062,167.2779998779297,168.96749877929688,43678000,AMAZON,517.3499755859375,517.97998046875,510.3699951171875,513.0,2039400,NETFLIX,217.4199981689453,220.27000427246094,216.63999938964844,218.1999969482422,1670100,SPOTIFY
2021-08-05,143.75254821777344,144.51500445327014,142.88256533800865,143.6743456659774,46397700,APPLE,136.00926208496094,136.0191886621146,134.67837330254665,135.10395824854584,11866000,GOOGLE,279.61114501953125,279.71739558705,276.30821128872464,277.06151454953243,13900200,MICROSOFT,168.79949951171875,169.4499969482422,167.04600524902344,167.81100463867188,48670000,AMAZON,524.8900146484375,525.4099731445312,514.02001953125,517.1300048828125,2556700,NETFLIX,221.1300048828125,222.0,216.6999969482422,219.5,1700800,SPOTIFY
2021-08-06,143.06729125976562,144.01689744386482,142.56801978751224,143.2728824177294,54126800,APPLE,136.10458374023438,136.1483364490167,135.12180727361948,135.36862286600922,13560000,GOOGLE,279.55303955078125,279.59167877786297,277.77601825525113,278.6355715875259,16589300,MICROSOFT,167.2469940185547,168.75,166.45199584960938,168.75,52752000,AMAZON,520.5499877929688,526.8400268554688,519.3900146484375,524.0,1919800,NETFLIX,221.97000122070312,224.5,219.16000366210938,221.6699981689453,1014000,SPOTIFY
2021-08-09,143.01832580566406,143.61550061721744,142.4603183242228,143.12601355653302,48908700,APPLE,137.06402587890625,137.3813580573663,135.50147671572054,136.0181891004856,12374000,GOOGLE,278.4617919921875,281.57158754551716,277.9595997842777,279.8332049639728,16117600,MICROSOFT,167.093505859375,167.74400329589844,166.42599487304688,167.1804962158203,42964000,AMAZON,519.969970703125,522.6699829101562,517.989990234375,521.1500244140625,1367800,NETFLIX,224.77999877929688,227.42999267578125,220.7550048828125,223.47999572753906,1040800,SPOTIFY
2021-08-10,142.5386505126953,144.60428668695926,142.2449552630066,143.36098526145494,69023100,APPLE,137.1578826904297,137.60979196627912,136.29380075368363,137.1409999333521,16034000,GOOGLE,276.6365051269531,279.3503296535524,275.4389539402985,278.91571925292214,18616600,MICROSOFT,166.03399658203125,167.89999389648438,165.75,167.25050354003906,48252000,AMAZON,515.8400268554688,520.7899780273438,512.969970703125,520.0,1960500,NETFLIX,215.47999572753906,226.27000427246094,215.3300018310547,225.5399932861328,2855500,SPOTIFY
2021-08-11,142.79318237304688,143.63510081183063,142.4701190832618,142.97918986758629,48493500,APPLE,136.753662109375,137.90403871877487,136.41647674857114,137.34313407637697,15204000,GOOGLE,277.1290283203125,278.78049460441196,276.07630808874427,277.38010967012855,13955900,MICROSOFT,164.60549926757812,166.88499450683594,163.88949584960938,166.57249450683594,58944000,AMAZON,512.4000244140625,519.5700073242188,509.7699890136719,517.0,1673900,NETFLIX,214.0,217.52999877929688,210.14999389648438,216.07000732421875,3304600,SPOTIFY
2021-08-12,145.7594451904297,145.91608462298464,142.77357136091953,143.11621825238865,72282600,APPLE,137.4488983154297,137.4772080030543,135.84935549940246,136.77699788671617,14646000,GOOGLE,279.8912048339844,280.0457323456055,276.5399649505444,276.82004790742695,14561300,MICROSOFT,165.1750030517578,165.72549438476562,163.48350524902344,164.5,46282000,AMAZON,510.7200012207031,513.0,507.20001220703125,511.8599853515625,1685700,NETFLIX,215.0399932861328,215.47000122070312,210.52000427246094,213.2100067138672,1541100,SPOTIFY
2021-08-13,145.96502685546875,146.29787442461313,145.15247665694042,145.83775545751928,59375000,APPLE,137.46530151367188,137.73147017710457,137.06702602115857,137.41712351554784,12580000,GOOGLE,282.82708740234375,282.8753643413786,279.3985700109456,279.5724318322928,18249000,MICROSOFT,164.69850158691406,165.30349731445312,164.14999389648438,165.2834930419922,41134000,AMAZON,515.9199829101562,521.4400024414062,511.510009765625,512.6400146484375,2177700,NETFLIX,211.47999572753906,216.05799865722656,211.2100067138672,215.5,860200,SPOTIFY
2021-08-16,147.94256591796875,148.01110127736936,143.3903421833443,145.4168108670683,103296000,APPLE,137.97183227539062,138.0458193754736,135.24028067380144,137.0620576737761,18040000,GOOGLE,284.5173034667969,284.7297751327067,280.0940377327958,283.15555726343564,22507600,MICROSOFT,164.94949340820312,165.0,160.55650329589844,164.14999389648438,66394000,AMAZON,517.9199829101562,523.3800048828125,512.2999877929688,515.239990234375,2032800,NETFLIX,208.8300018310547,210.86500549316406,204.50999450683594,210.3000030517578,1452500,SPOTIFY
2021-08-17,147.03213500976562,148.49079698288415,145.95525743273268,147.07128740440294,92229700,APPLE,136.3673095703125,137.7756710534001,135.85779581736506,137.25174482040944,21272000,GOOGLE,283.04925537109375,283.3872824337196,281.1177058396398,282.38289789800046,20075300,MICROSOFT,162.09800720214844,164.02450561523438,161.28399658203125,163.875,67758000,AMAZON,518.9099731445312,520.7899780273438,514.2000122070312,515.469970703125,2309800,NETFLIX,206.16000366210938,208.88999938964844,205.1199951171875,205.47999572753906,1330100,SPOTIFY
2021-08-18,143.28265380859375,147.5509815993363,143.07706266924538,146.65032719515608,86326000,APPLE,135.6417999267578,137.35408167289467,135.49381055435973,136.18357894097792,14934000,GOOGLE,281.31719970703125,285.2747764039946,280.87207162165635,282.58478416986804,21813000,MICROSOFT,160.06100463867188,162.7050018310547,160.0,162.09950256347656,56086000,AMAZON,521.8699951171875,526.3800048828125,518.6500244140625,520.0,2582000,NETFLIX,205.4199981689453,209.5,204.75999450683594,209.22000122070312,1515100,SPOTIFY
2021-08-19,143.61549377441406,144.88816305914702,141.4617537976131,141.9806088621801,86960300,APPLE,135.98292541503906,136.51776328168305,134.4360162675486,134.5467544243469,18296000,GOOGLE,287.1615905761719,287.83893877927665,279.2948370077824,279.34320636677995,29850500,MICROSOFT,159.3874969482422,161.64999389648438,159.1230010986328,159.7010040283203,75658000,AMAZON,543.7100219726562,548.3900146484375,521.8699951171875,522.739990234375,7497300,NETFLIX,205.0800018310547,207.99000549316406,201.67799377441406,203.44000244140625,834000,SPOTIFY
2021-08-20,145.0741729736328,145.37765255184942,143.6938159198485,144.33994240518913,60549600,APPLE,137.49606323242188,137.6723622502877,135.53945178218657,136.1512622654019,15564000,GOOGLE,294.50592041015625,295.9380140450742,288.40990321723297,290.0161620223418,40817600,MICROSOFT,159.99749755859375,160.3905029296875,158.78799438476562,160.19349670410156,67168000,AMAZON,546.8800048828125,551.3900146484375,539.0999755859375,545.0900268554688,3776400,NETFLIX,216.63999938964844,218.13999938964844,209.5500030517578,209.5500030517578,2314300,SPOTIFY
2021-08-23,146.56219482421875,147.03209813181013,144.78045508691804,145.1916223483051,60131800,APPLE,140.14048767089844,141.21066359063633,137.80492325587718,138.0537696568132,21090000,GOOGLE,294.7864685058594,295.51218606965,292.07713474618356,293.43180162602147,22830200,MICROSOFT,163.2935028076172,164.0449981689453,160.50050354003906,160.59500122070312,65362000,AMAZON,553.3300170898438,555.5499877929688,543.739990234375,545.97998046875,2602000,NETFLIX,221.5,222.46499633789062,217.39999389648438,217.39999389648438,1354400,SPOTIFY
2021-08-24,146.47409057617188,147.68802375922274,146.0139715839325,146.3076667825046,48606400,APPLE,141.4306640625,142.03553362463055,140.39276839296426,140.58147945198533,15126000,GOOGLE,292.82220458984375,295.75410247092947,292.2222827737738,295.1444949708828,18175800,MICROSOFT,165.28900146484375,165.77450561523438,163.72900390625,164.0,51036000,AMAZON,553.4099731445312,555.3099975585938,549.27001953125,551.47998046875,2109500,NETFLIX,224.8800048828125,225.6999969482422,222.49000549316406,223.30999755859375,887700,SPOTIFY
2021-08-25,145.2406005859375,147.15939642783155,144.69237747052765,146.66011006790077,58991300,APPLE,141.97840881347656,142.33894815864903,141.47138046828576,141.91186285867823,12838000,GOOGLE,292.23199462890625,294.7284503679531,290.6934767445652,294.447831273216,20006100,MICROSOFT,164.95899963378906,166.0500030517578,164.3074951171875,165.49349975585938,33606000,AMAZON,547.5800170898438,552.8400268554688,545.4500122070312,550.1599731445312,2065600,NETFLIX,226.89999389648438,227.2899932861328,224.10000610351562,224.5399932861328,841800,SPOTIFY
2021-08-26,144.43783569335938,145.98461660195343,144.4084676646739,145.23081728174643,48597200,APPLE,141.1570281982422,142.16194633566536,141.1257481150613,141.64915908057404,14922000,GOOGLE,289.406494140625,292.6383529203464,289.2710422129665,291.24497278987053,17666100,MICROSOFT,165.8000030517578,166.60000610351562,164.8000030517578,164.9499969482422,41976000,AMAZON,550.1199951171875,552.5999755859375,545.9000244140625,546.1599731445312,1595500,NETFLIX,224.6199951171875,227.52000427246094,222.48199462890625,224.07000732421875,1125800,SPOTIFY
2021-08-27,145.4755859375,145.62242610628783,143.7427972559924,144.379124571356,55802400,APPLE,143.5680389404297,144.02540408531675,141.05473570762118,141.14660579968208,24562000,GOOGLE,290.01611328125,291.12887438760663,287.2196672240897,289.30973750370686,22605700,MICROSOFT,167.48150634765625,167.61599731445312,165.6875,166.6614990234375,48048000,AMAZON,558.9199829101562,564.1699829101562,549.25,551.5999755859375,3252600,NETFLIX,226.02000427246094,227.82000732421875,225.49000549316406,225.49000549316406,1338800,SPOTIFY
2021-08-30,149.90052795410156,150.26275857372073,145.48535959462373,145.8671589433328,90956700,APPLE,144.4807891845703,145.49386082231186,143.61720725668386,143.7209892450342,16916000,GOOGLE,293.7608642578125,294.3704718901261,291.31277757201053,291.37083262941843,16348100,MICROSOFT,171.07850646972656,172.25,167.76100158691406,167.8715057373047,63844000,AMAZON,566.1799926757812,567.1599731445312,556.4500122070312,557.25,2434800,NETFLIX,233.1199951171875,234.3979949951172,225.94500732421875,226.27999877929688,1059300,SPOTIFY
2021-08-31,148.63763427734375,149.5872403166816,148.1089799162903,149.45018454491938,86453100,APPLE,144.47332763671875,145.11890364656045,144.01446218702657,144.89295658963923,26756000,GOOGLE,292.1062316894531,294.6414009234125,291.7385299783542,294.5640040245376,26285300,MICROSOFT,173.5395050048828,173.62899780273438,169.7794952392578,171.24000549316406,87128000,AMAZON,569.1900024414062,569.47998046875,561.6099853515625,566.1199951171875,2431900,NETFLIX,234.33999633789062,235.4199981689453,232.25,233.50999450683594,1216700,SPOTIFY
2021-09-01,149.3033447265625,151.72141211238971,149.1369209108447,149.61662363000326,80313700,APPLE,144.85072326660156,145.8225728736353,144.6247762272692,144.6600269358001,15824000,GOOGLE,292.05780029296875,295.3090307450356,291.72881183267793,293.0641370435522,18983800,MICROSOFT,173.9499969482422,176.35000610351562,173.76199340820312,174.82000732421875,72598000,AMAZON,582.0700073242188,591.0,569.0,569.0,5626200,NETFLIX,238.3800048828125,239.1699981689453,235.00999450683594,236.5,811000,SPOTIFY
2021-09-02,150.41937255859375,151.46688207200458,149.19565486795125,150.63474806718364,71115500,APPLE,143.23876953125,145.33045830352296,143.12704629293356,144.95750697800352,21844000,GOOGLE,291.39984130859375,293.5382811968724,290.4612452351726,292.41586380657077,16285600,MICROSOFT,173.156005859375,175.59800720214844,172.75,174.73800659179688,58474000,AMAZON,588.5499877929688,598.760009765625,583.6799926757812,583.6799926757812,6179900,NETFLIX,254.02999877929688,255.85000610351562,243.0,244.9199981689453,3946000,SPOTIFY
2021-09-03,151.0557098388672,151.37877309131167,149.87114457990415,150.5270554483364,57808700,APPLE,143.79098510742188,144.3888983959114,142.52962797359217,143.16626248612272,19104000,GOOGLE,291.39019775390625,292.8029200030928,290.53868422414,291.2450305839683,14747900,MICROSOFT,173.90249633789062,174.1334991455078,171.82200622558594,172.60000610351562,51514000,AMAZON,590.530029296875,591.8800048828125,583.1400146484375,585.7999877929688,2681200,NETFLIX,249.0399932861328,255.90499877929688,248.18499755859375,251.8000030517578,1187900,SPOTIFY
2021-09-07,153.39549255371094,153.953500162786,151.14384857194918,151.7116554847735,82278300,APPLE,144.52993774414062,144.8328726093159,143.5585881394308,143.76566713276492,15170000,GOOGLE,290.4612731933594,291.34181429788396,288.5453971793564,291.264417395407,17180400,MICROSOFT,175.46449279785156,176.4044952392578,173.8470001220703,173.89999389648438,54758000,AMAZON,606.7100219726562,613.8499755859375,593.989990234375,594.6900024414062,5821400,NETFLIX,254.72000122070312,263.5899963378906,254.44000244140625,260.94000244140625,1865200,SPOTIFY
2021-09-08,151.8486785888672,153.73809149809526,150.7424330368148,153.67935544010308,74420200,APPLE,143.89877319335938,144.56173216985547,143.2199165378978,144.40530143364808,15486000,GOOGLE,290.4903259277344,290.8773695327646,287.8390462272668,290.0742547905653,15046800,MICROSOFT,176.27499389648438,177.281494140625,174.7834930419922,175.58250427246094,61068000,AMAZON,606.0499877929688,615.5999755859375,595.7100219726562,603.8400268554688,5424500,NETFLIX,249.67999267578125,254.19000244140625,245.85000610351562,253.97999572753906,1043100,SPOTIFY
2021-09-09,150.8305206298828,152.82762087523673,150.71303360042197,152.22066181852307,57305700,APPLE,143.92855834960938,144.67941673959078,143.4523251465258,143.89876346425862,14798000,GOOGLE,287.6260986328125,292.3577919400871,287.3841927466621,291.08052177412657,19927000,MICROSOFT,174.20799255371094,177.49949645996094,174.01849365234375,176.30099487304688,54384000,AMAZON,597.5399780273438,609.4400024414062,596.5499877929688,606.469970703125,2954200,NETFLIX,246.00999450683594,250.97999572753906,245.48599243164062,247.39999389648438,926100,SPOTIFY
2021-09-10,145.8377685546875,152.21088437935384,145.573441372884,151.74098100789337,140893200,APPLE,140.95640563964844,145.0265446135277,140.7781212891025,144.45495565014875,32896000,GOOGLE,286.1359558105469,290.2096722757966,285.8166530274544,288.75823692995704,19633400,MICROSOFT,173.45750427246094,175.42250061035156,173.14549255371094,175.0915069580078,47946000,AMAZON,598.719970703125,609.4500122070312,593.6699829101562,598.1599731445312,3950800,NETFLIX,247.75999450683594,254.94000244140625,245.4199981689453,247.00999450683594,1515100,SPOTIFY
2021-09-13,146.4055938720703,148.23627083685082,145.62241152835927,147.46288779538614,102404300,APPLE,142.48988342285156,143.21094683421506,141.3154255711307,142.2276854346635,20176000,GOOGLE,287.37451171875,288.8743459549039,284.5587236147856,287.9163785501458,23652900,MICROSOFT,172.85850524902344,174.8979949951172,171.89999389648438,174.13999938964844,51380000,AMAZON,589.2899780273438,598.5700073242188,582.780029296875,598.5700073242188,3062900,NETFLIX,244.22000122070312,247.82000732421875,236.66000366210938,245.97999572753906,1215300,SPOTIFY
2021-09-14,145.00564575195312,147.8936314335505,143.8210954003336,147.1887688532645,109296300,APPLE,142.43133544921875,143.74384128078788,141.93423362159564,143.1811937257641,18916000,GOOGLE,290.0838928222656,291.63209651757876,288.4486065448419,289.8613287594078,21853400,MICROSOFT,172.5,174.3404998779297,171.885498046875,173.77749633789062,38738000,AMAZON,577.760009765625,587.280029296875,575.5599975585938,584.8900146484375,3457000,NETFLIX,243.80999755859375,246.35000610351562,242.5500030517578,244.50999450683594,814900,SPOTIFY
2021-09-15,145.8965301513672,146.29791317586614,143.2924550814451,145.43641106239744,83281300,APPLE,144.21905517578125,144.5920064872075,141.2891088151266,142.78189914089353,20648000,GOOGLE,294.95098876953125,295.43480049724343,292.04811840325823,293.44149854143126,28356300,MICROSOFT,173.7895050048828,174.27099609375,170.10049438476562,172.12600708007812,59150000,AMAZON,582.8699951171875,584.6199951171875,575.3699951171875,578.1699829101562,2755600,NETFLIX,242.8699951171875,244.1999969482422,239.6199951171875,243.4499969482422,766500,SPOTIFY
2021-09-16,145.6615753173828,145.83779845403365,144.12459347851345,145.31894328505592,68034100,APPLE,143.39224243164062,144.213117327754,142.44159458739804,144.13465947974922,20292000,GOOGLE,295.33807373046875,295.42515631014606,291.0224807813531,293.925351555378,19550800,MICROSOFT,174.41200256347656,174.62750244140625,172.3070068359375,172.9980010986328,51672000,AMAZON,586.5,587.47998046875,577.719970703125,584.2999877929688,1832000,NETFLIX,242.02000427246094,242.85000610351562,239.25999450683594,240.35000610351562,846100,SPOTIFY
2021-09-17,142.9889678955078,145.69094622198233,142.69527265072225,145.69094622198233,129868800,APPLE,140.50201416015625,143.26907403182895,140.10273843690112,142.82113534845192,60040000,GOOGLE,290.1612854003906,294.641387411537,289.83229691858133,294.32208461521674,41372500,MICROSOFT,173.12600708007812,174.87049865722656,172.60650634765625,174.42050170898438,92332000,AMAZON,589.3499755859375,590.280029296875,580.8499755859375,587.8499755859375,4145100,NETFLIX,248.10000610351562,248.38999938964844,242.52000427246094,243.22999572753906,1129800,SPOTIFY
2021-09-20,139.93455505371094,141.79459979953563,138.29967015990616,140.7764733460014,123478900,APPLE,138.07212829589844,138.41528473171914,136.12147271475675,138.05544255479353,34918000,GOOGLE,284.77154541015625,289.0484536899997,280.14630689197935,286.73581966615035,38278700,MICROSOFT,167.7864990234375,170.9499969482422,165.25050354003906,169.8000030517578,93382000,AMAZON,575.4299926757812,591.530029296875,568.0800170898438,586.7899780273438,3732200,NETFLIX,237.75999450683594,240.91299438476562,234.5,240.52000427246094,1357500,SPOTIFY
2021-09-21,140.4142608642578,141.55967381165956,139.77793361611074,140.90374795912805,75834000,APPLE,138.69735717773438,139.85453838038688,137.9613962373602,139.16466403487448,18130000,GOOGLE,285.2554016113281,287.90671013366995,284.54905534130063,286.116600717477,22364100,MICROSOFT,167.18150329589844,168.98500061035156,166.6195068359375,168.75,55618000,AMAZON,573.1400146484375,581.8800048828125,569.3699951171875,578.3099975585938,2250900,NETFLIX,234.50999450683594,238.7899932861328,233.94000244140625,236.1999969482422,884200,SPOTIFY
2021-09-22,142.78335571289062,143.35114745502966,140.67855277043824,141.41278322846554,76404300,APPLE,139.9805908203125,140.62119603940354,138.52380878375874,139.0986258018544,22068000,GOOGLE,288.9130859375,290.50000305978375,284.97487972214134,287.1230056257612,26626300,MICROSOFT,169.00250244140625,169.4499969482422,167.05250549316406,167.5500030517578,48228000,AMAZON,590.6500244140625,595.6500244140625,579.6900024414062,579.6900024414062,4021800,NETFLIX,235.35000610351562,237.14500427246094,234.20599365234375,234.7899932861328,906600,SPOTIFY
2021-09-23,143.7427978515625,143.9875414258644,142.57781604781135,143.56657471032472,64838200,APPLE,140.862548828125,141.28560285700897,140.13749954100814,140.64701329530078,17272000,GOOGLE,289.861328125,291.1579402272472,287.8970533651699,289.17432362572237,18604600,MICROSOFT,170.8000030517578,171.447998046875,169.00250244140625,169.00250244140625,47588000,AMAZON,593.260009765625,599.3200073242188,589.1300048828125,590.7899780273438,2526200,NETFLIX,234.86000061035156,238.30599975585938,233.55999755859375,237.88999938964844,942900,SPOTIFY
2021-09-24,143.8308563232422,144.36929500348063,142.49945110390598,142.5973544777521,53477900,APPLE,141.66354370117188,141.93221291866206,139.89315783425127,139.98801346558426,14950000,GOOGLE,289.65814208984375,290.0935550094492,287.3164798916889,288.5744083394524,14999000,MICROSOFT,171.2760009765625,171.46299743652344,169.6699981689453,170.10049438476562,42324000,AMAZON,592.3900146484375,592.97998046875,583.6400146484375,592.5,2126200,NETFLIX,230.1999969482422,231.80999755859375,225.4949951171875,231.80999755859375,1102900,SPOTIFY
2021-09-27,142.3134307861328,142.89103673885643,140.7960331944483,142.41133415112495,74150700,APPLE,140.53924560546875,141.53144851785913,139.54504222287164,140.62315926861072,18844000,GOOGLE,284.6458435058594,286.8713659435622,283.4556558635324,286.5520631529288,23571700,MICROSOFT,170.2899932861328,170.77850341796875,166.98049926757812,168.5749969482422,72690000,AMAZON,592.6400146484375,593.5800170898438,576.9299926757812,587.9500122070312,2504700,NETFLIX,232.94000244140625,235.60000610351562,227.05999755859375,228.83999633789062,818800,SPOTIFY
2021-09-28,138.92625427246094,141.7065378549354,138.71087871937146,140.2380763227599,108972300,APPLE,135.25839233398438,138.65763094362842,134.77767324858462,138.1431463436552,42190000,GOOGLE,274.3406066894531,281.36556281548087,273.595547218021,280.4172811458642,43186200,MICROSOFT,165.79800415039062,168.45950317382812,164.5050048828125,167.885498046875,88616000,AMAZON,583.8499755859375,599.5399780273438,580.1599731445312,589.0,4431100,NETFLIX,227.33999633789062,232.00999450683594,225.8699951171875,231.2899932861328,1392300,SPOTIFY
2021-09-29,139.8268585205078,141.41279162385416,139.0436763311914,139.4744272822133,74602000,APPLE,133.60670471191406,136.46464979231507,133.33755048226126,136.17780958372057,26338000,GOOGLE,274.8050842285156,277.48539079265004,273.8471463773085,275.8694760240385,26353700,MICROSOFT,165.05599975585938,167.56500244140625,164.89349365234375,166.10549926757812,51246000,AMAZON,599.0599975585938,609.8800048828125,588.010009765625,589.010009765625,6221000,NETFLIX,220.32000732421875,229.27000427246094,220.19000244140625,228.41000366210938,1071100,SPOTIFY
2021-09-30,138.52484130859375,141.344291622089,138.30946580198176,140.63942904371518,89056700,APPLE,132.35975646972656,134.66845132819702,132.09605804558166,133.41204957780135,35294000,GOOGLE,272.7924499511719,278.5110792660629,272.5021451623447,276.4597220216069,32343600,MICROSOFT,164.2519989013672,166.3925018310547,163.69949340820312,165.8000030517578,56848000,AMAZON,610.3400268554688,619.0,608.0499877929688,608.0499877929688,6612600,NETFLIX,225.33999633789062,226.33999633789062,218.50999450683594,221.8699951171875,1050200,SPOTIFY
2021-10-01,139.65069580078125,139.91502307825533,136.18513290775175,138.91646498176985,94639600,APPLE,135.53501892089844,136.1393884299477,132.4709947828668,132.64679373231314,28388000,GOOGLE,279.739990234375,280.59150373187396,272.1828522383653,272.9859668378756,30086300,MICROSOFT,164.16299438476562,165.45849609375,162.7969970703125,164.45050048828125,56712000,AMAZON,613.1500244140625,614.989990234375,597.510009765625,604.239990234375,4090800,NETFLIX,229.3300018310547,230.0,223.9600067138672,227.02000427246094,898200,SPOTIFY
2021-10-04,136.21446228027344,139.219920083201,135.36275955212915,138.77936976647533,98322000,APPLE,132.85585021972656,134.7776963453429,130.27501570909797,134.7771962276715,31530000,GOOGLE,273.94390869140625,278.4336964592234,271.17651931432624,278.0950222865557,31350700,MICROSOFT,159.48899841308594,163.99949645996094,158.8125,163.96949768066406,90462000,AMAZON,603.3499755859375,626.1300048828125,594.6799926757812,613.3900146484375,4995900,NETFLIX,221.91000366210938,230.0,218.66000366210938,229.99000549316406,1145300,SPOTIFY
2021-10-05,138.14306640625,139.24931216410243,136.42986135228304,136.5571327935829,80861100,APPLE,135.25143432617188,136.42837769527313,133.08922901640608,133.08922901640608,24126000,GOOGLE,279.4109802246094,280.99786745988877,274.85345213293385,274.85345213293385,24993000,MICROSOFT,161.0500030517578,163.0364990234375,160.1230010986328,160.22500610351562,65384000,AMAZON,634.8099975585938,640.3900146484375,606.8900146484375,606.9400024414062,9534300,NETFLIX,225.82000732421875,227.92999267578125,221.6300048828125,221.9600067138672,647900,SPOTIFY
2021-10-06,139.0143280029297,139.16116814887556,135.46064709144002,136.53752462157624,83221100,APPLE,136.42044067382812,136.91505697476907,133.5724225240494,133.71048529028317,19764000,GOOGLE,283.6201171875,284.12330031930634,276.26620202244555,276.52744974351896,28002600,MICROSOFT,163.10049438476562,163.2169952392578,159.93099975585938,160.67649841308594,50660000,AMAZON,639.0999755859375,639.8699951171875,626.3599853515625,628.1799926757812,4580400,NETFLIX,232.02000427246094,232.89999389648438,222.52999877929688,223.58999633789062,1036800,SPOTIFY
2021-10-07,140.27720642089844,141.18766019383065,139.7191988951329,140.05204653772714,61732700,APPLE,138.239501953125,139.20186468657073,137.6212353104949,137.91919933786892,18250000,GOOGLE,285.30377197265625,287.0358261668495,284.4038892769978,285.62307470902675,20430500,MICROSOFT,165.1215057373047,166.28750610351562,164.1529998779297,164.57699584960938,48182000,AMAZON,631.8499755859375,646.8400268554688,630.4500122070312,642.22998046875,3556900,NETFLIX,234.89999389648438,238.41000366210938,232.8000030517578,233.00999450683594,661700,SPOTIFY
2021-10-08,139.89541625976562,141.1485021218367,139.56256859533212,141.00166195751657,58773200,APPLE,139.1040802001953,139.36330783586791,138.48169139330832,138.95510576823614,18924000,GOOGLE,285.30377197265625,287.0358261668495,284.24906598588615,286.62941133649093,17685700,MICROSOFT,164.43099975585938,166.07150268554688,164.41000366210938,165.85000610351562,39964000,AMAZON,632.6599731445312,643.7999877929688,630.8599853515625,634.1699829101562,3272100,NETFLIX,232.8800048828125,238.3699951171875,232.33999633789062,235.5,625100,SPOTIFY
2021-10-11,139.80728149414062,141.76522959139172,138.8283074455151,139.27864208058458,64452200,APPLE,137.90379333496094,139.80692269639079,137.86307163756283,138.84981883428435,16584000,GOOGLE,284.7038269042969,288.32272875846814,283.27173372571355,283.43624268704906,19298600,MICROSOFT,162.31500244140625,164.62950134277344,161.90499877929688,163.75,40684000,AMAZON,627.0399780273438,639.4199829101562,626.780029296875,633.2000122070312,2862500,NETFLIX,231.88999938964844,236.5800018310547,230.44000244140625,233.8699951171875,647300,SPOTIFY
2021-10-12,138.53465270996094,140.23807342981166,138.07453357766727,140.2184897604903,73035900,APPLE,135.78378295898438,138.74552464386232,135.32393243555,138.68840515591376,22536000,GOOGLE,283.39764404296875,285.87475844055797,282.8848046449413,285.77799016121577,17974100,MICROSOFT,162.3665008544922,163.37649536132812,161.81399536132812,162.85000610351562,36392000,AMAZON,624.9400024414062,637.6599731445312,621.989990234375,633.02001953125,3227300,NETFLIX,235.3000030517578,235.75,231.5,232.80999755859375,651400,SPOTIFY
2021-10-13,137.9472198486328,138.42690751330062,136.273167858214,138.2702830375893,78762700,APPLE,136.9627227783203,137.60831398700387,136.0455070894087,136.81374835212816,16380000,GOOGLE,286.716552734375,287.65514882778945,283.9878470364655,285.3618855710783,23416300,MICROSOFT,164.21400451660156,164.41900634765625,163.05450439453125,163.48550415039062,48402000,AMAZON,629.760009765625,632.1799926757812,622.0999755859375,632.1799926757812,2420300,NETFLIX,243.8300018310547,244.25999450683594,238.1060028076172,238.2899932861328,1216100,SPOTIFY
2021-10-14,140.73731994628906,140.85480700337075,138.53462808500012,139.12201855652793,69907100,APPLE,140.45086669921875,140.68874082788375,138.39195821145663,139.00078322234216,21426000,GOOGLE,292.94805908203125,293.45121274775926,288.18733774656533,289.5226631039349,27262900,MICROSOFT,164.9929962158203,165.6300048828125,164.53900146484375,165.12249755859375,42190000,AMAZON,633.7999877929688,636.8800048828125,626.7899780273438,632.22998046875,2671700,NETFLIX,247.3699951171875,248.1199951171875,240.02999877929688,246.67999267578125,858500,SPOTIFY
2021-10-15,141.79458618164062,141.85332222974756,140.49254900942697,140.7470918018334,67940300,APPLE,140.71206665039062,141.23349226932052,140.10571197349168,141.23349226932052,21250000,GOOGLE,294.36077880859375,294.5930285619211,290.7902452200599,292.5513273292696,25384800,MICROSOFT,170.4510040283203,170.52099609375,165.1999969482422,165.5709991455078,103598000,AMAZON,628.2899780273438,639.4199829101562,625.1599731445312,638.0,4116900,NETFLIX,247.39999389648438,249.61000061035156,243.4199981689453,248.9199981689453,813300,SPOTIFY
2021-10-18,143.46865844726562,143.75255436574946,140.14993682023066,140.4338327387145,85589200,APPLE,141.98883056640625,142.02682434979795,140.2537104011497,140.2537104011497,16564000,GOOGLE,297.3410949707031,298.231292237954,292.8900200458531,293.7415336263761,22729300,MICROSOFT,172.33700561523438,172.45849609375,169.2550048828125,169.41799926757812,63482000,AMAZON,637.969970703125,638.4099731445312,620.5900268554688,632.0999755859375,4669100,NETFLIX,248.82000732421875,250.55999755859375,245.49000549316406,247.22999572753906,763500,SPOTIFY
2021-10-19,145.63218688964844,146.03356986995644,143.4686624173773,143.91898215404882,76378900,APPLE,142.84449768066406,143.12754911615338,142.12341895814004,142.31760100252214,15316000,GOOGLE,298.25067138671875,299.2860063300216,297.27336197502046,298.36678150899326,17682100,MICROSOFT,172.20750427246094,172.7344970703125,171.10000610351562,171.71449279785156,47722000,AMAZON,639.0,641.0,632.2999877929688,636.969970703125,7633100,NETFLIX,255.61000061035156,256.1300048828125,247.4499969482422,250.25,1056000,SPOTIFY
2021-10-20,146.12164306640625,146.6013456686291,145.00561338638036,145.57342005698393,58418800,APPLE,141.447021484375,143.2673281563743,140.94744950875403,143.24224650306607,17940000,GOOGLE,297.4571228027344,299.67298873049015,296.1991946233015,299.1988331686893,16537100,MICROSOFT,170.7530059814453,173.14300537109375,170.01849365234375,172.63299560546875,42796000,AMAZON,625.1400146484375,637.4000244140625,617.1500244140625,625.5700073242188,10622000,NETFLIX,251.17999267578125,258.6099853515625,249.66000366210938,258.2900085449219,736700,SPOTIFY
2021-10-21,146.3370819091797,146.4937213905625,144.76093260542746,145.68117088609765,61421000,APPLE,141.81004333496094,141.8785745941508,140.674306693,141.22554231673126,14850000,GOOGLE,300.69873046875,300.9502925339426,296.44116284819944,297.2249651602557,16918100,MICROSOFT,171.75050354003906,172.01400756835938,170.14999389648438,170.71249389648438,37628000,AMAZON,653.1599731445312,654.010009765625,628.6500244140625,628.8900146484375,8437100,NETFLIX,255.0,263.0400085449219,250.83999633789062,251.08999633789062,1093500,SPOTIFY
2021-10-22,145.5636444091797,147.02230608843539,145.51469272227448,146.54261839545387,58883400,APPLE,137.6827850341797,140.596348622446,136.2381727670238,139.39705158963739,30182000,GOOGLE,299.1505432128906,301.0180498454364,297.83455964059056,300.35038713771274,17449300,MICROSOFT,166.77749633789062,171.49200439453125,166.56500244140625,171.0500030517578,62782000,AMAZON,664.780029296875,665.4600219726562,651.8099975585938,651.8099975585938,6186000,NETFLIX,252.9600067138672,254.3699951171875,249.02000427246094,251.5,988000,SPOTIFY
2021-10-25,145.51470947265625,146.2293563822722,144.51615170908323,145.55386186391277,50720600,APPLE,137.8297882080078,138.25964686111496,135.81905782730348,137.86703939152696,21082000,GOOGLE,298.1539001464844,299.38277163439244,296.5379555487962,299.34405841750794,17554500,MICROSOFT,166.01849365234375,167.38999938964844,164.88499450683594,166.75,44520000,AMAZON,671.6599731445312,675.8800048828125,657.0700073242188,663.739990234375,3833500,NETFLIX,257.8900146484375,259.19000244140625,250.5800018310547,252.05999755859375,1009600,SPOTIFY
2021-10-26,146.18040466308594,147.66843438585144,145.87691017558996,146.1901890254086,60893400,APPLE,138.72268676757812,139.88224736319526,138.06071289625487,139.65034433711952,28258000,GOOGLE,300.0697326660156,302.2855989210109,298.6086411478596,300.9309318219303,28107300,MICROSOFT,168.80349731445312,170.80599975585938,167.19900512695312,167.47549438476562,53966000,AMAZON,668.52001953125,676.489990234375,662.77001953125,673.760009765625,2904800,NETFLIX,252.1999969482422,263.69000244140625,251.57000732421875,260.3399963378906,1672600,SPOTIFY
2021-10-27,145.72030639648438,146.58179347999342,145.36787510933436,146.21957782913032,56094900,APPLE,145.43228149414062,148.10448575533377,138.9516208762769,138.9516208762769,51850000,GOOGLE,312.7069396972656,315.5420698297333,305.769065317171,305.769065317171,52588700,MICROSOFT,169.62449645996094,171.85000610351562,168.57249450683594,169.39999389648438,54044000,AMAZON,662.9199829101562,671.4099731445312,661.8499755859375,669.0,2276900,NETFLIX,273.1300048828125,278.0,260.5299987792969,269.9100036621094,3958200,SPOTIFY
2021-10-28,149.36209106445312,149.94946658313845,146.57200880232836,146.66991219108917,100077900,APPLE,145.1358184814453,146.42251519260307,143.77960541243874,146.29786464904376,32418000,GOOGLE,313.8487548828125,314.35190857919804,310.95553992238246,313.82938350979595,26297900,MICROSOFT,172.32850646972656,173.9499969482422,169.3000030517578,170.10499572753906,114174000,AMAZON,674.0499877929688,676.7999877929688,668.030029296875,670.9500122070312,2859400,NETFLIX,288.95001220703125,293.32000732421875,273.1400146484375,273.6199951171875,3414400,SPOTIFY
2021-10-29,146.6503143310547,146.7873700992779,143.3315929295454,144.12455951269104,124953200,APPLE,147.2627410888672,147.60292715853765,144.1798493505246,144.53094707743935,28954000,GOOGLE,320.88336181640625,321.25106354157043,313.4133057841981,313.6358698624636,34766000,MICROSOFT,168.6215057373047,168.74099731445312,163.66600036621094,165.00100708007812,129722000,AMAZON,690.3099975585938,690.969970703125,671.239990234375,673.0599975585938,3825300,NETFLIX,289.3999938964844,292.82000732421875,283.32000732421875,285.1400146484375,1604400,SPOTIFY
2021-11-01,145.82798767089844,146.55241894044252,144.69237413631248,145.85735569869297,74588300,APPLE,142.79681396484375,147.39087936586967,142.60363216365525,147.15796094565582,32272000,GOOGLE,318.7062072753906,320.7575647556031,315.8033362306678,320.6317689522734,27073200,MICROSOFT,165.90550231933594,168.79299926757812,164.6009979248047,168.08999633789062,72178000,AMAZON,681.1699829101562,689.969970703125,676.5399780273438,689.0599975585938,3110900,NETFLIX,300.95001220703125,302.5710144042969,294.5199890136719,295.3999938964844,2386000,SPOTIFY
2021-11-02,146.86569213867188,148.3831049138377,145.5244875234558,145.5342868243143,69122000,APPLE,144.87159729003906,145.92190476918014,143.6579029222246,143.82515435561663,21150000,GOOGLE,322.344482421875,322.6541290876948,319.31581556767475,319.6157765472091,26487100,MICROSOFT,165.6374969482422,166.55599975585938,164.17750549316406,165.75050354003906,52552000,AMAZON,677.719970703125,687.6799926757812,673.8200073242188,683.1099853515625,3888600,NETFLIX,298.20001220703125,305.6000061035156,296.5880126953125,300.0,1315100,SPOTIFY
2021-11-03,148.30479431152344,148.77469770489486,146.66990932924497,147.2279168080061,54511500,APPLE,145.7923126220703,145.9120074468041,144.06761901113322,145.28081350462404,17886000,GOOGLE,323.1863098144531,324.0571652224182,319.94476457358155,323.089541540339,21500100,MICROSOFT,169.1999969482422,169.74600219726562,164.87600708007812,165.4499969482422,67944000,AMAZON,688.2899780273438,689.3900146484375,677.27001953125,677.27001953125,2334900,NETFLIX,298.0799865722656,299.6600036621094,291.0299987792969,297.79998779296875,1223700,SPOTIFY
2021-11-04,147.78594970703125,149.22502801768104,147.47267079725674,148.39290892226862,60394600,APPLE,147.67242431640625,148.9308110245622,145.63834011962814,146.1995023306453,24700000,GOOGLE,325.54730224609375,325.64407051672566,318.8416774576779,322.1122501101373,23992200,MICROSOFT,173.85000610351562,174.93150329589844,168.25,168.5,107060000,AMAZON,668.4000244140625,685.9400024414062,665.5,685.8900146484375,4865000,NETFLIX,293.4800109863281,299.0799865722656,291.7850036621094,295.1000061035156,1137000,SPOTIFY
2021-11-05,148.31533813476562,149.21730693838492,147.11924549176268,148.9133844562671,65463900,APPLE,148.22665405273438,149.54737380602026,147.6416528111932,148.33839245728046,20408000,GOOGLE,325.1795654296875,327.82118833215054,323.592678174856,327.5502549213487,22570100,MICROSOFT,175.94949340820312,178.3125,173.8489990234375,173.85000610351562,99940000,AMAZON,645.719970703125,665.6400146484375,645.010009765625,663.969970703125,5283500,NETFLIX,289.04998779296875,297.6300048828125,285.0,293.29998779296875,1261100,SPOTIFY
2021-11-08,147.49183654785156,148.5996967763102,147.2173248919126,148.44282869869843,55020900,APPLE,148.3363800048828,150.00793955344773,148.10644717379196,148.98047078535743,18388000,GOOGLE,326.0794677734375,326.718102893488,323.61203940329,326.3794287273133,20897000,MICROSOFT,174.44900512695312,178.9499969482422,174.39300537109375,176.16200256347656,61480000,AMAZON,651.4500122070312,656.0,643.7899780273438,650.2899780273438,2887500,NETFLIX,286.8999938964844,289.8599853515625,283.1050109863281,287.0,2077200,SPOTIFY
2021-11-09,147.85455322265625,148.46239820996468,147.11925107616622,147.25650687845393,56787900,APPLE,148.2340850830078,149.35639433813856,146.50442094692883,148.7282012257974,16876000,GOOGLE,325.0731201171875,327.7534265278024,323.6990817817537,326.1955373686938,21307400,MICROSOFT,178.81149291992188,179.68850708007812,175.07150268554688,175.7624969482422,85898000,AMAZON,655.989990234375,660.5,650.52001953125,653.7000122070312,2415600,NETFLIX,278.75,286.4700012207031,276.1050109863281,282.239990234375,1586200,SPOTIFY
2021-11-10,145.02117919921875,147.18787595185904,144.9525587828528,147.08003104634736,65187100,APPLE,145.6294403076172,147.6893339766813,144.33727269624433,147.00377876436102,22708000,GOOGLE,320.08984375,323.79585831193276,319.238359870115,323.73780326397525,25500900,MICROSOFT,174.1024932861328,180.2725067138672,173.1544952392578,178.19349670410156,80548000,AMAZON,646.9099731445312,660.3300170898438,642.1099853515625,653.010009765625,2405800,NETFLIX,269.7200012207031,279.7099914550781,266.3699951171875,277.1400146484375,1367900,SPOTIFY
2021-11-11,144.97216796875,146.50159405628088,144.7858890294142,146.0408184691879,41000000,APPLE,145.75059509277344,147.49291393369234,145.69746138492712,146.10714864226023,12464000,GOOGLE,321.66705322265625,322.9636650893202,319.8092327535202,320.5252646500076,16849800,MICROSOFT,173.625,177.16200256347656,173.37350463867188,175.64999389648438,45288000,AMAZON,657.5800170898438,665.8200073242188,649.7100219726562,650.239990234375,2868300,NETFLIX,276.6499938964844,280.0,273.75,275.1000061035156,1262800,SPOTIFY
2021-11-12,147.05064392089844,147.45259776115682,144.58982294106508,145.52120275202367,63804000,APPLE,148.6283721923828,148.8409221489603,145.4585665725729,146.8267063144616,17048000,GOOGLE,325.8182067871094,326.3117042528894,322.9830768391955,323.1088726269063,23831000,MICROSOFT,176.25750732421875,177.0364990234375,172.3524932861328,174.25,53788000,AMAZON,682.6099853515625,683.3400268554688,653.8200073242188,660.010009765625,4198400,NETFLIX,280.55999755859375,284.5299987792969,277.75,282.239990234375,1853700,SPOTIFY
2021-11-15,147.0604248046875,148.90358691602947,146.5015880097449,147.42316906541586,59222800,APPLE,148.3726348876953,149.4542376202083,147.64212983770736,148.98047473967068,16248000,GOOGLE,325.18927001953125,326.9406663714479,323.21530960920296,326.6116778913146,16723000,MICROSOFT,177.28399658203125,179.69400024414062,176.29049682617188,176.85000610351562,58594000,AMAZON,679.3300170898438,685.260009765625,671.489990234375,681.239990234375,2872200,NETFLIX,278.3800048828125,286.6000061035156,278.3299865722656,281.80999755859375,1055200,SPOTIFY
2021-11-16,148.04080200195312,148.52120469197544,146.41332999225213,147.00157757351386,59256200,APPLE,148.06275939941406,148.8141178381103,147.34169596089842,148.15661479517118,17254000,GOOGLE,328.5178527832031,329.64029954864577,324.64735891458355,324.81183836746607,20886800,MICROSOFT,177.03500366210938,178.8249969482422,176.25750732421875,176.9499969482422,44342000,AMAZON,687.4000244140625,688.3599853515625,676.9000244140625,678.27001953125,2077400,NETFLIX,271.29998779296875,279.05499267578125,270.0,278.9800109863281,1586900,SPOTIFY
2021-11-17,150.4820556640625,151.9624587476381,148.03104826490704,148.04084690898938,88807000,APPLE,148.04884338378906,148.6090205043669,147.55324204739495,148.2147157043454,15290000,GOOGLE,328.7408142089844,331.71686021606945,327.65509790786484,328.5663304284938,19053400,MICROSOFT,177.4499969482422,179.3625030517578,177.2675018310547,178.23599243164062,51206000,AMAZON,691.6900024414062,700.989990234375,686.0900268554688,690.0,2732800,NETFLIX,271.95001220703125,272.05999755859375,265.8699951171875,271.54998779296875,1103300,SPOTIFY
2021-11-18,154.7761993408203,155.56052464418286,150.0506651936485,150.69773469090467,137827700,APPLE,149.68467712402344,150.57955427530771,147.98580783493972,148.1322968361644,26658000,GOOGLE,330.82501220703125,331.968919377058,326.8020338448508,327.82958890843764,22463500,MICROSOFT,184.80299377441406,185.2100067138672,178.0500030517578,178.3175048828125,114070000,AMAZON,682.02001953125,691.739990234375,679.739990234375,691.6099853515625,2012900,NETFLIX,263.3699951171875,272.0,262.3299865722656,268.55999755859375,1049600,SPOTIFY
2021-11-19,157.40371704101562,157.8645076840942,153.46249248182252,154.56053914119423,117305600,APPLE,148.9333038330078,150.81791359337745,148.86874319950553,149.97368480232643,19766000,GOOGLE,332.6087341308594,334.53784815102716,331.72661169602117,332.1531473880695,21963400,MICROSOFT,183.82850646972656,188.1074981689453,183.78599548339844,185.63450622558594,98734000,AMAZON,678.7999877929688,694.1599731445312,675.0,692.3499755859375,2613700,NETFLIX,259.54998779296875,266.9100036621094,258.07000732421875,263.2699890136719,799500,SPOTIFY
2021-11-22,157.8644561767578,162.45273390045784,157.84484393287838,158.51151062719015,117467900,APPLE,146.07884216308594,149.71992543024416,146.00632511481075,149.1212695387152,24608000,GOOGLE,329.4291076660156,338.96796943364063,329.15767856424117,334.07251261265543,31031100,MICROSOFT,178.6284942626953,185.67300415039062,178.375,183.81900024414062,96844000,AMAZON,659.2000122070312,679.47998046875,656.469970703125,676.02001953125,2764400,NETFLIX,250.33999633789062,264.135009765625,247.01499938964844,258.6499938964844,1346300,SPOTIFY
2021-11-23,158.24685668945312,158.62921327282737,155.94290358465759,157.96253143323767,96041900,APPLE,145.75953674316406,146.69016469557673,143.90472174702623,146.11311989749078,18126000,GOOGLE,327.34490966796875,329.060755723805,323.35101172103555,326.73418680630175,30427600,MICROSOFT,179.0019989013672,181.05250549316406,176.385498046875,179.2519989013672,73804000,AMAZON,654.0599975585938,666.4299926757812,646.0499877929688,658.1799926757812,2320200,NETFLIX,243.02999877929688,251.1300048828125,237.05999755859375,246.22999572753906,2356700,SPOTIFY
2021-11-24,158.76646423339844,158.96254184147043,156.5115343411642,157.59978226969068,69463600,APPLE,145.7202911376953,146.00087225767157,144.21211836381826,145.35529623148872,16464000,GOOGLE,327.56787109375,327.8102195501021,323.69029579211673,325.98775442496617,21661300,MICROSOFT,179.02049255371094,180.6820068359375,176.84249877929688,178.1334991455078,46560000,AMAZON,658.2899780273438,661.4400024414062,651.0999755859375,658.010009765625,1867300,NETFLIX,249.49000549316406,251.5850067138672,238.64999389648438,244.6699981689453,1552300,SPOTIFY
2021-11-26,153.73699951171875,157.30566600685046,153.2958211322195,156.4429214975391,76959800,APPLE,141.8353729248047,144.30943937617343,141.51705567062675,144.02985850086043,16992000,GOOGLE,319.5898132324219,327.58731389288937,318.07756092876355,324.11689632002157,24217200,MICROSOFT,175.22799682617188,181.6750030517578,175.20750427246094,180.10499572753906,59826000,AMAZON,665.6400146484375,676.4099731445312,660.6699829101562,675.0,2872500,NETFLIX,250.88999938964844,253.0500030517578,246.0500030517578,248.0800018310547,836900,SPOTIFY
2021-11-29,157.09979248046875,158.03117240002507,155.67819606877572,156.24683164150022,88748200,APPLE,145.12091064453125,145.86382783094493,143.3177440474262,143.3177440474262,26276000,GOOGLE,326.3270263671875,328.6535654759392,324.4948579595325,324.68874854507425,28563500,MICROSOFT,178.07850646972656,179.8000030517578,176.5749969482422,177.3820037841797,65312000,AMAZON,663.8400268554688,667.989990234375,658.2899780273438,663.2000122070312,2529400,NETFLIX,246.60000610351562,251.4499969482422,245.22999572753906,250.85000610351562,1347600,SPOTIFY
2021-11-30,162.0605926513672,162.27628247322406,156.78602057829323,156.85465595786593,174048100,APPLE,141.48379516601562,145.63190725432978,141.10041710850942,144.46167744579685,41590000,GOOGLE,320.471923828125,327.4418682918144,318.9208876812045,325.057167596262,42885600,MICROSOFT,175.35350036621094,179.2884979248047,174.60049438476562,178.1750030517578,80022000,AMAZON,641.9000244140625,675.3800048828125,640.010009765625,668.2000122070312,5608900,NETFLIX,238.5,248.8800048828125,235.89500427246094,245.5399932861328,1874200,SPOTIFY
2021-12-01,161.54100036621094,166.96262755361067,161.30569826962912,164.1978840178816,152052500,APPLE,140.6554412841797,145.5034141829971,140.53824706981743,143.23230457794105,28476000,GOOGLE,319.9775390625,328.8959751540694,319.3086844600099,324.87299621520316,33337600,MICROSOFT,172.18600463867188,177.99400329589844,172.0800018310547,177.25,74916000,AMAZON,617.77001953125,654.52001953125,617.0700073242188,649.47998046875,3882800,NETFLIX,225.08999633789062,241.4199981689453,224.3209991455078,238.14999389648438,1627300,SPOTIFY
2021-12-02,160.55076599121094,160.98214564054786,154.70757335862984,155.62915443498412,136739200,APPLE,142.7992706298828,143.69166216432518,140.02375473406545,140.86004217468766,21250000,GOOGLE,319.40557861328125,323.28315411578535,317.76730059678897,320.1907852858541,30766000,MICROSOFT,171.8679962158203,174.63499450683594,171.1875,173.0,64726000,AMAZON,616.469970703125,625.3599853515625,612.8800048828125,617.0999755859375,3331100,NETFLIX,228.5399932861328,232.72000122070312,224.875,225.0,1603200,SPOTIFY
2021-12-03,158.66839599609375,161.72726310588908,156.5899467105327,160.80568201972204,118023100,APPLE,141.55181884765625,144.22602349422434,140.19063510360218,143.51340136241285,26688000,GOOGLE,313.1239318847656,322.5173611058219,308.2963396315105,321.82907013934687,41779300,MICROSOFT,169.489501953125,173.49349975585938,166.92999267578125,172.75,80712000,AMAZON,602.1300048828125,625.5,594.0,622.75,4829300,NETFLIX,228.8000030517578,233.72999572753906,221.14999389648438,230.0,1831000,SPOTIFY
2021-12-06,162.0802001953125,164.59002900255814,161.06057289251913,161.07037153513377,107497000,APPLE,142.81915283203125,143.3703885477596,139.6910685963369,142.59817661420388,22198000,GOOGLE,316.2066955566406,317.42814171187325,309.45972022741347,314.0352620216165,30032600,MICROSOFT,171.36849975585938,173.69549560546875,166.9344940185547,169.64999389648438,68860000,AMAZON,612.6900024414062,617.2899780273438,601.0,606.010009765625,3075700,NETFLIX,232.00999450683594,232.58999633789062,225.2100067138672,228.9499969482422,1186000,SPOTIFY
2021-12-07,167.8253631591797,168.21753329951792,165.0410224817036,165.76652602150847,120405400,APPLE,147.0303192138672,147.29203224851508,144.71218339287128,144.9579987511427,23258000,GOOGLE,324.6694030761719,325.52244481876284,319.996917592964,321.4897924137154,31021900,MICROSOFT,176.1645050048828,177.49949645996094,173.33450317382812,174.60000610351562,66410000,AMAZON,625.5800170898438,628.8900146484375,611.4000244140625,619.8300170898438,3125200,NETFLIX,238.50999450683594,242.9199981689453,237.22000122070312,239.9600067138672,1089400,SPOTIFY
2021-12-08,171.64895629882812,172.51171571219845,167.35478644015964,168.75677048688644,116998900,APPLE,147.70970153808594,148.14272764487512,146.19952810549825,147.32333792325784,18964000,GOOGLE,324.7178955078125,325.2316731225476,320.6755096835337,325.0474859037222,24761000,MICROSOFT,176.1580047607422,177.17999267578125,174.75050354003906,176.15049743652344,45254000,AMAZON,628.0800170898438,632.4600219726562,623.2000122070312,630.0,2220300,NETFLIX,243.1699981689453,245.3699951171875,235.47000122070312,240.0,1137700,SPOTIFY
2021-12-09,171.13916015625,173.28624530636634,170.51170278012245,171.48230721997012,108923700,APPLE,147.099365234375,148.58816989341202,146.52629107389916,147.1688815821325,18580000,GOOGLE,322.9051208496094,326.191350856802,321.9551041573975,324.17502451883644,22214200,MICROSOFT,174.17100524902344,176.96949768066406,174.13949584960938,175.75,46062000,AMAZON,611.0,630.239990234375,610.4400024414062,627.5800170898438,2376300,NETFLIX,233.4199981689453,245.80999755859375,232.0500030517578,241.61000061035156,1059900,SPOTIFY
2021-12-10,175.93328857421875,176.10976886642817,171.26657639018677,171.77639006130698,115402700,APPLE,147.6645050048828,148.38456831090036,146.3559547955763,148.08661944224747,21634000,GOOGLE,332.05615234375,332.5020651973553,324.54335057908673,324.727537763227,38095700,MICROSOFT,172.21200561523438,175.927001953125,170.5,175.41700744628906,60690000,AMAZON,611.6599731445312,617.739990234375,605.8800048828125,616.780029296875,2748800,NETFLIX,233.25999450683594,238.42999267578125,230.07000732421875,237.10000610351562,838400,SPOTIFY
2021-12-13,172.2960205078125,178.56079478498526,172.09012930519359,177.57057822727617,153237000,APPLE,145.70738220214844,147.55275550901322,145.36522599147315,147.4350611682193,24104000,GOOGLE,329.0122985839844,333.2679521970493,328.70208542193865,330.2531216486118,28899400,MICROSOFT,169.5675048828125,172.10000610351562,169.1300048828125,172.0,62170000,AMAZON,604.5599975585938,612.6400146484375,599.52001953125,612.0,2517900,NETFLIX,225.6199951171875,234.4499969482422,222.94000244140625,232.8800048828125,1188000,SPOTIFY
2021-12-14,170.9136199951172,174.25679709582377,168.8351708696383,171.81558876579217,139380400,APPLE,143.9851837158203,144.453475676983,141.27571311088354,143.7860459692288,24778000,GOOGLE,318.2907409667969,324.39793935424154,314.19019474595046,323.021387209704,44438700,MICROSOFT,169.0915069580078,169.49899291992188,166.44000244140625,167.5500030517578,55976000,AMAZON,597.989990234375,602.2899780273438,588.1300048828125,598.7100219726562,2984500,NETFLIX,222.67999267578125,227.27999877929688,219.75,222.0,2137100,SPOTIFY
2021-12-15,175.7862548828125,175.9823324841572,168.93323276156414,171.6783640596761,131063300,APPLE,146.36688232421875,146.5146140427253,141.73558084850194,143.38478694937584,27280000,GOOGLE,324.40765380859375,324.93113478361175,314.5683119105372,318.55250653000735,35381100,MICROSOFT,173.31500244140625,173.60000610351562,165.19500732421875,168.59800720214844,75794000,AMAZON,605.0399780273438,605.6900024414062,584.510009765625,598.1799926757812,2866200,NETFLIX,225.39999389648438,227.02000427246094,216.0,222.35000610351562,1557700,SPOTIFY
2021-12-16,168.88417053222656,177.59015164670058,167.40376778099412,175.7666019527164,150185800,APPLE,143.85406494140625,147.54182593561418,143.11313316008903,147.0705484636645,27400000,GOOGLE,314.9560546875,326.453081085924,313.1335895234271,325.4351997973671,35034800,MICROSOFT,168.87100219726562,174.16600036621094,168.16050720214844,173.36849975585938,60876000,AMAZON,591.0599975585938,602.8300170898438,588.0,597.0900268554688,3143200,NETFLIX,226.5500030517578,232.66000366210938,224.0500030517578,229.16000366210938,1130000,SPOTIFY
2021-12-17,167.78614807128906,170.07048857395336,166.36456688905028,166.59985400570397,195432700,APPLE,141.83241271972656,143.47825446326124,140.82431191919082,141.74451325276064,43404000,GOOGLE,313.8896789550781,314.97542478636836,307.54016183647593,311.0590658211169,47750300,MICROSOFT,170.0175018310547,170.89849853515625,165.61349487304688,167.7104949951172,85542000,AMAZON,586.72998046875,593.25,581.739990234375,591.6099853515625,4386900,NETFLIX,235.27999877929688,237.4499969482422,222.77000427246094,224.30999755859375,1697700,SPOTIFY
2021-12-20,166.4234161376953,167.23715245654458,164.17829975707315,164.98222247126822,107499100,APPLE,141.43362426757812,141.6412033642859,139.2967431830419,139.72341923536803,20264000,GOOGLE,310.1188049316406,312.9203379086466,307.850426764206,310.25450469368167,28326500,MICROSOFT,167.07899475097656,167.87449645996094,165.60000610351562,166.85000610351562,57372000,AMAZON,593.739990234375,602.8800048828125,584.260009765625,586.4299926757812,3358400,NETFLIX,228.16000366210938,236.49000549316406,228.11000061035156,230.75,1120600,SPOTIFY
2021-12-21,169.5999298095703,169.8058060735795,165.8057598154323,168.1979456623426,91185900,APPLE,143.24026489257812,143.7086022655274,140.77165425025518,142.17703009097306,19548000,GOOGLE,317.27294921875,317.6994849167661,310.0121685299449,313.3953734793708,24740600,MICROSOFT,170.41700744628906,170.7165069580078,165.6475067138672,167.85049438476562,55956000,AMAZON,604.9199829101562,607.8200073242188,593.8599853515625,597.5399780273438,2319400,NETFLIX,238.11000061035156,238.83999633789062,230.05999755859375,230.19000244140625,716600,SPOTIFY
2021-12-22,172.19796752929688,172.4136573675495,168.77635596770887,169.64891396436306,92135300,APPLE,145.9502410888672,146.3018237919621,142.9845283102409,143.1206057744027,18438000,GOOGLE,323.0020751953125,323.3995006803262,315.780078451788,318.25202118491086,24831500,MICROSOFT,171.03700256347656,172.0500030517578,168.50050354003906,169.27000427246094,55036000,AMAZON,614.239990234375,614.8200073242188,602.6300048828125,603.3599853515625,2335700,NETFLIX,235.16000366210938,240.9199981689453,234.00999450683594,238.02999877929688,972700,SPOTIFY
2021-12-23,172.82542419433594,173.38426103506748,171.83522263836468,172.4038581227058,68356600,APPLE,146.1424102783203,147.56278972961212,145.9520624884691,146.08976153453503,13818000,GOOGLE,324.4464111328125,326.09439241528247,322.5464075808319,322.5657848066247,19617800,MICROSOFT,171.06849670410156,171.97500610351562,170.14999389648438,170.42799377441406,36788000,AMAZON,614.0900268554688,616.8800048828125,607.5700073242188,616.4000244140625,1621100,NETFLIX,236.6300048828125,238.05999755859375,226.6199951171875,235.5,813000,SPOTIFY
2021-12-27,176.7960662841797,176.8842989595941,173.5999580433746,173.61955533140323,74919600,APPLE,147.05763244628906,147.4176716335065,146.2491696571616,146.4612195080496,13256000,GOOGLE,331.9689636230469,331.99804425764506,325.1637992915189,325.1928799261171,19947000,MICROSOFT,169.66949462890625,172.9429931640625,169.2154998779297,171.03700256347656,58688000,AMAZON,613.1199951171875,615.0,609.25,615.0,2061500,NETFLIX,233.77999877929688,237.75,230.22999572753906,236.7100067138672,963900,SPOTIFY
2021-12-28,175.7764434814453,177.77647393560375,175.03134260309423,176.62940424561387,79144300,APPLE,145.45262145996094,147.3660258639741,144.9436078468954,147.3660258639741,18624000,GOOGLE,330.8056640625,333.287310047464,329.9041348473056,332.6475065317783,15661500,MICROSOFT,170.66099548339844,172.17599487304688,169.135498046875,170.1824951171875,54638000,AMAZON,610.7100219726562,618.4099731445312,609.6900024414062,614.9500122070312,1882800,NETFLIX,233.77999877929688,239.49000549316406,231.50999450683594,234.57000732421875,775200,SPOTIFY
2021-12-29,175.8647003173828,177.09020410494455,174.64899517460688,175.81567717392772,62348900,APPLE,145.50875854492188,146.18338693573227,144.51555521525435,145.43427132621284,17022000,GOOGLE,331.4842529296875,333.7623049071674,329.28370986318623,330.85412323356366,15042000,MICROSOFT,169.2010040283203,171.21200561523438,168.60049438476562,170.83999633789062,35754000,AMAZON,610.5399780273438,613.97998046875,604.6799926757812,610.7100219726562,1287200,NETFLIX,232.9199981689453,235.83999633789062,228.10000610351562,232.63999938964844,1155700,SPOTIFY
2021-12-30,174.70777893066406,177.0313437787025,174.5999340224449,175.95289469651084,59773000,APPLE,145.01014709472656,146.06294002170682,144.76780224968508,145.4546000539243,12978000,GOOGLE,328.9347839355469,332.62817276225854,328.4500869285395,331.4455108818182,15994500,MICROSOFT,168.64450073242188,170.88800048828125,168.5240020751953,169.6999969482422,37584000,AMAZON,612.0900268554688,620.6099853515625,611.239990234375,612.989990234375,1625100,NETFLIX,237.9199981689453,241.5399932861328,233.1699981689453,233.77999877929688,941500,SPOTIFY
2021-12-31,174.0901641845703,175.71762176050464,173.7862266948401,174.5999629626884,64062300,APPLE,143.69613647460938,145.37018143979518,143.69415115951682,144.5547625195263,17298000,GOOGLE,326.0265808105469,328.97351712242266,325.5709644700807,328.14955593063877,18000800,MICROSOFT,166.7169952392578,169.35000610351562,166.55850219726562,168.95599365234375,47830000,AMAZON,602.4400024414062,614.0800170898438,602.0499877929688,610.010009765625,1995900,NETFLIX,234.02999877929688,241.25,233.2899932861328,237.77000427246094,870600,SPOTIFY
2022-01-03,178.44314575195312,179.2961065398854,174.22742479359925,174.34506836720536,104487900,APPLE,144.0884552001953,144.56073291327203,142.52714869707975,143.49352743635552,25214000,GOOGLE,324.50457763671875,327.6551075166869,319.68668922154853,325.0862198389616,28865100,MICROSOFT,170.4044952392578,170.70350646972656,166.16050720214844,167.5500030517578,63520000,AMAZON,597.3699951171875,609.989990234375,590.5599975585938,605.6099853515625,3067500,NETFLIX,244.16000366210938,247.1999969482422,235.25,235.25,1933300,SPOTIFY
2022-01-04,176.1784210205078,179.3549322145944,175.6097854694808,179.051009669682,99310400,APPLE,143.43495178222656,145.6135400008662,142.8386751586961,144.56124701942412,22928000,GOOGLE,318.9402770996094,324.94082734218637,316.1387146989663,324.5821267708263,32674300,MICROSOFT,167.52200317382812,171.39999389648438,166.34950256347656,170.43800354003906,70726000,AMAZON,591.1500244140625,600.4099731445312,581.5999755859375,599.9099731445312,4393100,NETFLIX,239.25999450683594,246.3800048828125,227.4149932861328,245.10000610351562,1874400,SPOTIFY
2022-01-05,171.4920654296875,176.6391804132829,171.21755382734324,176.09015720859438,94537600,APPLE,136.7178955078125,143.3172346766713,136.58877424651124,143.20102554150014,49642000,GOOGLE,306.6968994140625,316.0903302827256,306.3091477042737,315.88673622865014,40054300,MICROSOFT,164.35699462890625,167.12649536132812,164.35699462890625,166.88299560546875,64302000,AMAZON,567.52001953125,592.8400268554688,566.8800048828125,592.0,4148700,NETFLIX,227.6999969482422,241.88999938964844,225.4199981689453,237.75999450683594,1345300,SPOTIFY
2022-01-06,168.62930297851562,171.8646356206371,168.27635732737943,169.31558203356892,96904000,APPLE,136.61610412597656,138.7366029033195,135.83396560825292,136.56297041590392,29050000,GOOGLE,304.2733459472656,308.9458313978056,301.9564804488897,303.56567778767305,39646100,MICROSOFT,163.25399780273438,164.8000030517578,161.93699645996094,163.45050048828125,51958000,AMAZON,553.2899780273438,563.3599853515625,542.010009765625,554.3400268554688,5711800,NETFLIX,228.27000427246094,231.77999877929688,219.61000061035156,224.9499969482422,1171900,SPOTIFY
2022-01-07,168.79598999023438,170.72738518026193,167.67833112045182,169.50188137744055,86709100,APPLE,136.0733184814453,137.3150650478679,134.8660800302803,136.96769547833836,19408000,GOOGLE,304.428466796875,306.8131674930467,300.5993490816287,304.5350859251237,32720000,MICROSOFT,162.5540008544922,165.24349975585938,162.031005859375,163.83900451660156,46606000,AMAZON,541.0599975585938,553.4299926757812,538.219970703125,549.4600219726562,3382900,NETFLIX,223.5800018310547,232.47000122070312,221.33999633789062,228.14999389648438,907200,SPOTIFY
2022-01-10,168.81556701660156,169.119489502726,164.87434342032694,165.7665135929736,106765600,APPLE,137.63214111328125,137.69768682416424,132.23556950904512,134.1807540369648,34096000,GOOGLE,304.6513671875,305.08760621418344,295.3645879565641,300.01766618462113,44289500,MICROSOFT,161.48599243164062,161.6614990234375,156.30450439453125,160.5854949951172,87798000,AMAZON,539.8499755859375,543.6900024414062,526.3200073242188,538.489990234375,4486100,NETFLIX,224.41000366210938,224.97999572753906,212.3800048828125,220.83999633789062,1394000,SPOTIFY
2022-01-11,171.64895629882812,171.7469876214078,167.47244497092254,168.9430494474789,76138300,APPLE,139.0658416748047,139.3757175812923,135.88362358821269,137.24132167763923,23502000,GOOGLE,305.33966064453125,306.9197476411043,300.4054499000885,303.78862469419647,29386800,MICROSOFT,165.36199951171875,166.35000610351562,160.70150756835938,161.5,62806000,AMAZON,540.8400268554688,543.9099731445312,530.0700073242188,536.989990234375,3077800,NETFLIX,234.97000122070312,236.3300018310547,222.05999755859375,224.39999389648438,1175400,SPOTIFY
2022-01-12,172.09014892578125,173.70780800028308,171.3940711266009,172.66858314420182,74805200,APPLE,140.68524169921875,141.8435746287931,140.152889270692,140.59238653568121,23642000,GOOGLE,308.5290222167969,313.51172164936673,307.37544097333597,309.8861975033797,34372200,MICROSOFT,165.20700073242188,166.8780059814453,164.41700744628906,166.5749969482422,50030000,AMAZON,537.219970703125,544.27001953125,532.02001953125,544.27001953125,3787400,NETFLIX,231.30999755859375,240.0800018310547,230.3800048828125,237.2100067138672,1111600,SPOTIFY
2022-01-13,168.81556701660156,173.15874440691425,168.42339690566672,172.33520961359125,84505800,APPLE,138.18536376953125,142.2123108764727,137.9698433838269,140.87645123802994,26566000,GOOGLE,295.4713134765625,311.05918736285963,294.6958100204592,310.66173222694954,45366000,MICROSOFT,161.21400451660156,166.22149658203125,161.09100341796875,165.25050354003906,52188000,AMAZON,519.2000122070312,540.7899780273438,518.260009765625,537.0599975585938,4475100,NETFLIX,226.4499969482422,238.8000030517578,226.19000244140625,236.16000366210938,985600,SPOTIFY
2022-01-14,169.67832946777344,170.37440711806423,167.7371210418755,167.9822217558743,80440800,APPLE,138.83639526367188,140.24078601419453,136.56543716395765,136.56543716395765,23826000,GOOGLE,300.70599365234375,301.30701312506073,294.4533912878713,294.9380882282628,39846400,MICROSOFT,162.13800048828125,162.25,159.80050659179688,160.14999389648438,45974000,AMAZON,525.6900024414062,538.3699951171875,511.8800048828125,517.5999755859375,7861100,NETFLIX,218.55999755859375,226.3990020751953,213.74000549316406,223.91000366210938,1665400,SPOTIFY
2022-01-18,166.472412109375,169.15870642783565,166.09005558435084,168.1488926576498,90956700,APPLE,135.36415100097656,136.45766560995995,134.69523619519305,135.67155659072944,27382000,GOOGLE,293.3870544433594,300.3182148295546,292.50490245478125,294.763606781819,42333200,MICROSOFT,158.91749572753906,159.7344970703125,157.6645050048828,159.10499572753906,67292000,AMAZON,510.79998779296875,521.75,508.67999267578125,520.0800170898438,4839100,NETFLIX,210.8699951171875,218.0,209.67999267578125,213.57000732421875,1380200,SPOTIFY
2022-01-19,162.97238159179688,167.72734198246087,162.68807131265714,166.66850497918634,94815000,APPLE,134.73001098632812,137.4588498661424,134.57905123334535,136.0077812557023,20796000,GOOGLE,294.04620361328125,304.30240641930027,293.4355103792751,296.9156305153396,45933900,MICROSOFT,156.2989959716797,159.25,156.25,158.76199340820312,53242000,AMAZON,515.8599853515625,523.2100219726562,510.510009765625,515.0,4353500,NETFLIX,207.35000610351562,216.61000061035156,207.02999877929688,212.97999572753906,1659900,SPOTIFY
2022-01-20,161.2860870361328,166.35476859042288,160.9625522612085,163.7076835662155,91420500,APPLE,132.59910583496094,136.97466558096235,132.2395667003209,135.58617224187174,21930000,GOOGLE,292.36920166015625,302.11159837189933,291.9232887564094,299.6105751651282,35380700,MICROSOFT,151.66749572753906,158.0,151.3509979248047,156.76600646972656,71974000,AMAZON,508.25,526.6400146484375,506.92999267578125,517.75,12659000,NETFLIX,208.66000366210938,217.94000244140625,207.66000366210938,210.88999938964844,2517800,SPOTIFY
2022-01-21,159.2272186279297,163.07039571920242,159.1193737240524,161.197822824496,122848900,APPLE,129.20779418945312,133.84456641229514,129.11742445284216,132.10794589942407,41920000,GOOGLE,286.9696960449219,294.8023863136497,286.56253756034687,293.42586344165414,57984400,MICROSOFT,142.64300537109375,150.89999389648438,142.07049560546875,149.9499969482422,163972000,AMAZON,397.5,409.1499938964844,379.989990234375,400.42999267578125,58904300,NETFLIX,195.52999877929688,205.72000122070312,194.72000122070312,202.3699951171875,3150100,SPOTIFY
2022-01-24,158.45269775390625,159.11937944541725,151.6683120872291,156.88406222991276,162294600,APPLE,129.4858856201172,129.88963206882565,123.794789887795,125.17091648897643,55148000,GOOGLE,287.2992248535156,288.01656677151595,267.6011364861104,283.2568694279383,85731500,MICROSOFT,144.54400634765625,144.94500732421875,135.3520050048828,139.0,155624000,AMAZON,387.1499938964844,387.260009765625,351.4599914550781,383.9100036621094,32346000,NETFLIX,193.55999755859375,194.22999572753906,177.07000732421875,187.41000366210938,3003600,SPOTIFY
2022-01-25,156.64877319335938,159.5703696285005,153.942866591661,155.86444788627315,115798400,APPLE,125.87411499023438,128.4594276386586,125.5190466245286,127.56256516846774,36008000,GOOGLE,279.660400390625,285.96145992153714,276.4420355444881,282.59766234246206,72848600,MICROSOFT,139.98599243164062,143.60000610351562,138.14500427246094,142.24249267578125,90824000,AMAZON,366.4200134277344,387.7099914550781,365.1300048828125,379.1400146484375,15145800,NETFLIX,184.0399932861328,192.0,180.75999450683594,187.75,2074400,SPOTIFY
2022-01-26,156.56053161621094,161.16842196351905,154.72718309601152,160.29586403596446,108275300,APPLE,128.36158752441406,131.90482964877893,126.28926697844179,129.7048881894183,39630000,GOOGLE,287.62884521484375,299.0580071592012,284.06148289400227,298.5636068216338,90428900,MICROSOFT,138.87249755859375,145.18499755859375,137.31849670410156,144.75,95602000,AMAZON,359.70001220703125,382.6600036621094,356.6199951171875,378.2699890136719,12684000,NETFLIX,174.7899932861328,192.91000366210938,173.5800018310547,189.3300018310547,2654600,SPOTIFY
2022-01-27,156.09974670410156,160.62920319221885,155.17816560951687,159.26644379654334,121954600,APPLE,128.243408203125,131.7086475489947,128.0686095107223,130.46817394308647,30248000,GOOGLE,290.66302490234375,297.8946941544842,288.8114792487157,293.3967224380804,53481300,MICROSOFT,139.6374969482422,144.24349975585938,139.35000610351562,140.8000030517578,77516000,AMAZON,386.70001220703125,394.79998779296875,378.1000061035156,382.05999755859375,24324700,NETFLIX,171.32000732421875,179.8300018310547,169.42999267578125,172.88999938964844,2512900,SPOTIFY
2022-01-28,166.9920196533203,167.01163189910224,159.6095873711376,162.4625632621154,179935700,APPLE,132.38357543945312,132.46401860176192,127.81980509066949,129.11642823265385,30518000,GOOGLE,298.8254089355469,299.03867680247816,285.4380799369417,291.04117616789154,49743700,MICROSOFT,143.97799682617188,143.9980010986328,137.92950439453125,140.86050415039062,74392000,AMAZON,384.3599853515625,387.0,372.0799865722656,386.760009765625,11966600,NETFLIX,172.97999572753906,174.03500366210938,164.41000366210938,172.22999572753906,2515500,SPOTIFY
2022-01-31,171.35482788085938,171.57051772849903,166.1881001011021,166.82537099995082,115541600,APPLE,134.7761688232422,134.92018751229728,131.37494538356475,133.28586409572353,34056000,GOOGLE,301.462158203125,302.819303892865,296.9932364584316,299.4942895571127,46444500,MICROSOFT,149.57350158691406,150.36050415039062,144.30050659179688,144.75,78308000,AMAZON,427.1400146484375,427.70001220703125,398.20001220703125,401.9700012207031,20047500,NETFLIX,196.25999450683594,196.57000732421875,179.52999877929688,180.35000610351562,4882400,SPOTIFY
2022-02-01,171.18812561035156,171.41361405521826,168.9331962824081,170.59987797358062,86213900,APPLE,136.94137573242188,137.26069326120614,133.6536327473979,136.8981837553438,51204000,GOOGLE,299.31005859375,301.1228203841136,295.7911541378428,300.90955255092064,40950400,MICROSOFT,151.19349670410156,151.70799255371094,147.62750244140625,150.0,59220000,AMAZON,457.1300048828125,458.4800109863281,425.5400085449219,432.9599914550781,22568100,NETFLIX,203.6199951171875,205.2830047607422,193.6300048828125,199.1300048828125,2868500,SPOTIFY
2022-02-02,172.39404296875,172.43326746235797,169.93323706636977,171.32540739423024,84914300,APPLE,147.0303192138672,151.06620730263577,144.56816469067317,150.8313036002186,89750000,GOOGLE,303.86614990234375,305.47534704194504,299.4263396418428,300.15338493833775,36636000,MICROSOFT,150.6125030517578,155.0749969482422,148.86349487304688,155.05050659179688,87330000,AMAZON,429.4800109863281,451.9800109863281,426.4800109863281,448.25,14346000,NETFLIX,191.9199981689453,208.49000549316406,188.36000061035156,205.35000610351562,6687900,SPOTIFY
2022-02-03,169.5116424560547,172.78619926092313,168.74692944934694,171.06068071470264,89418100,APPLE,141.6809539794922,148.10420757945724,141.23848624533957,144.30748100394734,56930000,GOOGLE,292.0299072265625,301.7044688280811,290.77938083421395,300.0177033550017,43730000,MICROSOFT,138.8455047607422,144.24749755859375,138.33299255371094,141.7375030517578,225532000,AMAZON,405.6000061035156,429.260009765625,404.2799987792969,421.44000244140625,9905200,NETFLIX,159.75999450683594,174.39999389648438,155.57000732421875,164.0,14049300,SPOTIFY
2022-02-04,169.2270050048828,170.90563668740813,167.54837332235746,168.53002542285074,82465400,APPLE,142.04397583007812,143.55289140192704,138.86721335908675,142.04496091029878,49224000,GOOGLE,296.57635498046875,299.34880717402064,290.78907254882864,291.02171760463654,35096500,MICROSOFT,157.63949584960938,161.1999969482422,150.60800170898438,155.60650634765625,253456000,AMAZON,410.1700134277344,412.7699890136719,396.6400146484375,407.30999755859375,7789800,NETFLIX,174.42999267578125,176.9499969482422,161.10000610351562,163.11000061035156,5779200,SPOTIFY
2022-02-07,168.51039123535156,170.75836779564654,167.81341170266444,169.68837067678015,77251200,APPLE,137.99368286132812,142.86881432216353,137.75630885004662,142.73225190017172,44610000,GOOGLE,291.73907470703125,298.4181825772787,290.7211934712144,296.799311504928,28533300,MICROSOFT,157.9355010986328,162.6909942626953,157.25,158.52000427246094,102624000,AMAZON,402.1000061035156,412.3500061035156,393.54998779296875,410.1700134277344,8232900,NETFLIX,171.50999450683594,175.0,167.3000030517578,169.99000549316406,4407100,SPOTIFY
2022-02-08,171.62225341796875,172.13271674858726,168.2846269994,168.57912565086542,74829200,APPLE,138.2667999267578,138.88665780131754,135.94270798535706,138.0465663228581,34256000,GOOGLE,295.23858642578125,296.20798026867743,290.7696950101349,292.02989517247903,32421200,MICROSOFT,161.4134979248047,161.79249572753906,155.55050659179688,156.75050354003906,76040000,AMAZON,403.5299987792969,406.6099853515625,395.8299865722656,398.17999267578125,6818500,NETFLIX,165.9199981689453,172.8699951171875,163.66000366210938,170.0,3828200,SPOTIFY
2022-02-09,173.04563903808594,173.40884553875563,171.69095428385612,172.8198632386553,71285000,APPLE,140.49159240722656,141.20918544454267,139.42290163188508,139.89243631999759,28628000,GOOGLE,301.6850280761719,302.38299277668517,297.9819663435666,300.3860439692402,31284700,MICROSOFT,161.1894989013672,163.83450317382812,160.25,162.87350463867188,68786000,AMAZON,412.8900146484375,412.9800109863281,398.7900085449219,408.6499938964844,7738200,NETFLIX,175.49000549316406,175.82000732421875,163.2100067138672,167.67999267578125,4911100,SPOTIFY
2022-02-10,168.96192932128906,172.26028048182204,168.40239549718422,170.94487045999796,90865900,APPLE,137.66046142578125,140.46974354283913,137.1117262710659,138.55186810566423,33018000,GOOGLE,293.1253662109375,299.65907238795467,291.4967913701145,294.7345638215926,45386200,MICROSOFT,159.0034942626953,160.7165069580078,157.75,158.35000610351562,68268000,AMAZON,406.2699890136719,408.0,396.3599853515625,402.1000061035156,8452900,NETFLIX,167.8300018310547,177.60000610351562,167.00999450683594,169.6699981689453,2235700,SPOTIFY
2022-02-11,165.5457763671875,169.9043132142881,164.95677923370172,169.16807428684055,98670700,APPLE,133.21836853027344,138.33658768929035,132.382581010914,137.80696310064772,38808000,GOOGLE,286.00994873046875,294.97684118279875,285.21503873193984,293.91050210959537,39175600,MICROSOFT,153.2935028076172,159.0,152.73399353027344,158.13450622558594,77100000,AMAZON,391.30999755859375,411.6099853515625,387.6499938964844,405.3299865722656,7558900,NETFLIX,161.92999267578125,171.0,160.22000122070312,168.00999450683594,2158300,SPOTIFY
2022-02-14,165.78140258789062,166.46855602542965,163.50396264767951,164.2990984096048,86185500,APPLE,134.3804168701172,135.24102842531744,132.39599547702588,132.45905576690186,26792000,GOOGLE,285.9712219238281,287.6773647823829,282.4329398404649,284.7788566874214,36359500,MICROSOFT,155.16700744628906,158.44850158691406,151.64999389648438,151.75100708007812,83230000,AMAZON,396.57000732421875,409.3599853515625,386.8900146484375,387.5899963378906,7202200,NETFLIX,162.2100067138672,166.05999755859375,159.52999877929688,160.69000244140625,1608000,SPOTIFY
2022-02-15,169.61965942382812,169.77672735442647,167.1262696855739,167.83306039444423,62527400,APPLE,135.4982452392578,136.96271070032822,134.61826565695532,136.53712581045966,26578000,GOOGLE,291.2738037109375,291.5936907002771,287.92938272279025,290.82789077370313,27058300,MICROSOFT,156.510498046875,158.0070037841797,154.6374969482422,157.60549926757812,56440000,AMAZON,407.4599914550781,409.1600036621094,401.010009765625,403.7900085449219,5392300,NETFLIX,168.05999755859375,168.75999450683594,162.5,165.4499969482422,1384500,SPOTIFY
2022-02-16,169.38404846191406,170.1595469185717,166.92991856527323,168.69689508661867,61177400,APPLE,136.5530548095703,137.00843468650538,133.907311061049,135.5032320315137,25610000,GOOGLE,290.933837890625,292.2646490336459,285.28029175577853,289.8361528909863,29982100,MICROSOFT,158.10049438476562,158.83399963378906,154.7344970703125,155.79049682617188,52704000,AMAZON,398.0799865722656,401.55999755859375,390.3800048828125,401.5299987792969,5277700,NETFLIX,163.94000244140625,165.72999572753906,161.30999755859375,164.8000030517578,1577100,SPOTIFY
2022-02-17,165.78140258789062,168.75580709374077,165.37892165346722,167.89194849865083,69589300,APPLE,131.4092559814453,135.9094513112525,131.30347351342263,135.22463864899746,30968000,GOOGLE,282.41461181640625,288.3109764117442,281.70548045213417,287.88355882844604,32461600,MICROSOFT,154.65249633789062,160.3489990234375,154.5,158.14599609375,64032000,AMAZON,386.6700134277344,399.1099853515625,385.70001220703125,394.239990234375,4669200,NETFLIX,159.22000122070312,163.97999572753906,157.6999969482422,162.58999633789062,2017800,SPOTIFY
2022-02-18,164.23037719726562,167.4109199862711,163.14074291393072,166.70414435001902,82772700,APPLE,129.5807342529297,132.91442702027302,129.42137861017235,132.1332736916678,31858000,GOOGLE,279.6947326660156,285.45511803174475,278.1210720097872,284.66828770363054,34264000,MICROSOFT,152.60150146484375,155.49949645996094,150.89300537109375,155.49949645996094,63604000,AMAZON,391.2900085449219,402.8699951171875,389.04998779296875,392.5299987792969,6801700,NETFLIX,152.27000427246094,160.1699981689453,150.74000549316406,158.85000610351562,2331000,SPOTIFY
2022-02-22,161.30508422851562,163.6315949695041,159.17488593776793,161.95296324654277,91162800,APPLE,128.5229949951172,131.00427573214853,126.87278857161775,129.1015401995207,38906000,GOOGLE,279.49066162109375,283.2014094659207,276.3627585633404,276.84845761178207,41736100,MICROSOFT,150.19749450683594,152.9824981689453,148.48550415039062,150.47850036621094,66128000,AMAZON,377.3800048828125,392.4200134277344,373.0199890136719,388.95001220703125,6697500,NETFLIX,149.3800048828125,156.64999389648438,148.10000610351562,150.1999969482422,1849300,SPOTIFY
2022-02-23,157.13304138183594,163.1014723054739,156.81890555489676,162.50266399183914,90009200,APPLE,126.71783447265625,130.85352664157858,126.63689119712654,130.187597326834,26432000,GOOGLE,272.2538146972656,283.3569207680284,272.088693572859,281.88037625017427,37811200,MICROSOFT,144.82699584960938,151.76300048828125,144.6510009765625,151.65049743652344,64244000,AMAZON,367.4599914550781,386.0,366.6600036621094,382.7200012207031,4614300,NETFLIX,144.1699981689453,152.27000427246094,144.08999633789062,151.02999877929688,1450100,SPOTIFY
2022-02-24,159.75405883789062,159.86204116175165,149.21111050582687,149.7804704881103,141147500,APPLE,131.77174377441406,132.13278321849418,123.91651024825589,124.15040615809976,43166000,GOOGLE,286.16424560546875,286.7179497975743,263.75407783291644,264.7157823888698,56989700,MICROSOFT,151.35800170898438,151.74899291992188,139.5,139.83749389648438,100786000,AMAZON,390.0299987792969,390.7300109863281,354.7200012207031,355.0899963378906,7068700,NETFLIX,149.2100067138672,149.80999755859375,135.55499267578125,136.88999938964844,2352200,SPOTIFY
2022-02-25,161.82534790039062,162.09038317154068,157.91836192123637,160.83386973446065,91974200,APPLE,133.60520935058594,134.4688063920162,130.86942958219572,132.61796201677484,26236000,GOOGLE,288.8064270019531,289.11728157354844,283.30830905134627,286.69850928615546,32546700,MICROSOFT,153.7884979248047,153.99000549316406,149.2135009765625,150.5500030517578,62396000,AMAZON,390.79998779296875,391.2900085449219,375.5799865722656,386.6099853515625,4841600,NETFLIX,151.91000366210938,152.8800048828125,145.89999389648438,150.47000122070312,1674500,SPOTIFY
2022-02-28,162.0903778076172,162.38487641130448,159.44973145996255,160.06817702982372,95056600,APPLE,133.97418212890625,134.71858442717448,131.92247245359022,132.37859484962794,29676000,GOOGLE,290.2441101074219,290.58410544575923,284.61970557723305,285.892234995096,34627500,MICROSOFT,153.56300354003906,154.4499969482422,150.85000610351562,152.4250030517578,57684000,AMAZON,394.5199890136719,397.75,382.1300048828125,387.3299865722656,5035000,NETFLIX,156.19000244140625,157.97000122070312,149.92999267578125,151.63999938964844,1883400,SPOTIFY
2022-03-01,160.20559692382812,163.54322257611173,158.99816920673908,161.67807486426554,83474400,APPLE,133.256103515625,135.1858907943642,132.47196451652619,133.5659794382893,24640000,GOOGLE,286.5139465332031,291.3903554307586,283.7940134485525,287.92245631130913,31217800,MICROSOFT,151.14199829101562,154.0989990234375,149.9770050048828,152.7324981689453,44874000,AMAZON,386.239990234375,395.0,383.7099914550781,391.6000061035156,3290400,NETFLIX,151.25,159.49000549316406,150.24000549316406,159.33999633789062,1404500,SPOTIFY
2022-03-02,163.50396728515625,164.28929194125575,159.96020269374122,161.37378407895594,79724800,APPLE,133.83563232421875,134.69375841500843,132.5255969050421,133.69335643385028,23966000,GOOGLE,291.6040954589844,292.847484256712,285.29972916949754,286.91222446701073,31873000,MICROSOFT,152.05250549316406,152.99949645996094,148.75,150.8489990234375,47334000,AMAZON,380.0299987792969,389.2200012207031,375.2099914550781,388.92999267578125,5356800,NETFLIX,149.47999572753906,153.10000610351562,145.86000061035156,152.88999938964844,1462000,SPOTIFY
2022-03-03,163.1800079345703,165.81084308627598,162.51249176371445,165.3789138092183,76678400,APPLE,133.3951416015625,135.78459743953013,132.524103437031,135.05428933843208,19780000,GOOGLE,287.4561462402344,294.4599184220977,285.6396068446269,294.2267923583697,27314500,MICROSOFT,147.89849853515625,153.9290008544922,146.8560028076172,153.531494140625,65198000,AMAZON,368.07000732421875,386.1199951171875,364.6499938964844,386.0,6076800,NETFLIX,139.9199981689453,151.8300018310547,138.6199951171875,150.80999755859375,2393500,SPOTIFY
2022-03-04,160.1761474609375,162.51248390357455,159.1257876596409,161.4719352294381,83737200,APPLE,131.2239990234375,133.28689328782372,129.52214421761676,132.47594498459415,24446000,GOOGLE,281.569580078125,287.2037096671587,278.9565451533644,285.8728983466941,32356500,MICROSOFT,145.64100646972656,147.85000610351562,143.8070068359375,147.15899658203125,60934000,AMAZON,361.7300109863281,374.82000732421875,357.1700134277344,368.0,5325500,NETFLIX,135.1699981689453,142.3000030517578,134.08999633789062,140.89999389648438,2383600,SPOTIFY
2022-03-07,156.37718200683594,161.9922331985085,156.12194287523664,160.3626871229987,96418800,APPLE,125.60494995117188,131.0074853919255,125.55082358816587,131.0074853919255,39178000,GOOGLE,270.93267822265625,281.4043497373508,270.5635421598178,280.27752425674123,43157200,MICROSOFT,137.4530029296875,146.09449768066406,137.41650390625,145.44349670410156,86934000,AMAZON,350.260009765625,362.0,350.20001220703125,360.4100036621094,5708400,NETFLIX,130.50999450683594,138.72000122070312,130.0500030517578,135.27999877929688,2320100,SPOTIFY
2022-03-08,154.55130004882812,159.89148955943892,152.94139129743706,155.90598466141114,131148300,APPLE,126.41341400146484,130.35444651271112,125.00529510468873,125.3924012564027,35250000,GOOGLE,267.96026611328125,275.83829324721574,262.2775792995129,269.85447528805213,48159500,MICROSOFT,136.01449584960938,140.69949340820312,133.57249450683594,136.68350219726562,91662000,AMAZON,341.760009765625,358.8599853515625,340.6700134277344,349.79998779296875,6428700,NETFLIX,131.67999267578125,137.25999450683594,125.83999633789062,129.99000549316406,1858600,SPOTIFY
2022-03-09,159.96018981933594,160.41175632836593,156.4851483427237,158.51716018630677,91454900,APPLE,132.95614624023438,133.28639057084638,129.20382440838281,130.50690358230835,32258000,GOOGLE,280.2484436035156,281.3169877923011,272.7492466304852,275.3331699798294,35204500,MICROSOFT,139.2790069580078,140.25,136.8280029296875,139.5,82656000,AMAZON,358.7900085449219,364.1400146484375,350.510009765625,357.69000244140625,6520200,NETFLIX,136.4199981689453,139.80999755859375,134.92999267578125,135.33999633789062,1521800,SPOTIFY
2022-03-10,155.61148071289062,157.447165177113,153.11807622105542,157.26064889872916,105342000,APPLE,131.7801971435547,132.630866855554,130.5078979922521,130.5689729586585,24266000,GOOGLE,277.421630859375,278.40275260718323,272.5549159967274,274.9251301683572,30628000,MICROSOFT,146.8175048828125,148.67449951171875,143.97799682617188,145.68499755859375,135062000,AMAZON,356.7699890136719,367.0199890136719,353.29998779296875,356.20001220703125,4807800,NETFLIX,132.6699981689453,135.3699951171875,129.75999450683594,134.22999572753906,1978600,SPOTIFY
2022-03-11,151.89102172851562,156.35754167605256,151.66524594480387,156.01395745746433,96970100,APPLE,129.58868408203125,133.28787210455567,129.4108998529499,133.08873436948377,26600000,GOOGLE,272.0595703125,281.2295740286953,271.43786107661583,279.7238886481978,27209300,MICROSOFT,145.52450561523438,149.6750030517578,145.36900329589844,149.57449340820312,68900000,AMAZON,340.32000732421875,363.3599853515625,340.0,361.19000244140625,4819900,NETFLIX,124.29000091552734,135.3800048828125,124.1500015258789,134.33999633789062,2027600,SPOTIFY
2022-03-14,147.85643005371094,151.2922123001873,147.34598176184335,148.67120306961968,108732100,APPLE,125.87957000732422,130.13544955613244,125.55380401021073,129.68552557565718,30254000,GOOGLE,268.5333557128906,277.23707641662975,267.93109349369803,272.32180325678297,30660700,MICROSOFT,141.85299682617188,147.4499969482422,140.88400268554688,145.9810028076172,74086000,AMAZON,331.010009765625,341.32000732421875,329.82000732421875,338.7200012207031,5907800,NETFLIX,119.47000122070312,125.91100311279297,118.19999694824219,122.77999877929688,2185000,SPOTIFY
2022-03-15,152.24441528320312,152.7156190595178,147.6208424416319,148.1312907310734,92964300,APPLE,128.77923583984375,129.63014804550917,125.70774845532965,126.87327251796893,30292000,GOOGLE,278.9370422363281,279.58789220242016,270.7578843795946,272.33154503092817,34245100,MICROSOFT,147.3665008544922,147.98500061035156,142.0,142.85000610351562,75584000,AMAZON,343.75,345.3599853515625,332.3599853515625,335.1000061035156,5460600,NETFLIX,123.83999633789062,125.93000030517578,120.80999755859375,121.3499984741211,1496900,SPOTIFY
2022-03-16,156.661865234375,157.0643462164723,151.6259998194092,154.16847532887076,102300200,APPLE,132.78182983398438,132.86177286596634,128.32284241372642,130.10961085498545,32058000,GOOGLE,285.9700012207031,286.144845825315,275.1000502964162,280.8409889942665,37826300,MICROSOFT,153.10400390625,153.14999389648438,147.35350036621094,148.5,84958000,AMAZON,357.5299987792969,359.989990234375,343.05999755859375,348.20001220703125,6982500,NETFLIX,133.5800018310547,134.58799743652344,125.81999969482422,126.0,2297900,SPOTIFY
2022-03-17,157.6729278564453,158.04596038224682,154.73779817864818,155.6998128738619,75615400,APPLE,133.6856689453125,133.82373173512264,131.8169565018077,132.4148699207297,23994000,GOOGLE,286.7762451171875,287.155075088872,281.09355838410045,284.90145326576936,30816600,MICROSOFT,157.23899841308594,157.49850463867188,152.13999938964844,152.6405029296875,72934000,AMAZON,371.3999938964844,373.30999755859375,354.8800048828125,359.70001220703125,5818300,NETFLIX,138.72999572753906,139.86000061035156,131.47000122070312,132.83999633789062,1977500,SPOTIFY
2022-03-18,160.97129821777344,161.46212424049523,156.82872538769567,157.56496442177837,123511700,APPLE,135.87168884277344,135.9829271185476,132.02849734524702,132.97402268932734,45900000,GOOGLE,291.8371276855469,292.3908317241421,284.35738000966694,286.92185561020017,43390600,MICROSOFT,161.25050354003906,161.593994140625,156.01100158691406,156.81300354003906,102962000,AMAZON,380.6000061035156,381.79998779296875,368.4700012207031,372.0,8324800,NETFLIX,144.77999877929688,147.5,138.14999389648438,138.7100067138672,2575100,SPOTIFY
2022-03-21,162.3456268310547,163.29783055310392,160.01910120084528,160.50992724401203,95811400,APPLE,135.55088806152344,136.6473883125815,133.69657325725458,135.91738332870798,26632000,GOOGLE,290.6035461425781,291.55552723764225,286.4653795115505,290.3412792491695,28351200,MICROSOFT,161.4915008544922,163.08399963378906,159.55299377441406,161.12100219726562,66538000,AMAZON,374.5899963378906,381.82000732421875,368.94000244140625,378.0199890136719,4866500,NETFLIX,140.4199981689453,146.39999389648438,138.44000244140625,143.1699981689453,1930200,SPOTIFY
2022-03-22,165.72250366210938,166.31148589554496,161.88424061211234,162.4732228455479,81532000,APPLE,139.32408142089844,140.53827617204232,135.57225934617512,135.57225934617512,29776000,GOOGLE,295.3633728027344,296.2764896012802,290.22466735470084,291.22520644527026,27599700,MICROSOFT,164.88900756835938,166.16700744628906,161.69900512695312,161.8054962158203,64086000,AMAZON,382.9200134277344,386.6600036621094,366.760009765625,371.1400146484375,4242800,NETFLIX,147.47000122070312,148.0,137.1699981689453,139.6699981689453,2535100,SPOTIFY
2022-03-23,167.08702087402344,169.4724284348405,164.57397876026056,164.9077518788254,98062700,APPLE,137.56210327148438,139.0732614618607,137.22740339649854,138.1927969548627,25302000,GOOGLE,290.924072265625,294.5571221270399,289.20470791785544,291.9149175208854,25715400,MICROSOFT,163.4080047607422,166.3699951171875,162.68699645996094,163.7050018310547,55812000,AMAZON,374.489990234375,382.4599914550781,374.489990234375,379.7699890136719,3729000,NETFLIX,148.57000732421875,155.3000030517578,144.75999450683594,146.07000732421875,2102800,SPOTIFY
2022-03-24,170.87615966796875,170.94486751449384,167.08698259633016,167.92137775453384,90131400,APPLE,140.35153198242188,140.43546080800826,137.10117679824126,138.32590416951496,20544000,GOOGLE,295.40228271484375,295.4994284914666,289.7876007048996,290.58415457058635,24484500,MICROSOFT,163.64950561523438,164.11849975585938,160.0500030517578,163.74949645996094,56798000,AMAZON,375.7099914550781,379.760009765625,368.8999938964844,379.760009765625,3888500,NETFLIX,149.25999450683594,156.91000366210938,143.82000732421875,155.14999389648438,2310400,SPOTIFY
2022-03-25,171.51422119140625,172.0639438588756,169.58036574981767,170.6896371902022,80546200,APPLE,140.5596160888672,140.99464263672576,138.74999354923477,140.7905340303311,19270000,GOOGLE,294.99420166015625,296.7621535192593,290.7297789282767,296.4998866743369,22566500,MICROSOFT,164.77349853515625,165.36849975585938,162.25,164.0,49032000,AMAZON,373.8500061035156,377.6400146484375,366.42999267578125,377.07000732421875,3574500,NETFLIX,146.0399932861328,149.97999572753906,142.71499633789062,149.9600067138672,1161200,SPOTIFY
2022-03-28,172.37811279296875,172.5057173789197,168.8441592815926,169.01103833923784,90371900,APPLE,140.98521423339844,141.01153860840063,138.87779419040578,139.72831246875776,23774000,GOOGLE,301.8134765625,301.91059268087037,295.6256442255647,295.6256442255647,29578200,MICROSOFT,168.99049377441406,169.03750610351562,164.89999389648438,164.97500610351562,59854000,AMAZON,378.510009765625,380.2799987792969,366.7300109863281,375.2300109863281,4323400,NETFLIX,150.1300048828125,150.3000030517578,144.1699981689453,146.25,939700,SPOTIFY
2022-03-29,175.6764373779297,175.7255079917634,173.10449911531725,173.44808328507239,100589400,APPLE,142.27635192871094,143.18265586951992,141.515551886362,142.18746739955063,28678000,GOOGLE,306.38873291015625,306.7870097595386,300.21062447729247,304.9316355003431,30393400,MICROSOFT,169.31500244140625,170.8314971923828,167.86849975585938,170.38400268554688,66154000,AMAZON,391.82000732421875,396.5,380.3299865722656,384.3900146484375,5880700,NETFLIX,157.30999755859375,158.19000244140625,150.6199951171875,154.0,1597200,SPOTIFY
2022-03-30,174.50823974609375,176.31447541210872,173.45786515995908,175.2739269301396,92633200,APPLE,141.67495727539062,142.50527359422807,141.20169455354176,141.89891899255093,21046000,GOOGLE,304.883056640625,306.913305177859,302.668269699275,304.78594052626613,28163600,MICROSOFT,166.30099487304688,168.95050048828125,165.5,168.50950622558594,56168000,AMAZON,381.4700012207031,392.70001220703125,378.6300048828125,389.54998779296875,4023300,NETFLIX,156.16000366210938,159.33999633789062,153.50999450683594,154.36000061035156,1643100,SPOTIFY
2022-03-31,171.40625,174.76349791877144,171.200096496919,174.57698164903633,103049300,APPLE,138.70033264160156,141.6749713070503,138.67003764113167,141.48030433304538,29516000,GOOGLE,299.4918212890625,306.1264885845464,299.083850585326,304.9219344786806,33422100,MICROSOFT,162.99749755859375,166.4949951171875,162.95350646972656,166.44500732421875,59966000,AMAZON,374.5899963378906,384.0,373.6099853515625,383.5899963378906,4134700,NETFLIX,151.02000427246094,156.57000732421875,150.80999755859375,154.91000366210938,1371800,SPOTIFY
2022-04-01,171.1117706298828,171.67131950192206,168.78526000762312,170.83690924745642,78751300,APPLE,139.74368286132812,139.99198365360309,137.85361735177182,139.05837024983683,23480000,GOOGLE,300.5700988769531,301.2597834241502,296.8010684307619,300.5215111712641,27110500,MICROSOFT,163.55999755859375,165.82699584960938,162.3195037841797,164.14950561523438,57090000,AMAZON,373.4700012207031,380.8699951171875,368.5,376.79998779296875,4644200,NETFLIX,153.6999969482422,156.25999450683594,152.0,152.5399932861328,1408800,SPOTIFY
2022-04-04,175.16598510742188,175.21507070313862,171.2393771112145,171.3669966643139,76468400,APPLE,142.6661834716797,143.06470138090626,139.8673286650979,139.8673286650979,19076000,GOOGLE,305.9613342285156,306.09731457992234,300.85176950899194,301.2209056188057,24289600,MICROSOFT,168.34649658203125,168.39450073242188,163.20550537109375,164.125,49882000,AMAZON,391.5,396.0199890136719,373.1300048828125,373.54998779296875,7001800,NETFLIX,158.83999633789062,160.05999755859375,153.82000732421875,154.97000122070312,2213800,SPOTIFY
2022-04-05,171.8479766845703,175.02853418606793,171.21972007698278,174.24320968187874,73401800,APPLE,140.10423278808594,142.6140502336185,139.98553821089865,142.42485422983833,19256000,GOOGLE,301.98828125,305.8641506341934,301.00715956839883,304.30990756419493,23156700,MICROSOFT,164.05499267578125,168.11050415039062,163.26600646972656,167.7415008544922,53728000,AMAZON,380.1499938964844,390.0,377.30999755859375,389.29998779296875,4234500,NETFLIX,148.91000366210938,159.8300018310547,147.66000366210938,159.1699981689453,1695400,SPOTIFY
2022-04-06,168.67727661132812,170.44425332917226,167.00847109179495,169.19755100896808,89058800,APPLE,136.24365234375,138.89798879949925,135.4909146839789,138.2156616405898,23574000,GOOGLE,290.933837890625,298.2193263186039,288.2236278948929,296.4610974828966,40110400,MICROSOFT,158.75599670410156,162.1999969482422,157.25450134277344,161.65049743652344,79056000,AMAZON,368.3500061035156,376.4700012207031,362.7300109863281,374.1499938964844,4354900,NETFLIX,145.63999938964844,146.0800018310547,141.7550048828125,145.33999633789062,2308400,SPOTIFY
2022-04-07,168.98155212402344,170.179168602463,166.73357593477996,168.01953748650962,77594700,APPLE,135.5374755859375,136.7655825379681,133.9406607258666,135.68943555938154,19448000,GOOGLE,292.75030517578125,294.96509214612985,287.87389631112285,288.17502741691453,31411200,MICROSOFT,157.7845001220703,160.07899475097656,154.51150512695312,158.39999389648438,68136000,AMAZON,362.1499938964844,368.5400085449219,353.69000244140625,365.0,4948900,NETFLIX,141.38999938964844,148.3000030517578,138.00999450683594,144.58999633789062,1404300,SPOTIFY
2022-04-08,166.9691619873047,168.62815603441808,166.0954924273171,168.62815603441808,76575500,APPLE,133.09967041015625,135.32395116568017,132.84342832050183,135.32395116568017,16434000,GOOGLE,288.4761657714844,292.5074629473333,287.80589854633826,291.8469191918842,24361900,MICROSOFT,154.4604949951172,157.36849975585938,154.2310028076172,156.75,46002000,AMAZON,355.8800048828125,362.5,354.8699951171875,361.9599914550781,4025200,NETFLIX,141.27999877929688,144.6699981689453,138.16000366210938,141.3800048828125,1434100,SPOTIFY
2022-04-11,162.7088165283203,165.928633841103,162.46340353204835,165.61451299486157,72246700,APPLE,128.914306640625,132.03564686822963,128.73652239994706,131.99671346832326,24188000,GOOGLE,277.10107421875,284.2408276388605,276.84850118749597,283.444303604029,34569300,MICROSOFT,151.1219940185547,154.13650512695312,150.5345001220703,152.71299743652344,52112000,AMAZON,348.0,354.7799987792969,345.20001220703125,350.0,3777100,NETFLIX,139.61000061035156,142.5,135.8300018310547,138.1999969482422,1416400,SPOTIFY
2022-04-12,164.58380126953125,166.7532441092378,163.58251189337741,164.93719663883124,79265200,APPLE,127.50196838378906,131.5234443825534,126.7088955200656,131.5234443825534,23004000,GOOGLE,273.9926452636719,282.42437672042536,272.4675425778269,280.96727904102073,30966700,MICROSOFT,150.78750610351562,155.0989990234375,150.38299560546875,153.6925048828125,55178000,AMAZON,344.1000061035156,359.4100036621094,342.25,355.9100036621094,3824300,NETFLIX,138.89999389648438,146.42999267578125,138.50999450683594,144.9499969482422,1043200,SPOTIFY
2022-04-13,167.2734832763672,167.90173991390134,163.71009694763094,164.3187163524491,70618900,APPLE,129.40048217773438,129.76772007214777,127.56564150777218,127.75226116078501,19542000,GOOGLE,279.39361572265625,280.3261499283809,273.2543704417859,274.64349274671173,21907200,MICROSOFT,155.54100036621094,156.02499389648438,149.60000610351562,150.01849365234375,53390000,AMAZON,350.42999267578125,352.0,341.1600036621094,343.9200134277344,3231000,NETFLIX,141.33999633789062,148.47000122070312,136.5,138.1199951171875,1092500,SPOTIFY
2022-04-14,162.25726318359375,168.12755331525187,162.01185016741871,167.48947048590375,75329400,APPLE,126.3880844116211,129.82183863957255,126.2475513730144,129.7615062739203,23484000,GOOGLE,271.8263854980469,280.0638541254558,271.3309925011288,279.85014530403384,28221600,MICROSOFT,151.7064971923828,155.89700317382812,151.4720001220703,155.38999938964844,51598000,AMAZON,341.1300048828125,352.0,339.8599853515625,350.95001220703125,4343800,NETFLIX,136.27000427246094,141.9199981689453,136.01499938964844,141.25,1304400,SPOTIFY
2022-04-18,162.04129028320312,163.5432165286054,160.56881239721503,160.91238158332047,69023900,APPLE,127.09127807617188,127.83718073982732,125.71812943757428,126.544028184169,14918000,GOOGLE,272.49664306640625,274.3811581581207,270.3790018667597,270.9327060178222,20778000,MICROSOFT,152.78500366210938,154.0395050048828,150.25050354003906,151.52349853515625,46514000,AMAZON,337.8599853515625,342.3599853515625,331.6199951171875,340.0,5105000,NETFLIX,134.42999267578125,136.55999755859375,131.52999877929688,136.55999755859375,960900,SPOTIFY
2022-04-19,164.3285369873047,164.7408440040976,160.90258113171808,161.99221543879506,67723800,APPLE,129.64382934570312,130.0140376416202,126.58525381886739,127.2064984385817,22720000,GOOGLE,277.1399230957031,277.98506451815985,270.44700422483857,271.38926176150375,22297700,MICROSOFT,158.11549377441406,158.6490020751953,151.55050659179688,152.0294952392578,54926000,AMAZON,348.6099853515625,351.67999267578125,333.2200012207031,333.2200012207031,20906900,NETFLIX,137.41000366210938,138.74000549316406,131.97000122070312,132.74000549316406,907000,SPOTIFY
2022-04-20,164.1616668701172,165.7814017275046,163.05241024771163,165.66359329680822,67929800,APPLE,127.37384796142578,131.02684338606394,127.02478860174018,130.39169402041003,22610000,GOOGLE,278.1695861816406,281.4140823953161,277.20791140895244,281.1226451360591,22906700,MICROSOFT,153.9980010986328,157.6024932861328,153.60350036621094,157.6024932861328,59630000,AMAZON,226.19000244140625,248.6999969482422,212.50999450683594,245.1999969482422,133387500,NETFLIX,122.48999786376953,131.22999572753906,121.56999969482422,130.00999450683594,5654800,SPOTIFY
2022-04-21,163.36651611328125,168.38275818896258,162.865879009956,165.81083486701775,87227800,APPLE,124.08833312988281,129.42182982228826,123.8027887062224,128.47084860610641,30158000,GOOGLE,272.7782897949219,284.91104220868584,272.0497412420752,280.32604213031544,29454600,MICROSOFT,148.29600524902344,156.73800659179688,147.58949279785156,154.71400451660156,63970000,AMAZON,218.22000122070312,227.67999267578125,211.52000427246094,220.0,53501600,NETFLIX,112.62000274658203,126.4000015258789,110.52999877929688,123.33999633789062,4384300,SPOTIFY
2022-04-22,158.8214569091797,164.78990235630212,158.53678444420197,163.40578453855588,84882400,APPLE,118.80101013183594,124.59933564713744,118.33073288613822,124.15040432972323,46410000,GOOGLE,266.1922607421875,275.0999957209801,265.5608578098642,273.6234514112398,29405800,MICROSOFT,144.35000610351562,149.61500549316406,143.69749450683594,148.25,73078000,AMAZON,215.52000427246094,226.27000427246094,210.0500030517578,220.17999267578125,37515100,NETFLIX,110.20999908447266,116.69999694824219,109.0999984741211,112.69999694824219,2445000,SPOTIFY
2022-04-25,159.89149475097656,160.1761672620124,155.55259437743032,158.16377751272768,96046400,APPLE,122.41230010986328,122.44010967951982,117.96200363333601,118.61776389439238,34522000,GOOGLE,272.69085693359375,273.06968675110625,263.0254346500498,265.4733766651458,35678900,MICROSOFT,146.07400512695312,146.22149658203125,142.30650329589844,144.0229949951172,61874000,AMAZON,209.91000366210938,216.66000366210938,204.50999450683594,213.80999755859375,28152000,NETFLIX,112.13999938964844,113.625,107.20999908447266,108.7699966430664,3044800,SPOTIFY
2022-04-26,153.92303466796875,159.36138008917553,153.84450071149385,159.27303500519898,95623200,APPLE,118.69374084472656,121.9156953668597,118.35193320549877,121.9156953668597,49394000,GOOGLE,262.49127197265625,270.3984393869639,262.2775631428249,269.56305100790337,46518400,MICROSOFT,139.39100646972656,144.8560028076172,138.92950439453125,144.8000030517578,77530000,AMAZON,198.39999389648438,209.14999389648438,198.27999877929688,208.8000030517578,20318100,NETFLIX,110.41000366210938,114.51499938964844,105.4000015258789,112.33999633789062,4875400,SPOTIFY
2022-04-27,153.697265625,156.85817138310125,152.52909731194325,153.0493716898695,88063200,APPLE,114.23873138427734,116.70137859150263,112.35537189616589,113.59563320730122,62238000,GOOGLE,275.1194763183594,282.64781447342403,271.1756008951554,274.03151477330016,63477700,MICROSOFT,138.16700744628906,141.94850158691406,135.7834930419922,140.19149780273438,71336000,AMAZON,188.5399932861328,200.19000244140625,187.77000427246094,194.00999450683594,22298400,NETFLIX,96.66999816894531,105.63999938964844,95.73999786376953,97.22000122070312,9175100,SPOTIFY
2022-04-28,160.6375274658203,161.5013859909982,156.01394010524191,156.3280759248776,130216800,APPLE,118.59989166259766,119.61991184829955,114.36129636849266,116.31899919439246,36790000,GOOGLE,281.3460998535156,282.6574935130097,273.4097625442166,277.03308894590896,33646600,MICROSOFT,144.59649658203125,145.9375,140.3000030517578,142.17799377441406,117316000,AMAZON,199.52000427246094,201.47999572753906,185.60000610351562,191.55999755859375,21363200,NETFLIX,102.68000030517578,104.51499938964844,95.22000122070312,96.91000366210938,4117900,SPOTIFY
2022-04-29,154.7574462890625,163.15057467016825,154.36479144385027,158.87057095053723,131747600,APPLE,114.18509674072266,118.15145353700517,113.91444977396297,116.77885051307213,33694000,GOOGLE,269.58245849609375,281.58895747620693,268.5916428545901,280.3552626033105,37073900,MICROSOFT,124.28150177001953,130.76100158691406,121.625,129.8489990234375,272662000,AMAZON,190.36000061035156,204.7100067138672,190.0,198.67999267578125,16391900,NETFLIX,101.6500015258789,107.02999877929688,101.55000305175781,102.04000091552734,2981700,SPOTIFY
2022-05-02,155.06173706054688,155.32677228255127,150.45778736143095,153.8346722144635,123055300,APPLE,116.3607177734375,116.54198010525135,112.62875664282737,113.13231447896962,30280000,GOOGLE,276.3336486816406,276.7902070239769,268.31961348692494,269.76698732669024,35151100,MICROSOFT,124.5,124.66799926757812,118.375,122.4010009765625,148788000,AMAZON,199.4600067138672,200.2100067138672,190.00999450683594,191.7100067138672,14591600,NETFLIX,108.86000061035156,109.38999938964844,99.9000015258789,101.16999816894531,2698800,SPOTIFY
2022-05-03,156.5538787841797,157.76132169874938,153.45186941180674,155.24827964309745,88966500,APPLE,117.32659912109375,118.48914516775888,115.83430888353642,115.97137141053472,21216000,GOOGLE,273.7205810546875,276.0033727323189,272.1371972603151,275.83822199618373,25978600,MICROSOFT,124.25350189208984,126.22049713134766,122.82499694824219,124.05349731445312,79134000,AMAZON,199.8699951171875,203.1999969482422,194.77000427246094,198.2899932861328,11839400,NETFLIX,109.48999786376953,110.94000244140625,106.55000305175781,107.26000213623047,2004300,SPOTIFY
2022-05-04,162.97389221191406,163.42544380743908,156.33791416985588,156.74039514151906,108256500,APPLE,121.74188995361328,122.30603020906693,114.95186119399109,117.20146603433236,33232000,GOOGLE,281.6860656738281,282.56031814029586,268.8150392969301,274.5074186198129,33599300,MICROSOFT,125.92849731445312,126.0,119.18299865722656,123.5999984741211,110746000,AMAZON,204.00999450683594,204.3800048828125,191.00999450683594,197.64999389648438,12218800,NETFLIX,112.55000305175781,113.36000061035156,104.12000274658203,108.62000274658203,2479800,SPOTIFY
2022-05-05,153.89358520507812,161.06945878722854,152.10697141040896,160.84368302574217,130525300,APPLE,115.95299530029297,120.4092550844376,114.3996301054403,119.40338224094054,43090000,GOOGLE,269.4173278808594,278.15991269271166,266.49340947413936,277.3730824312229,43260400,MICROSOFT,116.40699768066406,123.4990005493164,115.07250213623047,123.0,144392000,AMAZON,188.32000732421875,200.7100067138672,186.0,200.4499969482422,13971300,NETFLIX,105.58999633789062,110.83999633789062,104.33999633789062,110.41999816894531,2449700,SPOTIFY
2022-05-06,154.62106323242188,156.74455042350417,151.57346504147074,153.3725293282909,116124600,APPLE,114.8739013671875,116.69989909103153,113.36720602777065,114.73385327119378,35310000,GOOGLE,266.8722839355469,271.2629938805999,263.51122424281493,266.9499827611978,37780300,MICROSOFT,114.77249908447266,119.05049896240234,113.08149719238281,114.8499984741211,124260000,AMAZON,180.97000122070312,187.2100067138672,175.80999755859375,186.75,17185500,NETFLIX,104.68000030517578,108.9800033569336,101.56999969482422,108.33000183105469,3018600,SPOTIFY
2022-05-09,149.4893341064453,153.19560424531912,148.92897809122042,152.3108102727315,131577900,APPLE,112.31539916992188,114.77744789119988,111.78651721177197,112.53340498595678,34520000,GOOGLE,257.0125732421875,264.570051538234,255.7886314279648,262.3358470968672,47726000,MICROSOFT,108.78900146484375,114.0,107.95700073242188,111.3125,128124000,AMAZON,173.10000610351562,183.1999969482422,172.3000030517578,177.66000366210938,14031300,NETFLIX,94.44000244140625,104.19000244140625,93.5199966430664,101.77999877929688,2305500,SPOTIFY
2022-05-10,151.8979034423828,154.09021465537515,150.3446125608553,152.89083834180113,115366700,APPLE,113.80570220947266,115.89788360569034,112.6126640760728,115.2517998529397,31158000,GOOGLE,261.7918701171875,265.92031333795944,257.48858229827016,263.9192349954693,39336400,MICROSOFT,108.85900115966797,112.64250183105469,107.1709976196289,111.25,105434000,AMAZON,177.66000366210938,181.8699951171875,170.57000732421875,176.00999450683594,13883900,NETFLIX,99.16999816894531,100.5199966430664,93.68000030517578,97.87000274658203,3158000,SPOTIFY
2022-05-11,144.0233154296875,152.82200644382692,143.34497796029567,150.90497555260774,142689800,APPLE,113.18643188476562,115.87801172984584,112.87754865050653,112.9376385371114,36502000,GOOGLE,253.09783935546875,263.59865360878575,251.88359136461594,258.0811178530849,48975900,MICROSOFT,105.37200164794922,110.15599822998047,104.42849731445312,108.10350036621094,109704000,AMAZON,166.3699951171875,180.9199981689453,165.5500030517578,176.08999633789062,12665500,NETFLIX,91.94000244140625,101.37999725341797,91.3499984741211,97.70999908447266,2894500,SPOTIFY
2022-05-12,140.14993286132812,143.72839581595062,136.45350338099348,140.35638928215414,182602000,APPLE,112.3918685913086,114.07584022504399,109.36508128199883,111.1771815216723,41464000,GOOGLE,248.0465545654297,252.44698754969474,242.8689999994643,250.3196229634551,51033800,MICROSOFT,106.93049621582031,110.78050231933594,102.40550231933594,102.75,132026000,AMAZON,174.30999755859375,177.5800018310547,162.7100067138672,163.9600067138672,17662100,NETFLIX,97.08000183105469,100.75,89.02999877929688,90.44000244140625,3096000,SPOTIFY
2022-05-13,144.6230010986328,145.59626984264398,140.69062395231782,142.14559929622243,113990900,APPLE,115.72357940673828,117.28240813192909,113.22517365203589,114.06492417413358,29738000,GOOGLE,253.65150451660156,255.51660218718914,248.04654732553965,249.9893438119042,34925100,MICROSOFT,113.05500030517578,113.18399810791016,107.80000305175781,109.06900024414062,93684000,AMAZON,187.63999938964844,187.77000427246094,176.00999450683594,177.16000366210938,13136300,NETFLIX,106.08999633789062,106.95099639892578,99.94999694824219,99.94999694824219,2479800,SPOTIFY
2022-05-16,143.07949829101562,145.02603526781456,141.74248981237693,143.08933883182712,86643800,APPLE,114.01229095458984,115.81494975666094,113.55789621016481,114.59977002840716,23282000,GOOGLE,254.02064514160156,258.21709274203937,248.46424590529656,252.52468351978652,32550900,MICROSOFT,110.81050109863281,113.99250030517578,110.35399627685547,113.0999984741211,74566000,AMAZON,186.50999450683594,195.88999938964844,185.6999969482422,193.3000030517578,16145000,NETFLIX,101.05000305175781,106.86000061035156,100.55500030517578,104.30999755859375,2077400,SPOTIFY
2022-05-17,146.7169952392578,147.23803400578663,144.20026129048028,146.3434146138869,78336300,APPLE,115.90830993652344,116.43073582008283,114.55358226893068,116.43073582008283,21576000,GOOGLE,259.18853759765625,260.6553290764096,254.9532250048792,258.49882336445273,28828800,MICROSOFT,115.36849975585938,115.80000305175781,111.27649688720703,113.2750015258789,76448000,AMAZON,190.55999755859375,191.39999389648438,185.1699981689453,189.1699981689453,9876700,NETFLIX,105.05999755859375,106.69999694824219,101.0,103.11000061035156,2874600,SPOTIFY
2022-05-18,138.43934631347656,144.86877642522347,137.5348863581385,144.36740373329286,109742900,APPLE,111.63704681396484,114.90930135246086,111.37980448800577,114.45427007892951,27982000,GOOGLE,247.3877410888672,256.6569961862694,246.11224780125326,256.0727937558595,31356000,MICROSOFT,107.11250305175781,112.85299682617188,106.2490005493164,111.43949890136719,108380000,AMAZON,177.19000244140625,187.6999969482422,176.27000427246094,186.72000122070312,9665600,NETFLIX,104.4000015258789,107.63999938964844,102.8499984741211,103.44000244140625,1803100,SPOTIFY
2022-05-19,135.0280303955078,139.26516512783357,134.29070954879225,137.51525818502847,136095600,APPLE,109.99278259277344,112.81546890914696,109.71717234464619,111.08084141628031,29192000,GOOGLE,246.47250366210938,250.88320092166384,245.2456963560766,247.21248054968524,32692300,MICROSOFT,107.31900024414062,110.03399658203125,106.19300079345703,106.28050231933594,88142000,AMAZON,183.47999572753906,186.3000030517578,175.7100067138672,178.0500030517578,10448500,NETFLIX,105.7699966430664,108.5199966430664,103.01000213623047,104.0,1908400,SPOTIFY
2022-05-20,135.26393127441406,138.3213549245238,130.36812621760984,136.73857261689477,137426100,APPLE,108.57003784179688,111.78503649794904,105.65001766138406,111.32369313228837,37586000,GOOGLE,245.90777587890625,251.73027831632496,239.94897637698514,250.4645014140494,39199300,MICROSOFT,107.59100341796875,109.89800262451172,105.0094985961914,109.56849670410156,99500000,AMAZON,186.35000610351562,190.19000244140625,179.77000427246094,185.8699951171875,10429400,NETFLIX,107.2699966430664,108.4000015258789,102.95999908447266,107.25,1856300,SPOTIFY
2022-05-23,140.69061279296875,140.8380709239281,135.32291181364158,135.46054440281267,117726300,APPLE,110.90753173828125,111.24423214026388,108.41236155628438,109.35565159411144,31558000,GOOGLE,253.78468322753906,254.61230085567473,246.75485101727517,248.76060475810127,33175400,MICROSOFT,107.55699920654297,108.81900024414062,103.94999694824219,108.46099853515625,107798000,AMAZON,187.44000244140625,187.66000366210938,177.88999938964844,186.14999389648438,9602000,NETFLIX,109.06999969482422,109.27999877929688,103.11000061035156,106.2699966430664,2430100,SPOTIFY
2022-05-24,137.9871368408203,139.56991949662205,135.00836187381935,138.4295263407137,104132700,APPLE,105.2060546875,105.67186121319772,101.51332253396392,105.65448591446943,60386000,GOOGLE,252.7818145751953,254.44676623936746,246.8230151760362,251.09740039179286,29043900,MICROSOFT,104.0999984741211,105.4000015258789,101.26000213623047,104.0250015258789,102934000,AMAZON,180.33999633789062,184.0,177.1699981689453,182.0,7706400,NETFLIX,103.5,106.38999938964844,102.19000244140625,105.5,3996400,SPOTIFY
2022-05-25,138.14442443847656,139.39294348204788,136.00127092128338,136.0897458139781,92482700,APPLE,105.1201400756836,105.82054723003904,103.50295669689453,104.4273786589379,37900000,GOOGLE,255.60543823242188,257.6111772266234,250.3574216489595,251.34082862582082,28547900,MICROSOFT,106.7750015258789,108.17500305175781,103.6500015258789,103.65550231933594,93120000,AMAZON,187.8300018310547,188.8699951171875,180.1699981689453,180.27999877929688,8522100,NETFLIX,108.79000091552734,109.81999969482422,102.83999633789062,103.37999725341797,2400500,SPOTIFY
2022-05-26,141.34930419921875,141.89983463413682,134.82155832650707,135.0673319135833,90601500,APPLE,107.5599365234375,108.21471170512069,104.77102313819857,105.32969996489847,30288000,GOOGLE,258.8963317871094,260.0744527213108,254.5440679823405,255.36193927074356,25002100,MICROSOFT,111.07749938964844,112.66549682617188,107.45349884033203,107.97000122070312,93002000,AMAZON,191.39999389648438,192.33999633789062,183.08999633789062,186.49000549316406,8049900,NETFLIX,108.62000274658203,110.91000366210938,107.23999786376953,107.98999786376953,2272700,SPOTIFY
2022-05-27,147.11024475097656,147.1495619264336,142.80428649817537,142.93209356986327,90978500,APPLE,112.03234100341797,112.10086469507475,108.80542298250522,109.04229687404464,29924000,GOOGLE,266.0430908203125,266.14046285160765,260.51270412250375,261.4084852111383,26910800,MICROSOFT,115.14649963378906,115.18699645996094,112.62799835205078,113.55000305175781,93660000,AMAZON,195.19000244140625,195.25,190.3699951171875,193.19000244140625,8586000,NETFLIX,112.97000122070312,113.37999725341797,109.01000213623047,109.69999694824219,2716300,SPOTIFY
2022-05-31,146.32374572753906,148.11298447709316,144.35755721198225,146.5498682074242,103718400,APPLE,113.26390838623047,115.6421343273915,111.80737646758043,112.31043416286929,51302000,GOOGLE,264.7091369628906,267.53274712702495,261.846572049841,265.3517566080413,37827700,MICROSOFT,120.20950317382812,121.99449920654297,115.67500305175781,116.27999877929688,144634000,AMAZON,197.44000244140625,199.9499969482422,190.8000030517578,196.17999267578125,11398500,NETFLIX,112.7699966430664,115.5999984741211,110.37999725341797,115.22000122070312,1770400,SPOTIFY
2022-06-01,146.1959686279297,149.17474333360954,145.18336763808455,147.36583831364814,74286600,APPLE,113.36123657226562,116.60106649560727,112.77872082459464,114.15033877086611,28630000,GOOGLE,265.24462890625,270.3758094780556,262.9273119661562,267.95140413651416,25292200,MICROSOFT,121.68399810791016,125.17900085449219,120.62249755859375,122.25599670410156,127528000,AMAZON,192.91000366210938,202.74000549316406,191.66000366210938,198.6999969482422,8416200,NETFLIX,110.0,116.12999725341797,109.80999755859375,114.0199966430664,1499100,SPOTIFY
2022-06-02,148.65367126464844,148.712654512819,144.37720576236944,145.33080827666313,72348100,APPLE,116.94570922851562,117.09667654320671,112.5378697956403,113.4118934841274,27472000,GOOGLE,267.3477478027344,267.41591118453516,254.7096506560201,257.48458965470934,44008200,MICROSOFT,125.51100158691406,125.61000061035156,120.04499816894531,121.68399810791016,100560000,AMAZON,205.08999633789062,205.47000122070312,191.72000122070312,192.02000427246094,9623100,NETFLIX,116.5,117.25,109.41000366210938,110.04000091552734,1283500,SPOTIFY
2022-06-03,142.92227172851562,145.4684826787646,142.0178266612746,144.41656444787193,88570300,APPLE,113.78533935546875,115.5736007647939,112.89542555147902,115.20412752147398,25052000,GOOGLE,262.9078369140625,266.24751551202553,261.34025753674024,263.1902068212331,28059000,MICROSOFT,122.3499984741211,124.4000015258789,121.04650115966797,124.19999694824219,97604000,AMAZON,198.97999572753906,202.9499969482422,198.0500030517578,200.13999938964844,7191800,NETFLIX,112.2300033569336,115.70999908447266,111.3499984741211,114.19999694824219,1086900,SPOTIFY
2022-06-06,143.66941833496094,146.05834558258064,142.45037585050028,144.54437177114056,71598400,APPLE,116.21520233154297,118.58697208336689,115.73627912507483,115.94902611405952,23786000,GOOGLE,261.67132568359375,266.95829640703147,260.18162592964813,264.8941403781675,22400300,MICROSOFT,124.79000091552734,128.99000549316406,123.80999755859375,125.25,135269000,AMAZON,197.13999938964844,203.8699951171875,195.3800048828125,202.08999633789062,5372000,NETFLIX,111.04000091552734,117.44000244140625,110.30999755859375,116.98999786376953,2425000,SPOTIFY
2022-06-07,146.1959686279297,146.48105939148104,141.66390303598558,141.9096766255686,67808200,APPLE,116.43272399902344,116.94834526478968,114.34302799093058,114.86197579662087,26414000,GOOGLE,265.322509765625,265.9359206891935,258.9352986966251,259.6168729925374,22860700,MICROSOFT,123.0,124.0999984741211,120.62999725341797,122.01000213623047,85156700,AMAZON,198.61000061035156,199.60000610351562,193.0,194.8699951171875,4839500,NETFLIX,109.43000030517578,110.2300033569336,107.30999755859375,110.0,2408300,SPOTIFY
2022-06-08,145.45864868164062,147.3363475160415,144.96710149969525,146.06816238698744,53950200,APPLE,116.44115447998047,117.8395892989397,115.90358113204536,116.0821155279787,22544000,GOOGLE,263.28765869140625,265.8094369636133,262.508712110135,264.55340602953294,17372300,MICROSOFT,121.18000030517578,123.75,120.75,122.61000061035156,64926600,AMAZON,202.8300018310547,207.3800048828125,197.63999938964844,197.9499969482422,7244100,NETFLIX,116.02999877929688,119.0,110.0,110.12000274658203,4138400,SPOTIFY
2022-06-09,140.2285919189453,145.44882105467732,140.12045092928022,144.59353368240036,69473000,APPLE,114.13692474365234,117.54559734197511,114.08626889496028,115.55074956112628,23142000,GOOGLE,257.8157043457031,265.52708282107886,257.65991502014924,260.7269412254413,26439700,MICROSOFT,116.1500015258789,121.30000305175781,116.0999984741211,119.98999786376953,67029800,AMAZON,192.77000427246094,201.69000244140625,192.5399932861328,200.64999389648438,6949000,NETFLIX,111.93000030517578,118.08000183105469,111.7699966430664,116.08999633789062,2768300,SPOTIFY
2022-06-10,134.8117218017578,138.38034379484614,134.7428980025847,137.9084627463307,91437900,APPLE,110.67015838623047,112.72559637027354,110.10751090014301,112.01470947285267,31324000,GOOGLE,246.32647705078125,253.716544877582,245.87858649863978,253.716544877582,31422800,MICROSOFT,109.6500015258789,114.5,109.05000305175781,113.41999816894531,87266000,AMAZON,182.94000244140625,185.86000061035156,180.85000610351562,182.63999938964844,13065600,NETFLIX,102.2300033569336,111.33699798583984,102.05999755859375,108.8499984741211,2497300,SPOTIFY
2022-06-13,129.65048217773438,132.91434748083088,129.2179182819536,130.6237359424125,122207100,APPLE,106.15008544921875,108.47616263000431,105.86359385052461,106.71571085613063,36756000,GOOGLE,235.87905883789062,242.46101532020856,235.16829061749948,238.653998046273,46135800,MICROSOFT,103.66999816894531,106.54000091552734,101.86000061035156,104.19000244140625,99277700,AMAZON,169.69000244140625,179.08999633789062,168.9600067138672,177.07000732421875,10222400,NETFLIX,98.61000061035156,100.66000366210938,96.07499694824219,98.62000274658203,2493000,SPOTIFY
2022-06-14,130.5155792236328,131.62648045825296,129.25721986088914,130.8793342743823,84784300,APPLE,106.46542358398438,107.72033224493647,105.62914364419454,106.16348896385928,25480000,GOOGLE,238.05030822753906,239.26738409403188,235.14878866486436,237.4368972366241,28651500,MICROSOFT,102.30999755859375,104.87999725341797,101.43000030517578,104.19000244140625,69728800,AMAZON,167.5399932861328,172.05999755859375,164.27999877929688,169.75,11555300,NETFLIX,98.05000305175781,103.0,97.20999908447266,102.54000091552734,2466700,SPOTIFY
2022-06-15,133.14047241210938,135.0181863871141,129.9257644034857,132.0197453538818,91533000,APPLE,109.64021301269531,111.30134615654562,107.38390199666425,108.1593419657488,33192000,GOOGLE,245.12881469726562,248.5755819262478,239.92947007796263,241.7696882233062,33111700,MICROSOFT,107.66999816894531,109.05999755859375,103.52999877929688,103.86000061035156,85011100,AMAZON,180.11000061035156,183.85000610351562,168.52999877929688,169.25999450683594,12396000,NETFLIX,105.3499984741211,106.9000015258789,101.0,103.69000244140625,2885400,SPOTIFY
2022-06-16,127.86124420166016,130.1518557555823,126.85848380018383,129.84709891808183,108123900,APPLE,105.91122436523438,108.5476776894181,105.0734591737636,107.41443392201762,35314000,GOOGLE,238.51768493652344,240.90315090086327,236.61904936722786,239.50107698603435,33169200,MICROSOFT,103.66000366210938,104.58000183105469,102.01000213623047,104.47000122070312,82186300,AMAZON,173.35000610351562,176.27000427246094,171.55999755859375,174.0,8201300,NETFLIX,97.8499984741211,102.94999694824219,96.69000244140625,102.3499984741211,2165600,SPOTIFY
2022-06-17,129.33590698242188,130.830214787561,127.61549164782572,127.87110581235486,134520300,APPLE,107.13236999511719,108.50695842698342,104.91062020376842,105.81091527153718,43516000,GOOGLE,241.12709045410156,243.90202966853337,237.60244312287517,238.2547940740926,43084800,MICROSOFT,106.22000122070312,106.9800033569336,102.51000213623047,102.80000305175781,99772100,AMAZON,175.50999450683594,179.64999389648438,173.33999633789062,173.6300048828125,12133400,NETFLIX,99.2699966430664,101.48999786376953,96.80999755859375,98.95999908447266,1776300,SPOTIFY
2022-06-21,133.57302856445312,134.74291327638406,131.06614989697803,131.1644503344464,81000500,APPLE,111.253662109375,111.90718700263724,108.55066284303653,108.95638703991682,39010000,GOOGLE,247.05670166015625,248.0400937392602,242.938105697185,243.6683513117265,29928300,MICROSOFT,108.68000030517578,111.62999725341797,103.55999755859375,108.19999694824219,70901200,AMAZON,170.91000366210938,178.6199951171875,169.8000030517578,177.60000610351562,12177600,NETFLIX,101.4000015258789,104.83999633789062,101.01000213623047,101.01000213623047,1568200,SPOTIFY
2022-06-22,133.06185913085938,135.43110569878607,131.6462005171468,132.51131355821212,73409200,APPLE,111.27252197265625,112.99623021836342,109.97172375218761,110.40744739575729,23922000,GOOGLE,246.46275329589844,250.39635109194543,243.77544008593574,245.25540860324242,25939900,MICROSOFT,108.94999694824219,112.12999725341797,107.0199966430664,107.43000030517578,60040100,AMAZON,178.88999938964844,182.82000732421875,170.1999969482422,170.75,11992400,NETFLIX,99.33000183105469,102.45999908447266,98.7300033569336,99.72000122070312,1482200,SPOTIFY
2022-06-23,135.9324493408203,136.24703170777948,133.33708105988757,134.5069656450009,72433800,APPLE,111.91861724853516,112.42713836119685,110.27436690601084,112.18230805303997,24710000,GOOGLE,252.0418243408203,252.5384008649408,246.9495972945259,248.83850165297127,25861400,MICROSOFT,112.44000244140625,113.0,107.93000030517578,110.38999938964844,64345300,AMAZON,181.7100067138672,182.75999450683594,175.8699951171875,180.5,9538200,NETFLIX,102.19000244140625,102.9000015258789,96.83999633789062,100.19000244140625,2197500,SPOTIFY
2022-06-24,139.26516723632812,139.51094085562102,137.40711927450707,137.53491135597412,89116800,APPLE,117.7323226928711,117.83114137959278,112.83085975768661,112.83085975768661,39122000,GOOGLE,260.64898681640625,260.92161062965107,254.82648500967505,254.91411090888582,33923200,MICROSOFT,116.45999908447266,116.70999908447266,111.43000030517578,112.37999725341797,69867600,AMAZON,190.85000610351562,191.19000244140625,181.83999633789062,183.5,12424000,NETFLIX,107.0,107.08999633789062,102.58000183105469,103.7300033569336,2563300,SPOTIFY
2022-06-27,139.26516723632812,141.0642319296519,138.5868296469467,140.28757889222084,70207900,APPLE,115.82984924316406,118.43949333453007,115.21232521362278,118.12663187072046,32840000,GOOGLE,257.91302490234375,261.2331820993187,256.34541555511356,261.14555619251996,24615100,MICROSOFT,113.22000122070312,117.9800033569336,112.69999694824219,117.08999633789062,62133200,AMAZON,189.13999938964844,191.77999877929688,182.38999938964844,191.77000427246094,8363900,NETFLIX,106.2699966430664,109.08999633789062,103.8949966430664,108.66000366210938,1639100,SPOTIFY
2022-06-28,135.11651611328125,140.99541726814593,134.99854956862922,139.72723191063986,67083400,APPLE,111.80638885498047,117.0554643974944,111.67975300839639,115.56019602922068,28232000,GOOGLE,249.7245330810547,259.87980811002035,249.56874378715275,257.0269890927544,27295500,MICROSOFT,107.4000015258789,114.8499984741211,107.04000091552734,113.5,74942900,AMAZON,179.60000610351562,192.1999969482422,179.3699951171875,189.1999969482422,7185400,NETFLIX,99.0,106.3499984741211,98.61000061035156,106.3499984741211,2539000,SPOTIFY
2022-06-29,136.87620544433594,138.29186353568556,134.35948661563768,135.13613945781051,66242400,APPLE,111.49351501464844,112.89194226797524,110.7957903744075,111.3862473719189,18628000,GOOGLE,253.40492248535156,255.0698738258011,249.02343483819726,250.80523555573384,20069800,MICROSOFT,108.91999816894531,110.98999786376953,106.91000366210938,107.37999725341797,66375300,AMAZON,178.36000061035156,180.6699981689453,175.10000610351562,179.5500030517578,5766800,NETFLIX,97.95999908447266,98.08999633789062,93.70999908447266,97.63999938964844,3052800,SPOTIFY
2022-06-30,134.40863037109375,136.03072968185316,131.508505693856,134.92966905883227,98964500,APPLE,108.6291275024414,110.57313022533408,106.58064565851389,109.74846655096356,38046000,GOOGLE,250.06529235839844,252.69418842670288,246.23881251252155,250.27949892480672,31730900,MICROSOFT,106.20999908447266,108.18000030517578,102.5199966430664,108.11000061035156,97679400,AMAZON,174.8699951171875,179.4499969482422,170.3000030517578,177.07000732421875,7894700,NETFLIX,93.83000183105469,97.06999969482422,92.05500030517578,96.94999694824219,2399300,SPOTIFY
2022-07-01,136.58126831054688,136.68940927123788,133.3665611170388,133.74012670784026,71051600,APPLE,108.339599609375,109.06001898117707,106.37703214586809,107.60065315455192,31028000,GOOGLE,252.74285888671875,252.9278568169159,247.90377835039504,249.63690825299287,22837700,MICROSOFT,109.55999755859375,109.75,105.8499984741211,106.29000091552734,73021200,AMAZON,179.9499969482422,180.10000610351562,174.27000427246094,176.49000549316406,5201600,NETFLIX,97.5199966430664,97.62999725341797,93.66000366210938,94.68000030517578,1987500,SPOTIFY
2022-07-05,139.16683959960938,139.2159973193288,134.61510776869383,135.44091845782265,73353800,APPLE,113.11294555664062,113.27741605898653,105.52735078631547,106.78375993547321,36398000,GOOGLE,255.92674255371094,256.05332320960474,248.03035301549468,249.41294954344485,22941000,MICROSOFT,113.5,114.08000183105469,106.31999969482422,107.5999984741211,76583700,AMAZON,185.8800048828125,185.9199981689453,172.67999267578125,176.27999877929688,7334300,NETFLIX,104.83000183105469,104.87999725341797,94.55999755859375,95.80999755859375,2555600,SPOTIFY
2022-07-06,140.50384521484375,141.68355545577728,138.69495517869038,138.96039485817002,74064300,APPLE,114.43042755126953,115.5611859137045,111.48756876631111,113.31655194729665,28852000,GOOGLE,259.1982116699219,260.93132656108946,255.488566707851,256.8030146211772,23824400,MICROSOFT,114.33000183105469,115.4800033569336,112.01000213623047,113.20999908447266,66958900,AMAZON,184.05999755859375,186.22000122070312,180.82000732421875,185.1999969482422,5753400,NETFLIX,102.87000274658203,105.3499984741211,101.7300033569336,104.02999877929688,1591900,SPOTIFY
2022-07-07,143.87583923339844,144.07245506921953,140.85773290060996,140.86755844211166,66253700,APPLE,118.49510955810547,119.04733033593438,114.74874365655043,115.21952861601214,32184000,GOOGLE,261.33056640625,261.97318613341645,258.0395879764146,258.1369600042467,20859900,MICROSOFT,116.33000183105469,116.98999786376953,113.48999786376953,113.8499984741211,57872300,AMAZON,189.27000427246094,190.2100067138672,183.5,184.27000427246094,6334500,NETFLIX,105.83000183105469,106.0999984741211,102.27999877929688,102.61000061035156,1544100,SPOTIFY
2022-07-08,144.55418395996094,145.0555716697527,142.54867812328092,142.8042772492725,64547800,APPLE,119.35174560546875,119.61642905396496,116.71528477183757,116.75104317989522,29082000,GOOGLE,260.6100769042969,261.03849007221163,256.35518357701693,257.8156749093339,19658800,MICROSOFT,115.54000091552734,116.58000183105469,113.69000244140625,114.5999984741211,45719700,AMAZON,186.97999572753906,189.91000366210938,182.75,186.02000427246094,5835700,NETFLIX,104.23999786376953,106.16000366210938,101.73999786376953,103.5999984741211,1433700,SPOTIFY
2022-07-11,142.42088317871094,144.16096449444552,141.3493138659739,143.20736171130733,63141600,APPLE,115.73052215576172,117.98708304067769,115.4444776257993,117.84356444687418,26718000,GOOGLE,257.5429992675781,259.50978316936533,255.27435321446737,258.65295700580936,19455200,MICROSOFT,111.75,114.30000305175781,110.87000274658203,114.08000183105469,53487600,AMAZON,177.33999633789062,184.99000549316406,176.88999938964844,184.72999572753906,6038800,NETFLIX,99.1500015258789,103.15899658203125,98.72000122070312,102.23999786376953,1744400,SPOTIFY
2022-07-12,143.39414978027344,145.94036067600746,142.59784571642712,143.29583433994398,77588800,APPLE,114.06890106201172,117.04851086046862,113.83599022833464,116.04438078226042,24970000,GOOGLE,246.98855590820312,258.93537917511645,245.40148390506837,258.87696189888334,35868500,MICROSOFT,109.22000122070312,113.2300033569336,108.33999633789062,112.16000366210938,54280300,AMAZON,174.4499969482422,179.77999877929688,173.4199981689453,177.3300018310547,6845300,NETFLIX,99.58000183105469,102.16999816894531,98.0199966430664,100.01000213623047,1137600,SPOTIFY
2022-07-13,143.03036499023438,143.97412691904796,139.71732769627775,140.57262975774523,71185600,APPLE,111.42449188232422,114.37430681051723,111.06296746769611,111.8734232163138,38958000,GOOGLE,246.06358337402344,246.87172370233074,241.5750060391852,243.60022249020474,29497400,MICROSOFT,110.4000015258789,111.77999877929688,106.01000213623047,107.02999877929688,61353800,AMAZON,176.55999755859375,179.17999267578125,169.6999969482422,170.5,12734400,NETFLIX,99.20999908447266,100.33999633789062,94.75,95.95999908447266,1443500,SPOTIFY
2022-07-14,145.96002197265625,146.43190306892052,140.82826817318988,141.64423829848138,78140700,APPLE,110.68256378173828,111.22634312396899,108.58243373717531,110.07273103343994,32366000,GOOGLE,247.3877410888672,248.4198191732911,239.46214266727682,243.97019698455844,25102800,MICROSOFT,110.62999725341797,111.18000030517578,107.58000183105469,110.23999786376953,51163100,AMAZON,174.77999877929688,177.52000427246094,171.82000732421875,175.55999755859375,9039500,NETFLIX,96.31999969482422,98.5,95.93000030517578,98.05999755859375,1335800,SPOTIFY
2022-07-15,147.63125610351562,148.30959351033036,145.6945593046606,147.24784996064128,76259900,APPLE,112.00054931640625,113.22567073995222,111.06247266484746,112.19521630493217,34330000,GOOGLE,249.95822143554688,253.51207769247128,248.05958569750663,248.98456055892254,29774100,MICROSOFT,113.55000305175781,115.58999633789062,111.58999633789062,112.5,84317800,AMAZON,189.11000061035156,189.22000122070312,174.55999755859375,175.5800018310547,16319100,NETFLIX,102.33000183105469,102.5999984741211,96.58000183105469,97.80999755859375,1608100,SPOTIFY
2022-07-18,144.5836944580078,149.00761906982018,144.219939344917,148.1916489524308,81420900,APPLE,109.1629638671875,114.01972675406553,108.55710932830965,112.66896983894824,33354000,GOOGLE,247.5532684326172,253.96968979900382,246.62829360650758,252.9084030496453,20975000,MICROSOFT,113.76000213623047,117.23999786376953,113.1500015258789,115.0,59115400,AMAZON,190.9199981689453,199.6699981689453,189.8000030517578,192.5,16322800,NETFLIX,103.56999969482422,108.0,102.58999633789062,104.44999694824219,1576200,SPOTIFY
2022-07-19,148.44720458984375,148.67331202574297,144.42635344320428,145.41927305374,82982400,APPLE,113.8409652709961,114.02966874576146,109.74896493640318,110.97060833270874,30992300,GOOGLE,252.69419860839844,252.87919654655826,246.99827670674873,250.79554806992488,25012600,MICROSOFT,118.20999908447266,118.94999694824219,114.02999877929688,115.69999694824219,60990000,AMAZON,201.6300048828125,201.97000122070312,188.39999389648438,193.02000427246094,28178700,NETFLIX,108.68000030517578,108.96499633789062,102.58999633789062,105.94999694824219,1964500,SPOTIFY
2022-07-20,150.4527587890625,151.12127077444447,147.8278985688421,148.5652193610668,64823400,APPLE,113.92041015625,115.53933630923396,112.49020262380105,113.2847606801528,26780100,GOOGLE,255.36199951171875,257.893523457075,252.0905135863491,253.05442824047253,22788300,MICROSOFT,122.7699966430664,123.4800033569336,118.31999969482422,118.62000274658203,71268300,AMAZON,216.44000244140625,216.97000122070312,200.10000610351562,208.1699981689453,53920300,NETFLIX,113.25,114.04499816894531,109.31500244140625,110.0,2075800,SPOTIFY
2022-07-21,152.7237091064453,152.93999105761137,149.37135386420036,151.8880729314102,65086600,APPLE,114.25810241699219,114.42694515033254,111.14937898253623,114.30775803280672,27267800,GOOGLE,257.86431884765625,257.9130197151892,250.26003049054867,252.94734376674188,22404700,MICROSOFT,124.62999725341797,124.8499984741211,121.26000213623047,123.19999694824219,60239900,AMAZON,223.8800048828125,224.32000732421875,211.5,214.3000030517578,23430100,NETFLIX,115.62000274658203,115.80000305175781,111.69999694824219,112.66000366210938,2381400,SPOTIFY
2022-07-22,151.48500061035156,153.63797957756256,150.8165036712,152.76302623024424,66675400,APPLE,107.62349700927734,112.41073602569237,106.86866047204101,111.05004494347594,44455300,GOOGLE,253.50230407714844,258.34139929761113,252.24630307646098,258.2537733938726,21881300,MICROSOFT,122.41999816894531,125.5,121.3499984741211,125.01000213623047,51463800,AMAZON,220.44000244140625,229.35000610351562,218.44000244140625,222.3800048828125,17805500,NETFLIX,111.6500015258789,116.36000061035156,110.19999694824219,113.19000244140625,2046300,SPOTIFY
2022-07-25,150.3642578125,152.4189211302385,149.7055864857965,151.40633528462277,53623900,APPLE,107.47451782226562,109.82841214424514,106.28267700818483,108.13996215050174,28289900,GOOGLE,252.01260375976562,254.6122910869873,250.04581970339262,254.12546070249977,21056000,MICROSOFT,121.13999938964844,123.63999938964844,120.02999877929688,122.69999694824219,50221300,AMAZON,218.50999450683594,225.22999572753906,216.35000610351562,221.30999755859375,10935200,NETFLIX,110.41999816894531,112.18000030517578,108.52999877929688,110.5999984741211,1595500,SPOTIFY
2022-07-26,149.03709411621094,150.50189494637155,148.25061571701698,149.68592491978026,55138700,APPLE,104.72335052490234,107.00771339710231,104.04797202843905,106.69982282199996,36626600,GOOGLE,245.26513671875,253.0349601923591,242.99652024774517,253.01546796056851,39348000,MICROSOFT,114.80999755859375,118.1500015258789,114.52999877929688,115.79000091552734,67075100,AMAZON,213.91000366210938,219.38999938964844,211.63999938964844,216.66000366210938,9508500,NETFLIX,103.97000122070312,107.3499984741211,103.3949966430664,105.94000244140625,2752600,SPOTIFY
2022-07-27,154.13931274414062,154.67019194277876,149.58759739737687,150.0004951069704,78620700,APPLE,112.82789611816406,113.62246180857213,107.6831025954989,108.85508282120378,41474600,GOOGLE,261.6615905761719,262.937083830948,252.03210083704948,254.28125487951846,45994000,MICROSOFT,120.97000122070312,121.9000015258789,117.16000366210938,117.30999755859375,61582000,AMAZON,226.75,227.77999877929688,214.5800018310547,216.47999572753906,10508400,NETFLIX,116.61000061035156,121.63999938964844,114.23500061035156,118.04000091552734,7373300,SPOTIFY
2022-07-28,154.6898956298828,154.97498637932796,151.7995959592648,154.3261405347344,81378700,APPLE,113.8111572265625,113.92041019069406,111.09077509027343,112.03333007032592,23303800,GOOGLE,269.12957763671875,270.5219054098013,260.81450632143316,262.6449933275576,33459300,MICROSOFT,122.27999877929688,122.83999633789062,118.08000183105469,121.56999969482422,82245500,AMAZON,226.02000427246094,228.10000610351562,219.6699981689453,224.60000610351562,8972700,NETFLIX,114.58999633789062,117.24700164794922,110.76000213623047,115.52999877929688,2637400,SPOTIFY
2022-07-29,159.76263427734375,160.8637099904221,156.80352611275504,158.51411543428287,101786900,APPLE,115.84722137451172,116.10545632985595,112.46040238141096,112.62924510786948,31336200,GOOGLE,273.34552001953125,274.5723421203902,269.3437884448539,270.38561261895575,32152800,MICROSOFT,134.9499969482422,137.64999389648438,132.41000366210938,134.89999389648438,148892900,AMAZON,224.89999389648438,230.75,222.39999389648438,223.2899932861328,9064900,NETFLIX,113.0199966430664,115.3499984741211,110.36000061035156,112.9000015258789,1708100,SPOTIFY
2022-08-01,158.77957153320312,160.82440969031893,158.17005780397355,158.28802433199732,67829400,APPLE,114.69512176513672,116.32397459006334,113.91049023961696,114.744777384196,22856200,GOOGLE,270.68743896484375,273.87129897154,268.5745820293401,270.50244104227005,21539600,MICROSOFT,135.38999938964844,138.8300018310547,133.50999450683594,134.9600067138672,76846900,AMAZON,226.2100067138672,228.38999938964844,221.0,223.10000610351562,5525000,NETFLIX,115.3499984741211,115.83499908447266,110.19999694824219,111.44000244140625,1684000,SPOTIFY
2022-08-02,157.30494689941406,159.66438272023254,156.9313811867624,157.39343680580816,59907000,APPLE,115.11225891113281,116.28423905657122,113.48340617713905,113.65224891208656,17911000,GOOGLE,267.58148193359375,270.5706278744579,265.2057470824451,268.7303946053114,22754200,MICROSOFT,134.16000366210938,137.44000244140625,134.08999633789062,134.72000122070312,61922400,AMAZON,221.4199981689453,228.1999969482422,220.8800048828125,222.75999450683594,6361300,NETFLIX,116.0,117.18000030517578,113.41999816894531,113.79000091552734,1116100,SPOTIFY
2022-08-03,163.3214874267578,163.7737024778556,158.03243443212287,158.1209093333162,82507500,APPLE,117.9726791381836,118.60832860290465,115.36055735589358,115.54926081797245,25302800,GOOGLE,275.02996826171875,276.0328377004394,269.3243005039463,269.4703733954384,23518900,MICROSOFT,139.52000427246094,140.49000549316406,136.0500030517578,136.2100067138672,71827800,AMAZON,226.72999572753906,228.10000610351562,222.4199981689453,224.7899932861328,6400700,NETFLIX,120.45999908447266,120.55999755859375,116.56999969482422,117.5999984741211,1698500,SPOTIFY
2022-08-04,163.0068817138672,164.36355679986545,161.65020662786893,163.20349759569137,55474100,APPLE,118.06207275390625,118.6877880718941,116.90995334962962,117.49594720595361,15757700,GOOGLE,276.1789245605469,276.32496776136855,272.79060344638594,274.37764584701426,18098700,MICROSOFT,142.57000732421875,143.55999755859375,139.5500030517578,140.5800018310547,70585000,AMAZON,229.91000366210938,232.07000732421875,225.0500030517578,227.67999267578125,7142700,NETFLIX,122.4000015258789,124.62999725341797,120.0999984741211,120.58000183105469,1459200,SPOTIFY
2022-08-05,162.78045654296875,163.27268651132164,160.46696968304354,160.673712879285,56697000,APPLE,117.41648864746094,118.05213811703545,115.916749628212,116.13525555416687,15615700,GOOGLE,275.4583740234375,276.1788734901075,271.33977823922174,271.7973999930235,16774600,MICROSOFT,140.8000030517578,142.86000061035156,139.60000610351562,140.10000610351562,50686900,AMAZON,226.77999877929688,228.6199951171875,222.8699951171875,225.3000030517578,5539700,NETFLIX,118.7300033569336,120.55999755859375,116.8290023803711,118.45999908447266,1304100,SPOTIFY
2022-08-08,162.30787658691406,165.20219069837998,161.64829034721447,163.78456623385267,60276900,APPLE,117.33704376220703,120.03855810041402,117.02915314694705,118.310386384297,17061100,GOOGLE,272.9366455078125,278.38915278799755,271.9629845547,276.5683818461068,18739200,MICROSOFT,139.41000366210938,144.22999572753906,138.2899932861328,142.0500030517578,52229000,AMAZON,233.49000549316406,241.9600067138672,226.41000366210938,227.49000549316406,10982100,NETFLIX,119.69999694824219,123.41500091552734,118.7300033569336,119.86000061035156,998000,SPOTIFY
2022-08-09,162.3571319580078,163.2431549194952,160.71308565619225,161.47112401818703,63135500,APPLE,116.70138549804688,117.39662476361512,115.76777198924981,117.18805298394464,15424300,GOOGLE,274.8644104003906,275.6238645762856,270.29793922937904,272.27449902360144,23405200,MICROSOFT,137.8300018310547,138.9499969482422,136.2100067138672,138.0500030517578,40434700,AMAZON,229.94000244140625,232.1999969482422,224.64999389648438,231.6199951171875,6181200,NETFLIX,115.55999755859375,118.75499725341797,113.63999938964844,118.2300033569336,1090800,SPOTIFY
2022-08-10,166.6099853515625,166.7084223205678,164.30633795620102,165.07421541409994,70170500,APPLE,119.8299789428711,120.95229593723543,118.54874578423936,118.77717829844902,20497000,GOOGLE,281.5437316894531,282.17660520195113,279.3822037460441,280.57981710447564,24687800,MICROSOFT,142.69000244140625,144.60000610351562,141.00999450683594,142.89999389648438,54773800,AMAZON,244.11000061035156,244.5399932861328,236.60000610351562,236.99000549316406,9254800,NETFLIX,120.08999633789062,120.9000015258789,116.66000366210938,119.55000305175781,1369800,SPOTIFY
2022-08-11,165.87167358398438,168.3328236251765,165.57633257470778,167.4172679985858,57149200,APPLE,119.00560760498047,121.50847634504426,118.73744607400684,121.25024896782199,16671600,GOOGLE,279.4600830078125,283.53972371193976,278.96353625690085,283.1892201230609,20065900,MICROSOFT,140.63999938964844,144.49000549316406,139.75999450683594,143.86000061035156,44867300,AMAZON,242.6999969482422,251.6199951171875,241.50999450683594,244.67999267578125,8780100,NETFLIX,122.7300033569336,126.2699966430664,120.94000244140625,122.5999984741211,1985500,SPOTIFY
2022-08-12,169.425537109375,169.49444148391456,166.76748363956287,167.18096997345785,68039400,APPLE,121.8163833618164,121.8163833618164,119.58167598999256,120.33651260174194,16121100,GOOGLE,284.22137451171875,284.22137451171875,279.38227835005296,280.8817245489031,22619700,MICROSOFT,143.5500030517578,143.57000732421875,140.1199951171875,142.0500030517578,47643500,AMAZON,249.3000030517578,249.41000366210938,243.75999450683594,244.80999755859375,6098500,NETFLIX,123.62999725341797,124.68000030517578,121.8499984741211,124.16999816894531,910200,SPOTIFY
2022-08-15,170.4986114501953,170.69550042466776,168.6872088503834,168.85456522976827,54091700,APPLE,122.04481506347656,122.42223715562085,120.74372120486865,121.37937069132897,15525000,GOOGLE,285.740234375,286.43152521881507,282.4687186563289,283.335291025511,18085700,MICROSOFT,143.17999267578125,143.75999450683594,141.49000549316406,142.8000030517578,39014600,AMAZON,249.11000061035156,251.99000549316406,247.50999450683594,248.11000061035156,6527400,NETFLIX,122.5999984741211,124.66999816894531,121.44999694824219,122.83000183105469,1021700,SPOTIFY
2022-08-16,170.34112548828125,171.0105661502061,168.99241999315592,170.0950104696573,56377100,APPLE,121.67733001708984,122.39044466336478,120.70895838185088,121.48861897828559,15626200,GOOGLE,285.0002136230469,286.2951989866946,282.77055202611706,284.29917673431896,18102900,MICROSOFT,144.77999877929688,146.57000732421875,142.0,143.91000366210938,59102900,AMAZON,245.69000244140625,249.2899932861328,244.02999877929688,247.16000366210938,5136800,NETFLIX,120.0999984741211,121.73999786376953,117.86000061035156,121.4800033569336,872700,SPOTIFY
2022-08-17,171.8374481201172,173.412574668192,169.88822206935535,170.08511101015677,79542000,APPLE,119.50221252441406,121.31977625687284,119.3830254087065,120.10806710190032,17589200,GOOGLE,284.24896240234375,286.2296881753284,282.44386044524725,282.7072961690795,18253400,MICROSOFT,142.10000610351562,143.3800048828125,140.77999877929688,142.69000244140625,48149800,AMAZON,241.14999389648438,244.24000549316406,237.55999755859375,241.17999267578125,5627200,NETFLIX,114.1500015258789,118.27999877929688,113.77999877929688,117.97000122070312,1411600,SPOTIFY
2022-08-18,171.44369506835938,172.18204003423804,170.4297025169527,171.04991709522415,62290100,APPLE,120.03854370117188,120.86290420560644,118.73744988691108,119.41282839044769,15652000,GOOGLE,283.1268615722656,284.8246178924502,282.0632923944146,283.146365402589,17186200,MICROSOFT,142.3000030517578,142.77000427246094,140.3800048828125,141.32000732421875,37458700,AMAZON,245.1699981689453,246.47999572753906,239.27999877929688,241.9600067138672,5280400,NETFLIX,114.38999938964844,115.44000244140625,112.01000213623047,113.62999725341797,1102400,SPOTIFY
2022-08-19,168.85458374023438,171.04008614629294,168.64784053029155,170.34111293537597,70346300,APPLE,117.31716918945312,119.18438854880354,116.8702231858715,119.05527485578983,20187000,GOOGLE,279.204345703125,282.2291061234271,278.6286702007604,281.8875956316969,20570000,MICROSOFT,138.22999572753906,141.11000061035156,137.91000366210938,140.47000122070312,47792800,AMAZON,241.16000366210938,243.2899932861328,235.67999267578125,240.9499969482422,7504700,NETFLIX,111.43000030517578,113.44000244140625,110.06999969482422,113.0,963400,SPOTIFY
2022-08-22,164.9659423828125,167.22034880392278,164.54261684090196,167.05299243394208,69026800,APPLE,114.28790283203125,115.70818384672786,113.89061999859462,115.31090101329123,19316000,GOOGLE,271.00836181640625,275.60403082958356,270.4912273395676,275.2332495486718,25061100,MICROSOFT,133.22000122070312,136.32000732421875,132.85000610351562,135.72000122070312,50461500,AMAZON,226.5399932861328,233.47999572753906,224.58999633789062,232.5500030517578,8630100,NETFLIX,109.5999984741211,110.91000366210938,107.66000366210938,108.68000030517578,1213700,SPOTIFY
2022-08-23,164.6312255859375,166.0882370598649,164.06023703885776,164.4835626089626,54147100,APPLE,113.98993682861328,115.14205626777331,113.52313765330499,113.54299838473824,14390700,GOOGLE,269.7301025390625,272.09134632698925,268.7153376389546,269.7301025390625,17527400,MICROSOFT,133.6199951171875,134.99000549316406,132.9499969482422,133.41000366210938,36252100,AMAZON,224.5500030517578,229.89999389648438,224.3000030517578,226.4600067138672,5276900,NETFLIX,108.02999877929688,110.91999816894531,107.41999816894531,109.62999725341797,895900,SPOTIFY
2022-08-24,164.92654418945312,165.49753265907893,163.6664368846458,164.71981604973067,53841500,APPLE,113.92041015625,114.93050374532602,113.00666498155272,113.67210934285143,16051200,GOOGLE,269.09588623046875,270.5009361638899,268.4323689230805,268.7251050290327,18137000,MICROSOFT,133.8000030517578,135.47000122070312,132.10000610351562,132.75,38627000,AMAZON,229.61000061035156,234.10000610351562,223.94000244140625,225.66000366210938,5426300,NETFLIX,110.05000305175781,112.1050033569336,108.05000305175781,108.08999633789062,702000,SPOTIFY
2022-08-25,167.38771057128906,167.49600175790545,165.73382519932846,166.15713573322356,51218200,APPLE,116.9000244140625,116.97948249601619,114.2680417528194,114.36736056649163,14874700,GOOGLE,272.08160400390625,272.24746099453296,267.8566874918669,270.5984792302735,16583400,MICROSOFT,137.27999877929688,137.4199981689453,134.27999877929688,135.25999450683594,37496300,AMAZON,233.97999572753906,234.16000366210938,229.0,230.24000549316406,3766900,NETFLIX,113.52999877929688,113.5999984741211,110.66999816894531,111.63999938964844,860500,SPOTIFY
2022-08-26,161.07733154296875,168.3918767523516,161.01826634968077,167.91934018438116,78961000,APPLE,110.54351043701172,115.80748243363132,110.46405236869468,115.02285105846205,31698700,GOOGLE,261.582763671875,273.5354247138849,261.4754479472372,272.30599862097563,27549300,MICROSOFT,130.75,137.8300018310547,130.5,136.5500030517578,53322700,AMAZON,223.27999877929688,236.9499969482422,223.14999389648438,233.6300048828125,5349800,NETFLIX,109.30999755859375,114.19000244140625,109.02999877929688,113.91000366210938,908500,SPOTIFY
2022-08-29,158.8721466064453,160.36851486839709,157.33639153558275,158.645710009374,73314000,APPLE,109.59004974365234,111.19904183604933,109.06365320101196,110.02706162548509,20386100,GOOGLE,258.79217529296875,260.90948696361846,257.4456667881059,259.39712148458295,20338500,MICROSOFT,129.7899932861328,131.9499969482422,128.77000427246094,129.89999389648438,48101600,AMAZON,224.57000732421875,229.8699951171875,221.52000427246094,221.92999267578125,7109400,NETFLIX,108.55999755859375,110.69999694824219,106.87000274658203,107.44999694824219,966000,SPOTIFY
2022-08-30,156.44052124023438,160.0337937500244,155.26901159376436,159.61048321715364,77906200,APPLE,109.1629638671875,110.61303958362895,108.06050774415003,110.27534656608022,20548200,GOOGLE,256.5871276855469,260.56808380492805,254.33319896451854,260.197332272369,22767100,MICROSOFT,128.72999572753906,132.07000732421875,126.8499984741211,131.25,49203000,AMAZON,220.64999389648438,229.7899932861328,218.74000549316406,226.66000366210938,5740400,NETFLIX,107.2300033569336,111.51000213623047,105.7699966430664,110.31999969482422,951600,SPOTIFY
2022-08-31,154.77679443359375,158.0845804641707,154.69803583504827,157.81877207178803,87991100,APPLE,108.40814208984375,111.0103298953237,108.30882327500419,110.87128203904032,25898000,GOOGLE,255.12344360351562,260.62653063689,254.9868274750973,258.94830810034733,24791800,MICROSOFT,126.7699966430664,130.58999633789062,126.73999786376953,129.4499969482422,53648700,AMAZON,223.55999755859375,233.8800048828125,223.42999267578125,227.0,8615900,NETFLIX,108.1500015258789,110.08000183105469,107.3499984741211,109.5,1050400,SPOTIFY
2022-09-01,155.5052947998047,155.95813794862076,152.2664132669702,154.20580050146393,74229900,APPLE,109.79861450195312,110.46405881347069,107.45465439261648,108.45778414787527,22784400,GOOGLE,254.07943725585938,254.5575639832718,249.21056651707494,252.58657535894073,23263400,MICROSOFT,127.81999969482422,128.02000427246094,123.66000366210938,126.0,56636100,AMAZON,230.0399932861328,230.3699951171875,219.47000122070312,220.72000122070312,7292900,NETFLIX,106.5199966430664,107.08999633789062,102.18000030517578,106.05999755859375,1570600,SPOTIFY
2022-09-02,153.38868713378906,157.86798246463846,152.56174446332417,157.26746135406307,76957800,APPLE,107.94133758544922,110.91598426957113,107.39507272608125,110.58325448770336,20618100,GOOGLE,249.8448028564453,258.31411114181975,248.29339957061248,255.34792072484208,22855400,MICROSOFT,127.51000213623047,131.3800048828125,126.38999938964844,129.5,57429800,AMAZON,226.11000061035156,233.8800048828125,225.0399932861328,231.02999877929688,8164900,NETFLIX,104.41999816894531,108.29000091552734,103.36000061035156,107.55000305175781,1405300,SPOTIFY
2022-09-06,152.12857055664062,154.64878522236114,151.30162793601315,154.03842495785005,73714800,APPLE,106.7494888305664,108.13996732096346,105.7860804639774,107.40003574804634,20565100,GOOGLE,247.10301208496094,251.57183134385733,245.82481132463533,249.98142038523665,21328200,MICROSOFT,126.11000061035156,128.6199951171875,124.73999786376953,127.91999816894531,43888600,AMAZON,218.38999938964844,226.85000610351562,214.69000244140625,225.58999633789062,7469000,NETFLIX,102.58999633789062,104.37000274658203,100.62000274658203,104.05999755859375,962800,SPOTIFY
2022-09-07,153.53636169433594,154.2353197614945,151.22287508520006,152.41407808901712,87449600,APPLE,109.72909545898438,110.2356236471069,106.88356276802085,107.0275814788406,22987200,GOOGLE,251.82550048828125,252.54752929130373,247.07371244859434,248.51778494305904,24126700,MICROSOFT,129.47999572753906,129.82000732421875,125.4000015258789,126.12000274658203,47900300,AMAZON,228.9600067138672,229.3300018310547,218.27000427246094,220.2100067138672,8149300,NETFLIX,105.86000061035156,106.27999877929688,102.3499984741211,102.3499984741211,652300,SPOTIFY
2022-09-08,152.05966186523438,153.93012940950055,150.30730966413597,152.23685741248187,84923800,APPLE,108.67630004882812,109.82841947992603,107.32554299462903,108.43793338559875,21660700,GOOGLE,252.24505615234375,254.10869920307312,248.6055968388462,251.2595916507078,20319900,MICROSOFT,129.82000732421875,130.27999877929688,127.0999984741211,127.72000122070312,43988500,AMAZON,227.44000244140625,228.74000549316406,221.3000030517578,224.16000366210938,6737400,NETFLIX,105.18000030517578,106.55000305175781,103.72000122070312,104.36000061035156,857900,SPOTIFY
2022-09-09,154.9244384765625,155.36745741692656,152.34515853161906,153.05397081020374,68028800,APPLE,111.02025604248047,111.23876196589119,109.25235550221456,109.3020186948222,21732900,GOOGLE,258.0408630371094,258.79219220151697,253.97209640414405,254.17699082314724,22084700,MICROSOFT,133.27000427246094,133.69000244140625,130.75999450683594,130.91000366210938,49387600,AMAZON,233.57000732421875,234.77999877929688,229.6199951171875,229.6199951171875,6699600,NETFLIX,110.27999877929688,110.58000183105469,106.11000061035156,106.30999755859375,1616600,SPOTIFY
2022-09-12,160.89027404785156,161.7073775664421,156.82446488060694,157.10995164172124,104956000,APPLE,111.10964965820312,111.87441282213105,110.17603618382878,111.22882919788367,19732900,GOOGLE,260.1777038574219,260.9583036393322,258.7238795678171,259.32882578827446,18747700,MICROSOFT,136.4499969482422,136.49000549316406,134.0,134.10000610351562,53826900,AMAZON,236.52999877929688,239.49000549316406,233.3699951171875,233.61000061035156,6047400,NETFLIX,111.33999633789062,113.18000030517578,109.83999633789062,111.54000091552734,1407800,SPOTIFY
2022-09-13,151.44931030273438,158.0451887543499,150.98661293916587,157.41513500718563,122656600,APPLE,104.59423828125,108.62664887758757,104.2863476795802,108.14990795407765,33015000,GOOGLE,245.87356567382812,254.07942221942037,245.48326576047728,252.55728977840053,33353300,MICROSOFT,126.81999969482422,131.39999389648438,126.2699966430664,131.00999450683594,72694000,AMAZON,218.1300048828125,227.69000244140625,217.72000122070312,226.5,8000100,NETFLIX,101.95999908447266,106.45999908447266,101.66999816894531,106.0,1729000,SPOTIFY
2022-09-14,152.89646911621094,154.65866080063967,151.22289024182777,152.38454574724284,87965400,APPLE,105.15042877197266,105.37886127163304,103.78973761787205,104.72335107963008,22115800,GOOGLE,246.09799194335938,248.0591988641248,243.79527444125134,247.37619258985976,23913000,MICROSOFT,128.5500030517578,128.83999633789062,126.33000183105469,127.36000061035156,45316800,AMAZON,224.1199951171875,228.0,215.8000030517578,219.82000732421875,8230300,NETFLIX,102.44999694824219,102.87000274658203,98.5999984741211,101.73999786376953,1210400,SPOTIFY
2022-09-15,150.0021514892578,152.82756164210238,149.0275457934619,152.24671887947383,90481100,APPLE,103.1938247680664,105.48812197475904,102.60783087857331,104.2962810413566,26494900,GOOGLE,239.42401123046875,245.29787987720312,238.09702127641052,243.7074542260417,31530900,MICROSOFT,126.27999877929688,130.3699951171875,125.5,127.37999725341797,52887200,AMAZON,235.3800048828125,242.2899932861328,229.10000610351562,230.47000122070312,19454100,NETFLIX,103.95999908447266,105.45999908447266,100.33000183105469,100.4800033569336,1336400,SPOTIFY
2022-09-16,148.3581085205078,148.99801648832616,146.06431507986616,148.8601926989242,162278800,APPLE,102.92565155029297,103.32293437151624,101.16272181821269,102.27014133618319,64540100,GOOGLE,238.7995147705078,239.34591969926225,236.18455775493163,238.3311549272174,39791800,MICROSOFT,123.52999877929688,123.87000274658203,120.69999694824219,122.77999877929688,115667800,AMAZON,240.1300048828125,241.36000061035156,227.8300018310547,231.22000122070312,18914200,NETFLIX,100.33999633789062,102.26000213623047,99.69999694824219,102.26000213623047,1348200,SPOTIFY
2022-09-19,152.079345703125,152.15810428972742,146.78296219367604,146.989690339551,81474200,APPLE,103.14415740966797,103.31300014587099,101.67422082295761,101.84306355916064,19738600,GOOGLE,238.5848846435547,239.18983090941896,235.00396662261346,236.58464035647546,26826900,MICROSOFT,124.66000366210938,124.70999908447266,121.80000305175781,122.16000366210938,47279700,AMAZON,243.6300048828125,245.25,235.75,245.0500030517578,17912400,NETFLIX,99.69999694824219,100.44599914550781,98.02999877929688,99.77999877929688,1714800,SPOTIFY
2022-09-20,154.4617462158203,155.6234166633189,150.7011173572486,151.0161367015711,107689800,APPLE,101.13789367675781,102.46878245915885,100.43272024432356,102.1807525933691,24001700,GOOGLE,236.56512451171875,237.59939325821156,233.82333267549006,236.19435819350156,26660300,MICROSOFT,122.19000244140625,124.4000015258789,121.13999938964844,123.3499984741211,47698400,AMAZON,242.85000610351562,250.49000549316406,239.66000366210938,240.3699951171875,16037400,NETFLIX,97.26000213623047,99.25,96.94499969482422,98.0199966430664,1323300,SPOTIFY
2022-09-21,151.3311767578125,156.2731696529989,151.21304637695786,154.89491678247586,101696800,APPLE,99.33025360107422,102.78659647442252,99.31038529376288,101.5450924813298,26596800,GOOGLE,233.15008544921875,241.64867860903064,233.10129609605303,238.3409629469102,28625600,MICROSOFT,118.54000091552734,123.76000213623047,118.44999694824219,122.48999786376953,58498900,AMAZON,236.8699951171875,248.3000030517578,236.67999267578125,242.6699981689453,9166800,NETFLIX,95.38999938964844,99.427001953125,95.12000274658203,96.95999908447266,873500,SPOTIFY
2022-09-22,150.3664093017578,152.06952070873675,148.5648458969192,150.01200313979504,86652500,APPLE,99.8864517211914,100.98890794782774,98.7343398779962,98.77406134022748,21272700,GOOGLE,235.13084411621094,237.94094450280133,231.80362415640258,232.0963305396538,31061200,MICROSOFT,117.30999755859375,118.79000091552734,116.26000213623047,117.08000183105469,55229200,AMAZON,237.0500030517578,240.5,231.66000366210938,235.35000610351562,10018000,NETFLIX,92.44999694824219,95.58999633789062,92.44000244140625,94.9000015258789,1005100,SPOTIFY
2022-09-23,148.09231567382812,149.11616252111207,146.25138021755967,148.8405149133821,96029900,APPLE,98.49596405029297,99.42957752599564,97.34385222568528,99.37991433269849,25657000,GOOGLE,232.1450653076172,235.27715686765256,229.49108554182823,233.72573895914633,34176000,MICROSOFT,113.77999877929688,116.05000305175781,112.05999755859375,116.0,65126700,AMAZON,226.41000366210938,236.4499969482422,221.42999267578125,235.13999938964844,11207200,NETFLIX,89.33999633789062,92.37000274658203,88.69000244140625,90.51000213623047,1782100,SPOTIFY
2022-09-26,148.42701721191406,151.38039679019585,147.31457276382835,147.3342661670832,93339400,APPLE,98.13841247558594,99.75733865187506,97.71133476729084,97.9397748530234,22437900,GOOGLE,231.68650817871094,235.58941845298165,231.14985503831448,231.29622310665232,27694200,MICROSOFT,115.1500015258789,117.33999633789062,113.12999725341797,113.30000305175781,62723300,AMAZON,224.07000732421875,232.6999969482422,223.00999450683594,225.60000610351562,8234300,NETFLIX,89.13999938964844,91.69000244140625,88.8949966430664,89.0,1578400,SPOTIFY
2022-09-27,149.401611328125,152.3156188966605,147.6197415235521,150.36639273150132,84442700,APPLE,97.42330169677734,99.7771960919519,96.67839927042913,99.23093885915345,24225000,GOOGLE,230.67172241210938,235.93089259844146,228.80807947091677,234.1550615516291,27018700,MICROSOFT,114.41000366210938,118.31999969482422,113.05000305175781,117.19999694824219,60094700,AMAZON,224.36000061035156,230.63999938964844,220.72000122070312,228.6300048828125,7762200,NETFLIX,89.5,92.69499969482422,88.45500183105469,91.01000213623047,1268400,SPOTIFY
2022-09-28,147.51144409179688,148.29901488949315,142.58914538327457,145.34563566437978,146691400,APPLE,100.05529022216797,100.7108079843318,97.1352779092305,97.35377625241257,24617000,GOOGLE,235.21864318847656,236.44805451845707,229.03251932295336,231.06203437528512,29029700,MICROSOFT,118.01000213623047,118.69999694824219,113.80000305175781,114.37999725341797,55763800,AMAZON,245.1999969482422,246.64999389648438,227.3800048828125,229.69000244140625,17579700,NETFLIX,92.87999725341797,93.29000091552734,89.3949966430664,90.05000305175781,1016900,SPOTIFY
2022-09-29,140.26585388183594,144.439969608928,138.4938229117654,143.82960922766318,128138200,APPLE,97.42330169677734,98.62508427952042,95.8639729207233,98.62508427952042,21921500,GOOGLE,231.7352752685547,234.12580460416743,228.7202809445972,233.0915358630107,27484200,MICROSOFT,114.80000305175781,116.06999969482422,113.05999755859375,115.5999984741211,58969700,AMAZON,239.7100067138672,246.97999572753906,235.67999267578125,241.61000061035156,18994900,NETFLIX,86.83999633789062,91.20999908447266,85.91899871826172,90.94999694824219,1524700,SPOTIFY
2022-09-30,136.05233764648438,140.87619954797051,135.85544869618502,139.0844755504192,124925300,APPLE,95.49649810791016,98.81777167666374,95.37731098487271,97.06576112897415,26277800,GOOGLE,227.2469482421875,234.70150638460396,227.0810763396028,232.50611932172504,35694800,MICROSOFT,113.0,116.91999816894531,112.83999633789062,114.08000183105469,59479600,AMAZON,235.44000244140625,242.44000244140625,233.25999450683594,237.0,11848600,NETFLIX,86.30000305175781,89.41999816894531,86.0,86.48999786376953,1859000,SPOTIFY
2022-10-03,140.23629760742188,140.84667290730152,135.55027429699052,136.0621976067289,114311700,APPLE,98.62508392333984,99.29052826986492,96.3605741902864,96.55921938311879,24840000,GOOGLE,234.89663696289062,235.74551509921386,228.96421214667737,229.696007750658,28880400,MICROSOFT,115.87999725341797,116.91000366210938,112.44999694824219,113.58000183105469,50941900,AMAZON,239.0399932861328,241.5399932861328,232.85000610351562,237.85000610351562,8657400,NETFLIX,89.0,89.44999694824219,86.27999877929688,87.5,3551100,SPOTIFY
2022-10-04,143.82960510253906,143.9477354899333,142.01818737304887,142.77622574271777,87830100,APPLE,101.71395111083984,102.02184170152195,100.35325989509371,100.35325989509371,22580900,GOOGLE,242.8390655517578,244.2831380864936,239.03371935950005,239.14104998029651,34888400,MICROSOFT,121.08999633789062,123.0,119.79000091552734,119.88999938964844,62812600,AMAZON,240.74000549316406,245.8000030517578,233.25,244.83999633789062,13925900,NETFLIX,94.62999725341797,95.45999908447266,91.32499694824219,91.93000030517578,2057000,SPOTIFY
2022-10-05,144.1249237060547,145.0897052260287,140.7876052377075,141.83114535247526,79471000,APPLE,101.52523803710938,102.0417003960936,99.06209062819975,100.00563826788984,18475500,GOOGLE,243.1512908935547,244.49779961267382,238.17508955877648,240.01921394484737,20347100,MICROSOFT,120.94999694824219,121.75,117.69000244140625,118.58000183105469,48217500,AMAZON,236.72999572753906,241.58999633789062,227.3800048828125,238.75999450683594,10825600,NETFLIX,91.4000015258789,93.68000030517578,89.11000061035156,92.27999877929688,1681900,SPOTIFY
2022-10-06,143.1699981689453,145.24720918960443,142.9632699990137,143.54409774342406,68402200,APPLE,101.54509735107422,103.02497563763859,100.81012907362776,100.81012907362776,17156200,GOOGLE,240.79978942871094,244.2636251213658,240.10703122323224,241.91211821206613,20239900,MICROSOFT,120.30000305175781,121.52999877929688,119.5,120.7699966430664,42253800,AMAZON,240.02000427246094,244.27999877929688,233.91000366210938,236.67999267578125,9188900,NETFLIX,92.25,93.28500366210938,90.37000274658203,91.93000030517578,1425200,SPOTIFY
2022-10-07,137.9129638671875,140.87619735207727,137.28291022305208,140.32488726950297,85925600,APPLE,98.89325714111328,100.73068182096326,98.53570332932688,99.96591857647248,24249900,GOOGLE,228.55438232421875,235.46253382440418,227.51034690185645,235.05271523111307,37769600,MICROSOFT,114.55999755859375,118.16999816894531,113.87999725341797,118.0,54678000,AMAZON,224.75,237.3300018310547,224.27999877929688,235.77000427246094,9806100,NETFLIX,88.01000213623047,90.29000091552734,87.37999725341797,90.05999755859375,1276300,SPOTIFY
2022-10-10,138.2378387451172,139.6849958050268,136.41659718830158,138.2378387451172,74899000,APPLE,98.03907775878906,99.31037652303331,97.20479078633065,99.17132869429024,16529900,GOOGLE,223.68556213378906,228.8666735354165,221.2267243049342,227.39333015447636,29743600,MICROSOFT,113.66999816894531,116.25,112.43000030517578,115.0999984741211,42339700,AMAZON,229.97999572753906,233.8300018310547,224.22999572753906,225.63999938964844,9991100,NETFLIX,85.97000122070312,88.48999786376953,85.91999816894531,88.01000213623047,1305100,SPOTIFY
2022-10-11,136.82022094726562,139.15340092464973,136.07203689531147,137.7259221748937,77033700,APPLE,97.38358306884766,99.43951352228164,96.58901742661037,97.5822206906372,21617700,GOOGLE,219.93873596191406,223.5001353267126,218.67028725375982,222.0950853661984,30474000,MICROSOFT,112.20999908447266,115.4800033569336,110.38999938964844,112.70999908447266,56432200,AMAZON,214.2899932861328,230.44000244140625,213.6999969482422,226.0500030517578,15282400,NETFLIX,82.12999725341797,85.77999877929688,80.51000213623047,85.0,1973700,SPOTIFY
2022-10-12,136.19017028808594,138.17878336551573,136.01297472776957,136.9679019716922,70433700,APPLE,97.63187408447266,98.97071152564483,97.00615124132109,97.60207162441023,17343400,GOOGLE,220.2704620361328,222.3292474595599,218.5239165292533,219.92895148846125,21903900,MICROSOFT,112.9000015258789,113.83000183105469,111.4000015258789,112.48999786376953,45728700,AMAZON,220.8699951171875,223.6699981689453,212.63999938964844,214.3000030517578,12952600,NETFLIX,83.18000030517578,84.82499694824219,80.0,82.1500015258789,4097000,SPOTIFY
2022-10-13,140.7679443359375,141.3586113377412,132.28188870851338,132.8922641385454,113224000,APPLE,99.03229522705078,99.84672158959769,94.62247036872678,95.27798815146768,32812200,GOOGLE,228.55438232421875,230.36923581061,213.81114130889077,214.51366619964983,42551800,MICROSOFT,112.52999877929688,113.44000244140625,105.3499984741211,107.87999725341797,86868100,AMAZON,232.50999450683594,234.47000122070312,211.72999572753906,212.69000244140625,17505000,NETFLIX,82.6500015258789,84.43000030517578,78.5,79.86000061035156,2378200,SPOTIFY
2022-10-14,136.22955322265625,142.27413585110418,136.04250345541635,142.0673926816115,88598000,APPLE,96.51949310302734,100.60155910753977,96.37051109853005,99.94107803038207,22624800,GOOGLE,223.0122528076172,231.481574406119,222.7975915879221,229.822825910581,30198600,MICROSOFT,106.9000015258789,114.95999908447266,106.5999984741211,114.0999984741211,67737300,AMAZON,230.0,238.8000030517578,229.50999450683594,237.8000030517578,15293400,NETFLIX,81.79000091552734,85.87999725341797,81.72000122070312,84.36000061035156,1644600,SPOTIFY
2022-10-17,140.19692993164062,140.67930564113678,138.09018646721276,138.87775734642221,85250900,APPLE,100.09501647949219,101.07828551788228,98.8336517597424,98.84357833583454,23311600,GOOGLE,231.76455688476562,233.15985498185077,229.43256870498456,230.09607116127958,28142300,MICROSOFT,113.79000091552734,114.19000244140625,110.08999633789062,110.11000061035156,62782000,AMAZON,245.10000610351562,249.9199981689453,234.39999389648438,234.41000366210938,21057800,NETFLIX,86.72000122070312,87.3499984741211,84.19000244140625,84.5,1189100,SPOTIFY
2022-10-18,141.51611328125,144.42026703642762,138.4249097380949,143.22907894720203,99136600,APPLE,100.70088195800781,103.51164911498128,99.9659136378853,103.23355340345059,21610500,GOOGLE,232.7109832763672,238.0091758749606,229.65695177138133,237.33593647992942,26329600,MICROSOFT,116.36000061035156,119.5199966430664,114.79000091552734,119.05999755859375,65607400,AMAZON,240.86000061035156,250.3699951171875,237.72999572753906,249.8000030517578,25776700,NETFLIX,88.04000091552734,90.26000213623047,86.51899719238281,89.41000366210938,1810900,SPOTIFY
2022-10-19,141.62440490722656,142.69746261645687,139.30107889163025,139.488128680181,61758300,APPLE,99.60836029052734,100.96805130997552,98.9578133386631,100.0155697049409,21573700,GOOGLE,230.74005126953125,233.79408332375263,228.6032055120039,231.2864563258372,19985700,MICROSOFT,115.06999969482422,116.58999633789062,113.22000122070312,114.70999908447266,47198100,AMAZON,272.3800048828125,279.29998779296875,262.6600036621094,265.0,46685300,NETFLIX,88.75,90.61100006103516,87.58000183105469,89.36000061035156,1308100,SPOTIFY
2022-10-20,141.1616973876953,143.6228470143876,140.43319169039492,140.7974520498777,64522000,APPLE,99.84672546386719,102.29993880091689,99.29053404665551,100.13475532707746,25125100,GOOGLE,230.4180145263672,235.45277137371738,229.16908467269528,230.04724824658283,21811000,MICROSOFT,115.25,118.23999786376953,113.51000213623047,113.83000183105469,48795100,AMAZON,268.1600036621094,278.3800048828125,266.3800048828125,272.7799987792969,17207100,NETFLIX,87.73999786376953,90.43000030517578,86.62000274658203,87.25,1314300,SPOTIFY
2022-10-21,144.98141479492188,145.5524033439164,140.43319980718348,140.6497821885837,86548600,APPLE,100.79026794433594,100.92931579147759,97.56235742026016,97.79078992161887,28988700,GOOGLE,236.24314880371094,237.10179380895985,228.80810966337896,229.04228963437978,26299700,MICROSOFT,119.31999969482422,119.58999633789062,114.5,114.79000091552734,55660500,AMAZON,289.57000732421875,290.75,265.67999267578125,268.95001220703125,24889100,NETFLIX,88.69999694824219,89.2699966430664,84.5199966430664,85.55000305175781,1737800,SPOTIFY
2022-10-24,147.12750244140625,147.89537982279583,143.73111940500422,144.90262887759332,75981900,APPLE,102.2701416015625,102.39925529834079,99.61829069764072,101.3961178770954,24680800,GOOGLE,241.2486114501953,241.8242870711329,235.4430361139109,237.84331729780146,24911200,MICROSOFT,119.81999969482422,120.38999938964844,116.56999969482422,119.9800033569336,49531500,AMAZON,282.45001220703125,290.489990234375,280.3599853515625,290.2300109863281,13326400,NETFLIX,94.66000366210938,97.06999969482422,84.08000183105469,88.95999908447266,6219400,SPOTIFY
2022-10-25,149.9726104736328,150.12028846465364,147.03892431633474,147.7575758033074,74732300,APPLE,104.2168197631836,104.38566250102328,102.31979787409422,102.59790115573206,29910200,GOOGLE,244.5758514404297,244.94661775526365,239.8630859691524,241.25836910616306,34775500,MICROSOFT,120.5999984741211,121.31999969482422,118.94999694824219,119.6500015258789,50934600,AMAZON,291.0199890136719,297.5899963378906,285.54998779296875,286.95001220703125,15100700,NETFLIX,97.05000305175781,98.63999938964844,95.08000183105469,95.56999969482422,3226200,SPOTIFY
2022-10-26,147.02908325195312,149.62805663114864,145.73942824213276,148.61406419672124,88194300,APPLE,94.17552185058594,97.870238760226,93.9272210644815,96.10233837556866,71504300,GOOGLE,225.70530700683594,232.51588122743283,224.475880748936,225.55893893934157,82543200,MICROSOFT,115.66000366210938,119.3499984741211,114.76000213623047,116.0,68802300,AMAZON,298.6199951171875,305.6300048828125,288.0400085449219,290.0400085449219,15714100,NETFLIX,84.41999816894531,91.9800033569336,84.0,91.52999877929688,8005500,SPOTIFY
2022-10-27,142.5498046875,146.73375950209572,141.89021831932845,145.76899295091448,109180200,APPLE,91.97061920166016,94.5231512445966,91.275379959436,93.66899584555583,54036500,GOOGLE,221.2462158203125,228.01776721146956,220.29975893201416,225.4320803427003,40424600,MICROSOFT,110.95999908447266,114.12000274658203,109.7699966430664,113.91999816894531,129605400,AMAZON,296.94000244140625,305.2099914550781,294.7799987792969,298.3299865722656,14612600,NETFLIX,81.73999786376953,84.5199966430664,80.0199966430664,84.2300033569336,3597200,SPOTIFY
2022-10-28,153.31979370117188,155.05243775655637,145.52287291944214,145.89695747516933,164762400,APPLE,95.92356872558594,96.20166441454593,91.69549886314017,91.90109265695114,35696900,GOOGLE,230.1448211669922,230.85711290132215,220.56318567055376,220.74857626199804,40647700,MICROSOFT,103.41000366210938,103.95999908447266,97.66000366210938,97.91000366210938,223133400,AMAZON,295.7200012207031,301.19000244140625,292.2900085449219,297.70001220703125,9960500,NETFLIX,83.36000061035156,83.36000061035156,80.52999877929688,81.41999816894531,2460700,SPOTIFY
2022-10-31,150.9570770263672,151.84309994681692,149.55914577499016,150.77988145527678,97943200,APPLE,94.0166244506836,95.69513281131775,93.73852117209412,95.12900725488336,29868700,GOOGLE,226.4956512451172,229.21792468250058,225.5394274829723,228.08607709981163,28357300,MICROSOFT,102.44000244140625,104.87000274658203,100.73999786376953,103.55999755859375,99251400,AMAZON,291.8800048828125,297.6199951171875,289.5,295.1300048828125,7505100,NETFLIX,80.58000183105469,83.66000366210938,80.31999969482422,83.0,1994700,SPOTIFY
2022-11-01,148.30886840820312,153.0342786292701,146.81250027183614,152.67003329657965,80379300,APPLE,89.88489532470703,95.51139272035945,89.81537139938067,94.94029629746328,43220600,GOOGLE,222.63172912597656,230.017993023999,221.81212164618157,228.90566433330028,30592300,MICROSOFT,96.79000091552734,104.58000183105469,96.05999755859375,103.98999786376953,153370000,AMAZON,286.75,299.70001220703125,286.4200134277344,296.1700134277344,6916400,NETFLIX,80.16999816894531,84.62999725341797,80.12999725341797,81.5999984741211,2690000,SPOTIFY
2022-11-02,142.77621459960938,149.80525751264736,142.7466820050657,146.63529551052576,93604600,APPLE,86.47820281982422,90.67945571418004,86.41861305229293,90.2921070701484,43553600,GOOGLE,214.7576141357422,225.685758416669,214.6990579834419,223.89042351168925,38407000,MICROSOFT,92.12000274658203,97.73999786376953,92.01000213623047,97.31999969482422,135761800,AMAZON,273.0,287.3299865722656,272.8399963378906,286.3999938964844,10367600,NETFLIX,75.0,79.86000061035156,74.8499984741211,79.80000305175781,3244400,SPOTIFY
2022-11-03,136.72177124023438,140.5808515547038,136.59378666921566,139.85234595133585,97918500,APPLE,82.92253875732422,85.96174591136683,82.88280971728332,85.75813742273455,48510400,GOOGLE,209.04962158203125,215.06010669058617,208.78617098234167,214.74786673711404,36633900,MICROSOFT,89.30000305175781,93.5,89.0199966430664,92.47000122070312,136683300,AMAZON,269.05999755859375,276.2900085449219,268.79998779296875,271.25,7057400,NETFLIX,71.72000122070312,74.25,71.44999694824219,73.66999816894531,3530800,SPOTIFY
2022-11-04,136.45553588867188,140.68586767189302,132.51116441667403,140.11393200286335,140814800,APPLE,86.1107177734375,86.14052023573473,83.30988494310704,84.92881107198549,40173300,GOOGLE,216.01632690429688,216.21146944131505,208.2495288682356,212.26953659523167,36789100,MICROSOFT,90.9800033569336,92.44000244140625,88.04000091552734,91.48999786376953,129101300,AMAZON,260.7900085449219,274.9700012207031,255.32000732421875,272.0199890136719,11124700,NETFLIX,71.05000305175781,73.48999786376953,69.28500366210938,73.2300033569336,2054900,SPOTIFY
2022-11-07,136.98802185058594,137.21481900121177,133.7832199726521,135.2031961352515,83374600,APPLE,88.04747009277344,88.33549994609857,86.36895416660064,86.74636867567865,26899900,GOOGLE,222.33901977539062,222.86592096080787,215.90897914921476,216.60175222236109,33498000,MICROSOFT,90.52999877929688,92.0999984741211,89.04000091552734,91.94999694824219,77495700,AMAZON,258.6000061035156,261.1499938964844,252.08999633789062,261.05999755859375,7927000,NETFLIX,73.44000244140625,73.62999725341797,71.28500366210938,72.6500015258789,1520900,SPOTIFY
2022-11-08,137.5599822998047,139.4631346891898,135.57794065978277,138.4573305983891,89908500,APPLE,88.30570983886719,89.79054393617074,87.05427154783787,88.55401066611286,30172000,GOOGLE,223.31475830078125,226.02727968287536,220.35830503261087,223.1488864048599,28192500,MICROSOFT,89.9800033569336,91.72000122070312,88.2300033569336,90.79000091552734,88703400,AMAZON,263.4599914550781,266.0799865722656,256.8800048828125,259.9200134277344,7683800,NETFLIX,73.2699966430664,74.74500274658203,71.29000091552734,73.19999694824219,1321500,SPOTIFY
2022-11-09,132.99435424804688,136.6231842073022,132.71824941976038,136.57387654941147,74917800,APPLE,86.80596923828125,88.88176048138935,86.76624019729557,87.9431836735296,26743900,GOOGLE,219.06057739257812,223.08058484840367,218.88495358763487,221.85115866012015,27852900,MICROSOFT,86.13999938964844,89.4800033569336,85.87000274658203,89.47000122070312,90796200,AMAZON,254.66000366210938,260.8999938964844,254.22000122070312,259.6600036621094,7266000,NETFLIX,71.4000015258789,72.33000183105469,70.01000213623047,71.93000030517578,1680900,SPOTIFY
2022-11-10,144.8274688720703,144.8274688720703,137.5599685390709,139.27577571396307,118854000,APPLE,93.52995300292969,93.90737510679946,91.02708401942718,91.71238914414367,42371200,GOOGLE,237.082275390625,237.42378598771606,229.29597372810505,229.7155294272081,46268000,MICROSOFT,96.62999725341797,98.69000244140625,91.6500015258789,92.94000244140625,173414900,AMAZON,274.9700012207031,275.3599853515625,260.0899963378906,265.989990234375,9667300,NETFLIX,78.44000244140625,78.5999984741211,75.6500015258789,75.93000030517578,2078800,SPOTIFY
2022-11-11,147.61810302734375,147.9237894166263,142.3622261036816,143.79207283535823,93979700,APPLE,96.07255554199219,96.69827087353168,93.52002344383007,94.06628069524213,30569100,GOOGLE,241.1120147705078,241.97065970506623,236.05773875356564,237.0920223740199,34620200,MICROSOFT,100.79000091552734,101.19000244140625,96.66000366210938,97.87999725341797,111590500,AMAZON,290.1300048828125,290.6600036621094,271.55999755859375,274.4700012207031,9573800,NETFLIX,83.70999908447266,83.77999877929688,78.11000061035156,79.5999984741211,1987100,SPOTIFY
2022-11-14,146.21786499023438,148.19005093835904,145.37967994364752,146.89827154979093,73374100,APPLE,95.37731170654297,96.51949701728984,94.46654446211343,94.85091516983924,24170100,GOOGLE,235.6869659423828,237.98968329468502,233.40376730762415,236.11628839782514,31123300,MICROSOFT,98.48999786376953,100.12000274658203,97.29000091552734,98.7699966430664,99533100,AMAZON,299.2699890136719,311.0,288.19000244140625,290.0,17978200,NETFLIX,82.5,83.80999755859375,81.45999908447266,82.20999908447266,1338400,SPOTIFY
2022-11-15,147.953369140625,151.45400187502815,146.49395589081533,150.1030594439155,89868300,APPLE,98.04902648925781,99.7374689907648,96.36057641021137,97.99936329552077,31831000,GOOGLE,236.0967559814453,241.0046635253207,234.20384247687278,239.69719240573164,31390100,MICROSOFT,98.94000244140625,103.79000091552734,97.33999633789062,103.20999908447266,111336300,AMAZON,310.20001220703125,312.7099914550781,302.54998779296875,309.20001220703125,14626900,NETFLIX,85.11000061035156,86.84100341796875,83.70999908447266,85.98999786376953,1326200,SPOTIFY
2022-11-16,146.7207794189453,147.78576172673738,145.241639832554,147.05606249393267,64218300,APPLE,98.31719207763672,99.17134751777705,97.23658943843006,97.35378366881285,24660200,GOOGLE,236.52732849121094,238.55278379675173,235.24552553609306,237.56451210587485,24093300,MICROSOFT,97.12000274658203,98.48999786376953,95.54000091552734,96.8499984741211,87958800,AMAZON,306.0199890136719,310.489990234375,303.6099853515625,309.94000244140625,8038600,NETFLIX,82.5,84.20999908447266,82.26000213623047,83.54000091552734,953400,SPOTIFY
2022-11-17,148.62391662597656,149.3733417806034,144.1174650466656,144.3935698429272,80389400,APPLE,97.83052825927734,98.80387085932485,96.44004207815523,96.51950016337138,21818700,GOOGLE,236.47837829589844,238.01459476890207,232.51555731599112,232.6623229336254,23123500,MICROSOFT,94.8499984741211,96.97000122070312,94.02999877929688,95.37000274658203,82617900,AMAZON,295.2799987792969,299.82000732421875,291.0,294.7200012207031,9838200,NETFLIX,79.44999694824219,80.0999984741211,77.66999816894531,80.0,1941400,SPOTIFY
2022-11-18,149.18601989746094,150.57641479286625,147.88438481730566,150.19183908207188,74829600,APPLE,97.13528442382812,98.4860414992974,96.08248378770254,98.33705949085571,24969900,GOOGLE,236.02828979492188,238.49405671182296,233.88542217086078,238.26899618839067,27613500,MICROSOFT,94.13999938964844,95.98999786376953,92.4800033569336,95.94999694824219,72428200,AMAZON,287.9800109863281,298.0,287.0,297.3299865722656,8400100,NETFLIX,76.98999786376953,80.87000274658203,76.0199966430664,80.87000274658203,1601400,SPOTIFY
2022-11-21,145.95162963867188,148.27880988198416,145.66566926933072,148.07173876370618,58724100,APPLE,95.17867279052734,98.04902968311204,95.01975662742383,96.89691023323071,18696900,GOOGLE,236.84039306640625,239.40399837755373,235.99890213467734,236.23372709119394,26394700,MICROSOFT,92.45999908447266,95.0199966430664,90.58999633789062,93.97000122070312,84330300,AMAZON,285.04998779296875,291.8699951171875,282.6600036621094,291.0,7256500,NETFLIX,74.12000274658203,75.88999938964844,73.75,75.88999938964844,1392500,SPOTIFY
2022-11-22,148.09144592285156,148.32811366985848,144.8866435342383,146.06996722268715,51804100,APPLE,96.66847229003906,96.88498532042568,93.7683206741825,95.50642632840014,18868900,GOOGLE,239.75625610351562,240.03022851249497,235.52924255756514,238.34724661140663,19665700,MICROSOFT,93.19999694824219,93.3499984741211,90.87000274658203,92.62000274658203,62192000,AMAZON,286.69000244140625,286.9800109863281,277.3399963378906,284.989990234375,6245100,NETFLIX,75.25,75.3499984741211,70.18000030517578,72.97000122070312,1614300,SPOTIFY
2022-11-23,148.9690399169922,149.71846499501288,147.26308861505012,147.37155942010665,58301400,APPLE,98.14835357666016,98.39566175345192,96.67840930202391,96.67840930202391,17568900,GOOGLE,242.25140380859375,242.93633491013367,239.0126464403006,239.83456376214852,19508500,MICROSOFT,94.12999725341797,94.58000183105469,92.83000183105469,93.23999786376953,59414700,AMAZON,291.5,292.4700012207031,283.760009765625,285.9100036621094,5919000,NETFLIX,78.26000213623047,78.5999984741211,74.77999877929688,75.5,905600,SPOTIFY
2022-11-25,146.0502471923828,146.80954307968733,145.07400962299127,146.24746279975653,35195900,APPLE,96.93663024902344,98.26752646971741,96.86710632852339,97.79574889038956,8567800,GOOGLE,242.163330078125,243.3472791412151,241.4196778430826,241.98719641652858,9200800,MICROSOFT,93.41000366210938,94.43000030517578,93.06999969482422,93.79000091552734,35088600,AMAZON,285.5400085449219,289.2099914550781,284.1700134277344,289.0,3236000,NETFLIX,78.7300033569336,79.28500366210938,77.18499755859375,77.8499984741211,602200,SPOTIFY
2022-11-28,142.21432495117188,144.6006680593858,141.38601049309779,143.12152865000314,69246000,APPLE,95.59581756591797,97.16508059755766,95.23826377193576,96.53935766931889,19974500,GOOGLE,236.5566864013672,241.3414402001899,235.61735647604124,240.78371585647386,24778200,MICROSOFT,93.94999694824219,96.4000015258789,93.43000030517578,93.93000030517578,74943100,AMAZON,281.1700134277344,289.54998779296875,280.5299987792969,284.0,4703400,NETFLIX,76.7300033569336,79.375,76.44000244140625,77.75,1136700,SPOTIFY
2022-11-29,139.2067413330078,142.79611910491008,138.39815293017466,142.28334655275705,83763800,APPLE,94.79132080078125,95.73486085921611,93.74845435510949,95.34751219711848,20220000,GOOGLE,235.15744018554688,237.56448586876186,233.08307318531638,236.20440308326351,17956300,MICROSOFT,92.41999816894531,94.41000366210938,91.44000244140625,94.04000091552734,65567300,AMAZON,280.9599914550781,282.9599914550781,275.94000244140625,282.5,5786900,NETFLIX,75.0999984741211,77.66899871826172,74.8949966430664,77.0,1007000,SPOTIFY
2022-11-30,145.97134399414062,146.65175056417294,138.59537264763534,139.43354266054223,111380900,APPLE,100.76046752929688,100.76046752929688,94.02655065004306,94.4734966628274,39888100,GOOGLE,249.64869689941406,249.83460997466,234.69756499927473,235.3922904493445,47594200,MICROSOFT,96.54000091552734,96.54000091552734,91.52999877929688,92.47000122070312,102805800,AMAZON,305.5299987792969,308.260009765625,280.4100036621094,281.3699951171875,16070100,NETFLIX,79.41999816894531,79.72000122070312,74.51000213623047,75.38999938964844,1514800,SPOTIFY
2022-12-01,146.2474365234375,147.05603992895004,144.57108159207246,146.14883626075934,71250400,APPLE,100.59162902832031,101.89272292672392,99.98577440901639,100.71081615225447,21771500,GOOGLE,249.2083740234375,250.60758932902792,245.519510598115,248.4060155091771,26041500,MICROSOFT,95.5,97.2300033569336,94.91999816894531,96.98999786376953,68488000,AMAZON,316.95001220703125,319.79998779296875,303.0299987792969,303.989990234375,14664900,NETFLIX,79.44999694824219,82.3499984741211,78.94999694824219,80.25,1021500,SPOTIFY
2022-12-02,145.75437927246094,145.9417393182281,143.62441514150157,143.9301165589326,65447400,APPLE,100.14469146728516,100.46251622307057,98.4959703370897,98.694615545418,18821500,GOOGLE,249.5312957763672,250.54890564202378,244.3160097552262,244.4432165873255,21528500,MICROSOFT,94.12999725341797,95.36000061035156,93.77999877929688,94.4800033569336,72496400,AMAZON,320.4100036621094,321.989990234375,310.0,310.489990234375,12690600,NETFLIX,80.30999755859375,80.41999816894531,76.69499969482422,77.86000061035156,1153900,SPOTIFY
2022-12-05,144.59080505371094,148.82113692482218,143.74276456774905,145.71495034472244,68826400,APPLE,99.19120788574219,101.05842720345457,98.67970883582956,99.1365814057739,19955500,GOOGLE,244.8149871826172,248.35708472300595,242.72104661691858,246.58602848762314,23435300,MICROSOFT,91.01000213623047,94.05999755859375,90.81999969482422,93.05000305175781,71535500,AMAZON,312.5899963378906,322.7699890136719,310.9200134277344,316.4599914550781,8423000,NETFLIX,78.30999755859375,81.6449966430664,77.93000030517578,79.5,1171800,SPOTIFY
2022-12-06,140.9225311279297,145.2514780860589,139.94629380127552,145.0246809463006,64727200,APPLE,96.64859771728516,99.52888841594041,96.10234052217703,98.99255779667037,20877600,GOOGLE,239.84432983398438,246.4392716289712,238.533173950974,245.42166189613354,22463700,MICROSOFT,88.25,91.04000091552734,87.9000015258789,90.5,75503600,AMAZON,305.55999755859375,313.2200012207031,303.1300048828125,311.0,7195400,NETFLIX,75.16000366210938,78.4800033569336,74.55000305175781,78.30999755859375,1647100,SPOTIFY
2022-12-07,138.97994995117188,141.37614872094412,138.05302012289312,140.21256620226913,69721100,APPLE,94.50328826904297,96.64860329233407,94.37913786605618,96.11227264212648,26647900,GOOGLE,239.1104736328125,240.86195621878957,236.99697418329282,239.56057972367816,20481500,MICROSOFT,88.45999908447266,89.88999938964844,87.4800033569336,88.33999633789062,68086900,AMAZON,308.4200134277344,309.6099853515625,302.1000061035156,306.5,7821600,NETFLIX,75.72000122070312,75.97000122070312,73.5999984741211,74.5199966430664,1279600,SPOTIFY
2022-12-08,140.66616821289062,141.52407940202735,139.1377360156072,140.380207847569,62128300,APPLE,93.31143188476562,95.21838767071252,93.16245747593575,95.03961080257808,25593200,GOOGLE,242.07525634765625,243.38642715920767,237.8286688296212,239.57035707306187,22611800,MICROSOFT,90.3499984741211,90.86000061035156,87.87999725341797,89.23999786376953,73305900,AMAZON,310.260009765625,312.3800048828125,304.80999755859375,309.1099853515625,7205300,NETFLIX,77.80000305175781,78.16999816894531,74.66000366210938,76.0,1314700,SPOTIFY
2022-12-09,140.18299865722656,143.54557973820909,138.94051172185388,140.36048819280174,76097000,APPLE,92.43742370605469,93.84777046478493,92.38776051386506,93.26178420015137,21885300,GOOGLE,240.1378631591797,242.96566155841106,238.90498731075107,239.43335840854147,20609700,MICROSOFT,89.08999633789062,90.30000305175781,88.62999725341797,88.9000015258789,67398500,AMAZON,320.010009765625,329.0,319.5199890136719,321.45001220703125,14364000,NETFLIX,78.16999816894531,80.0,77.63500213623047,78.16000366210938,1529500,SPOTIFY
2022-12-12,142.48057556152344,142.4904310742392,139.09826892356506,140.71546075742316,70462700,APPLE,92.9240951538086,93.23695660745051,91.27538167236226,92.45728840632368,27380900,GOOGLE,247.07528686523438,247.10463998852305,241.8502218945569,242.12419433216994,30665100,MICROSOFT,90.55000305175781,90.58000183105469,87.87000274658203,89.20999908447266,61999800,AMAZON,315.17999267578125,323.17999267578125,308.8500061035156,320.0,10148600,NETFLIX,79.7300033569336,79.81999969482422,77.05999755859375,77.91000366210938,1413700,SPOTIFY
2022-12-13,143.44696044921875,147.8843792751259,142.2340701831816,147.4209143273598,93886200,APPLE,95.19852447509766,99.12168163156254,94.73171776226799,97.40343677461024,34788500,GOOGLE,251.39036560058594,258.2397057346081,247.62322255472307,256.05769091346986,42196900,MICROSOFT,92.48999786376953,96.25,90.5199966430664,95.2300033569336,100212000,AMAZON,320.3399963378906,332.7200012207031,317.20001220703125,328.0,10756400,NETFLIX,80.95999908447266,87.4800033569336,80.05000305175781,83.94999694824219,3865000,SPOTIFY
2022-12-14,141.21839904785156,144.6204172233284,139.1969051895986,143.3286376736575,82291200,APPLE,94.66219329833984,96.559215022131,93.30150978220338,94.89063336539503,26452900,GOOGLE,251.6839141845703,256.9383321296434,248.83654186322934,251.5958548171996,35410900,MICROSOFT,91.58000183105469,93.45999908447266,89.87000274658203,92.5,70298000,AMAZON,317.8299865722656,324.7099914550781,314.4200134277344,318.9700012207031,7543300,NETFLIX,79.31999969482422,81.31999969482422,78.20999908447266,80.23999786376953,1186700,SPOTIFY
2022-12-15,134.60171508789062,139.8280117965914,134.1382501032749,139.14760511506677,98931900,APPLE,90.58013153076172,93.39089848982981,89.81536837789909,92.90423102891724,28298800,GOOGLE,243.6505889892578,248.72888777083384,242.01653394548188,248.25922292079903,35560400,MICROSOFT,88.44999694824219,89.97000122070312,87.47000122070312,89.88999938964844,84802900,AMAZON,290.4100036621094,303.3900146484375,286.54998779296875,302.1199951171875,17724600,NETFLIX,72.36000061035156,78.2699966430664,72.31999969482422,77.30999755859375,3261300,SPOTIFY
2022-12-16,132.63934326171875,135.73567419543238,131.87019204577976,134.78903348962257,160156900,APPLE,90.24243927001953,91.12638947177149,89.39821810377244,90.58012470550287,48485500,GOOGLE,239.42356872558594,244.46271991815064,238.26895796094308,243.2004910035389,86102000,MICROSOFT,87.86000061035156,89.3499984741211,86.7300033569336,88.2699966430664,146144100,AMAZON,290.7099914550781,294.7200012207031,288.70001220703125,288.760009765625,14080000,NETFLIX,74.73999786376953,75.26000213623047,71.72000122070312,72.12000274658203,3499900,SPOTIFY
2022-12-19,130.52911376953125,133.31975851229708,129.49372825060226,133.23101376151752,79592600,APPLE,88.54405975341797,90.58012160496237,88.32059056669874,90.26229690934119,23020500,GOOGLE,235.2748565673828,239.93241792766776,233.57231567315546,239.58994491104272,29696400,MICROSOFT,84.91999816894531,87.62999725341797,84.51000213623047,87.51000213623047,83531500,AMAZON,288.29998779296875,292.25,286.1300048828125,289.7300109863281,6163700,NETFLIX,73.26000213623047,74.80000305175781,72.83999633789062,74.54000091552734,1292700,SPOTIFY
2022-12-20,130.4600830078125,131.3968681768677,128.08359570202674,129.5627349310346,77432800,APPLE,89.02080535888672,89.16978736321556,87.44161581460381,88.12692848799274,21976800,GOOGLE,236.59580993652344,237.68192031750615,233.28855194336597,234.24745549988003,25150800,MICROSOFT,85.19000244140625,86.61000061035156,84.33000183105469,85.33000183105469,74348300,AMAZON,288.19000244140625,289.2799987792969,280.80999755859375,281.239990234375,6918100,NETFLIX,76.51000213623047,77.3499984741211,72.19999694824219,72.19999694824219,2010300,SPOTIFY
2022-12-21,133.56625366210938,134.90734034055538,130.9038063723273,131.13060348105978,85928000,APPLE,89.63658905029297,90.29707008944192,88.30570039579547,89.12012671896804,20336400,GOOGLE,239.16917419433594,240.3335644481044,234.94216046535638,236.48815622889643,23690600,MICROSOFT,86.7699966430664,87.2300033569336,85.20999908447266,86.18000030517578,59267200,AMAZON,297.9599914550781,300.6600036621094,286.5,289.989990234375,6376200,NETFLIX,77.48999786376953,79.3949966430664,76.5,76.93000030517578,1509100,SPOTIFY
2022-12-22,130.3910675048828,132.68866590052642,128.48791532003168,132.48159480562174,77852100,APPLE,87.66011810302734,88.57386324456762,86.34909015895764,88.32556244017913,23656100,GOOGLE,233.0635223388672,236.78173925420134,228.83649302112826,236.0674400389706,28651700,MICROSOFT,83.79000091552734,85.68000030517578,82.25,85.5199966430664,81431300,AMAZON,297.75,298.8800048828125,290.80999755859375,298.0899963378906,7856200,NETFLIX,77.95999908447266,78.05999755859375,75.73999786376953,75.91999816894531,1646000,SPOTIFY
2022-12-23,130.0261993408203,130.57840891041715,127.83707208521685,129.09926968617603,63814900,APPLE,89.19957733154297,89.48760717002418,87.02446746738481,87.02446746738481,17815000,GOOGLE,233.5918731689453,233.72885938875746,228.9049736414497,231.02826751372717,21207000,MICROSOFT,85.25,85.77999877929688,82.93000030517578,83.25,57433700,AMAZON,294.9599914550781,298.4599914550781,291.9100036621094,296.17999267578125,4251100,NETFLIX,77.69999694824219,78.18000030517578,76.19000244140625,77.5999984741211,943900,SPOTIFY
2022-12-27,128.2216796875,129.58249292838534,126.92990018333715,129.55291134024313,69007800,APPLE,87.33236694335938,88.89169582967213,86.94005497185992,88.70298477684108,15470900,GOOGLE,231.8599853515625,233.78757187810967,230.75430123545564,233.56252628177612,16688600,MICROSOFT,83.04000091552734,85.3499984741211,83.0,84.97000122070312,57284000,AMAZON,284.1700134277344,293.57000732421875,282.1300048828125,293.19000244140625,5778100,NETFLIX,76.5199966430664,76.91999816894531,73.93000030517578,76.6500015258789,1178600,SPOTIFY
2022-12-28,124.28715515136719,129.20775681904706,124.1195211570346,127.86666981780208,85438400,APPLE,85.87235260009766,87.9183488825412,85.78296794428115,86.90528489558999,17879600,GOOGLE,229.4822540283203,234.5605530300066,229.1300016429323,231.7914607924466,17457100,MICROSOFT,81.81999969482422,83.4800033569336,81.69000244140625,82.80000305175781,58228600,AMAZON,276.8800048828125,285.19000244140625,273.4100036621094,281.9200134277344,5964400,NETFLIX,76.61000061035156,78.23999786376953,76.06999969482422,76.08999633789062,1616300,SPOTIFY
2022-12-29,127.8075180053711,128.66541412512194,125.95366582047207,126.2100445910704,75703700,APPLE,88.34542846679688,88.75760873609705,86.39875095299075,86.4384799933794,18280700,GOOGLE,235.82278442382812,236.71320225846455,230.57814603846577,230.57814603846577,19770700,MICROSOFT,84.18000030517578,84.55000305175781,82.55000305175781,82.87000274658203,54995900,AMAZON,291.1199951171875,295.5,281.010009765625,283.17999267578125,9588500,NETFLIX,79.01000213623047,79.44000244140625,77.69300079345703,78.0,979200,SPOTIFY
2022-12-30,128.12303161621094,128.14275768545937,125.6578071138234,126.62418137813751,77034200,APPLE,88.1269302368164,88.22624904916005,86.43848011681591,86.77120230581392,19190300,GOOGLE,234.65841674804688,234.7954029631969,231.56642511422905,233.0830678086328,21938500,MICROSOFT,84.0,84.05000305175781,82.47000122070312,83.12000274658203,62401200,AMAZON,294.8800048828125,295.010009765625,283.2200012207031,285.5299987792969,7566900,NETFLIX,78.94999694824219,79.05000305175781,76.52999877929688,76.7699966430664,1255800,SPOTIFY
2023-01-03,123.33064270019531,129.07955877586164,122.44315755676651,128.46818597294893,112117500,APPLE,89.09033203125,90.92776417873544,88.41495349133301,89.21945330850191,20738500,GOOGLE,234.42356872558594,240.46077124140547,232.29048067163205,237.84823891620616,25740000,MICROSOFT,85.81999969482422,86.95999908447266,84.20999908447266,85.45999908447266,76706000,AMAZON,294.95001220703125,298.3900146484375,288.70001220703125,298.05999755859375,6764000,NETFLIX,81.9000015258789,81.98999786376953,79.23999786376953,81.87999725341797,1286800,SPOTIFY
2023-01-04,124.60269927978516,126.87071595607891,123.34050157319417,125.12532731236189,89113600,APPLE,88.10706329345703,90.61986641464313,87.20325223631956,90.3914339004661,27046500,GOOGLE,224.1691131591797,227.85796113517154,221.09669561336867,227.28066322024986,50623400,MICROSOFT,85.13999938964844,86.9800033569336,83.36000061035156,86.55000305175781,68885100,AMAZON,309.4100036621094,311.1400146484375,295.510009765625,298.239990234375,9345100,NETFLIX,81.33000183105469,83.37000274658203,80.87000274658203,83.0,1842900,SPOTIFY
2023-01-05,123.28132629394531,125.9930816643783,123.02494756660151,125.3619828345772,80962700,APPLE,86.18023681640625,87.61045182410166,85.97166505737383,87.4714039847467,23136100,GOOGLE,217.52528381347656,222.6525101847704,216.9871183182412,222.31003716133554,39585600,MICROSOFT,83.12000274658203,85.41999816894531,83.06999969482422,85.33000183105469,67930800,AMAZON,309.70001220703125,314.17999267578125,304.54998779296875,307.0,8328400,NETFLIX,81.58000183105469,82.61000061035156,79.13999938964844,80.61000061035156,1557100,SPOTIFY
2023-01-06,127.8173599243164,128.4780403774463,123.15314460938177,124.257571392045,87754700,APPLE,87.56079864501953,87.86868921535695,84.98839839038199,86.76623304587501,26612600,GOOGLE,220.0888671875,220.90100504687248,214.6289776058487,218.20041337731763,43613600,MICROSOFT,86.08000183105469,86.4000015258789,81.43000030517578,83.02999877929688,83303400,AMAZON,315.54998779296875,316.7699890136719,303.69000244140625,311.57000732421875,8959800,NETFLIX,83.54000091552734,84.25,79.8499984741211,82.6500015258789,1185100,SPOTIFY
2023-01-09,128.3399658203125,131.55463782580617,128.08358712122987,128.65552272372005,70790800,APPLE,88.19644927978516,90.21265061112891,87.977943358204,88.58876121895915,22996700,GOOGLE,222.2317352294922,226.26307141609416,221.53702478368263,221.57615730202494,27369800,MICROSOFT,87.36000061035156,89.4800033569336,87.08000183105469,87.45999908447266,65266100,AMAZON,315.1700134277344,321.70001220703125,313.2200012207031,316.8299865722656,6766600,NETFLIX,85.04000091552734,86.31999969482422,83.77200317382812,84.44999694824219,1376800,SPOTIFY
2023-01-10,128.91192626953125,129.43455432577363,126.33822308555574,128.44846138243565,63896200,APPLE,88.63346099853516,88.86686438189274,86.11072368934886,86.130591998912,22855600,GOOGLE,223.92453002929688,226.33157576127422,222.43724039296023,222.85797845401495,27033900,MICROSOFT,89.87000274658203,90.19000244140625,87.29000091552734,87.56999969482422,67756600,AMAZON,327.5400085449219,329.3500061035156,311.07000732421875,311.07000732421875,13072300,NETFLIX,90.79000091552734,91.0,84.69000244140625,84.86000061035156,2044800,SPOTIFY
2023-01-11,131.63356018066406,131.65327120715185,128.64569958998982,129.42470644063985,69458900,APPLE,91.6329345703125,91.8216380363287,89.13005812040355,89.44788285939553,25998800,GOOGLE,230.69558715820312,230.87170589795403,226.1358795554185,226.31199829516942,28669300,MICROSOFT,95.08999633789062,95.26000213623047,90.93000030517578,90.93000030517578,103126200,AMAZON,327.260009765625,328.8800048828125,321.3500061035156,326.5,9579700,NETFLIX,91.75,93.27999877929688,90.08000183105469,91.31999969482422,1631000,SPOTIFY
2023-01-12,131.55465698242188,132.3928269168101,129.61205277186403,132.0181218476768,71379600,APPLE,91.28530883789062,91.99048219354599,89.95441262285705,91.77197627932115,22754200,GOOGLE,233.3766326904297,234.73671564070037,228.5331726836602,230.19658123048066,27269500,MICROSOFT,95.2699966430664,97.19000244140625,93.5,96.93000030517578,85254800,AMAZON,330.1300048828125,332.95001220703125,323.1400146484375,332.5,10856200,NETFLIX,91.19999694824219,91.66999816894531,88.41000366210938,89.13999938964844,1774400,SPOTIFY
2023-01-13,132.88589477539062,133.0436732754904,129.82901533053348,130.19386494625152,57809700,APPLE,92.16926574707031,92.34804263733666,90.31197291916662,90.90590804551623,18630700,GOOGLE,234.0811004638672,234.21808667704465,229.8638660470709,231.8991004502628,21333300,MICROSOFT,98.12000274658203,98.37000274658203,94.12000274658203,94.18000030517578,85549400,AMAZON,332.82000732421875,336.6499938964844,328.8900146484375,329.9700012207031,8286800,NETFLIX,92.05999755859375,92.08000183105469,90.35600280761719,90.68000030517578,2135100,SPOTIFY
2023-01-17,134.04946899414062,135.38068535895238,132.26464328240974,132.9549052915621,63646600,APPLE,91.53361511230469,92.33810731959731,90.22257954851013,92.14939627737729,22935800,GOOGLE,235.17701721191406,235.72496209284455,231.9871717644744,232.84823653758127,29831300,MICROSOFT,96.05000305175781,98.88999938964844,95.7300033569336,98.68000030517578,72755000,AMAZON,326.2200012207031,332.5,323.6000061035156,331.0799865722656,9247000,NETFLIX,91.75,92.7300033569336,90.58999633789062,92.08000183105469,1752100,SPOTIFY
2023-01-18,133.32965087890625,136.682361304903,133.15214630173037,134.91726132660978,69672800,APPLE,91.15619659423828,92.95190680596515,90.7787820725718,92.30831604596713,19641600,GOOGLE,230.73472595214844,237.16332887463713,230.45097410915378,236.37076466345434,30028700,MICROSOFT,95.45999908447266,99.31999969482422,95.37999725341797,97.25,79570400,AMAZON,326.3299865722656,330.0799865722656,321.25,326.75,7814100,NETFLIX,92.7300033569336,93.55999755859375,90.94000244140625,92.7300033569336,2235400,SPOTIFY
2023-01-19,133.3887939453125,134.35516079708475,131.90965456039046,132.21534095915428,58280400,APPLE,93.27172088623047,93.75838835723602,90.75891029747898,90.76884445169445,28707700,GOOGLE,226.938232421875,230.4509772666671,225.71513580011168,228.74842139423623,28623000,MICROSOFT,93.68000030517578,95.44000244140625,92.86000061035156,94.73999786376953,69002700,AMAZON,315.7799987792969,324.8900146484375,313.3900146484375,322.57000732421875,18008200,NETFLIX,93.58000183105469,94.5199966430664,91.1449966430664,91.37000274658203,2280800,SPOTIFY
2023-01-20,135.95263671875,136.10055969629155,132.3534032973474,133.3986594670003,80223600,APPLE,98.60521697998047,98.7442648281179,95.25812689297854,95.29784835455546,53704800,GOOGLE,235.04978942871094,235.55860174293485,229.46267816024536,229.80515114547578,35389800,MICROSOFT,97.25,97.3499984741211,93.19999694824219,93.86000061035156,67481500,AMAZON,342.5,344.0,332.6300048828125,336.7900085449219,28430300,NETFLIX,97.91000366210938,98.27999877929688,95.61000061035156,96.0999984741211,2761300,SPOTIFY
2023-01-23,139.1475830078125,141.32685514540398,135.9822178760608,136.19915953850284,81760300,APPLE,100.52210235595703,100.71081340264897,98.07882321356192,98.45623772940617,31791800,GOOGLE,237.35897827148438,239.89323039386977,234.49203258582432,235.91083633446067,31934000,MICROSOFT,97.5199966430664,97.77999877929688,95.86000061035156,97.55999755859375,76501100,AMAZON,357.4200134277344,362.25,340.6300048828125,341.7200012207031,15646900,NETFLIX,99.94000244140625,104.0,99.37999725341797,102.38999938964844,4690800,SPOTIFY
2023-01-24,140.54782104492188,141.16906439218428,138.34883807200805,138.35869358432294,66435100,APPLE,98.53568267822266,100.40290185479975,98.02914695476163,98.8733756863762,27391400,GOOGLE,236.83065795898438,238.69955333391806,235.26510311269504,237.28076412215026,40234400,MICROSOFT,96.31999969482422,98.08999633789062,96.0,96.93000030517578,66929500,AMAZON,363.8299865722656,365.6499938964844,355.1400146484375,357.5299987792969,11796500,NETFLIX,99.29000091552734,100.51000213623047,97.94999694824219,99.0,1482200,SPOTIFY
2023-01-25,139.88714599609375,140.44921115138996,136.87955949987148,138.93063463423644,65799300,APPLE,96.07255554199219,97.05582465656556,94.61453083956603,96.53935471327681,31000900,GOOGLE,235.43142700195312,238.0635333641679,225.93040571836002,229.43335629238763,66526600,MICROSOFT,97.18000030517578,97.23999786376953,91.5199966430664,92.55999755859375,94261600,AMAZON,367.9599914550781,368.8999938964844,358.5,360.57000732421875,7766900,NETFLIX,100.02999877929688,100.05999755859375,94.3499984741211,97.18000030517578,2180400,SPOTIFY
2023-01-26,141.9579620361328,142.2439224000094,139.92659771489312,141.178940100887,54105100,APPLE,98.48603820800781,98.5356938241358,96.16193865558921,97.61201449571318,24542100,GOOGLE,242.662353515625,242.9656790686591,236.79149012411796,238.40597158463132,33454500,MICROSOFT,99.22000122070312,99.48999786376953,96.91999816894531,98.23999786376953,68523600,AMAZON,364.8699951171875,369.0199890136719,361.70001220703125,368.7699890136719,8256800,NETFLIX,101.30000305175781,102.16999816894531,99.69000244140625,101.29000091552734,1505300,SPOTIFY
2023-01-27,143.90054321289062,145.18246711281154,141.09018721144076,141.16907645645273,70555800,APPLE,100.02550506591797,100.88959467893258,98.2973334174287,98.37679150133486,29020400,GOOGLE,242.8189239501953,244.45297920647357,241.51754738385625,243.6310618794315,26498900,MICROSOFT,102.23999786376953,103.48999786376953,99.52999877929688,99.52999877929688,87775600,AMAZON,360.7699890136719,365.9200134277344,360.5899963378906,363.20001220703125,6703500,NETFLIX,102.23999786376953,103.30999755859375,100.31999969482422,100.5199966430664,1753800,SPOTIFY
2023-01-30,141.01129150390625,143.5258315295515,140.863383580403,142.94404030165967,64015300,APPLE,97.28424835205078,98.73333142649015,96.85717068197916,98.07385063828548,24365100,GOOGLE,237.4862060546875,240.31400454491248,236.9871731308744,239.24745305758034,25867400,MICROSOFT,100.55000305175781,101.73999786376953,99.01000213623047,101.08999633789062,70691900,AMAZON,353.1099853515625,360.95001220703125,352.8599853515625,358.44000244140625,5127600,NETFLIX,100.0,102.43000030517578,99.80000305175781,101.06999969482422,2322800,SPOTIFY
2023-01-31,142.28335571289062,142.3326633733732,140.30131415280843,140.71547141700836,65874500,APPLE,99.19120788574219,99.23093692367725,97.12534337835456,97.1948673003561,22306800,GOOGLE,242.47642517089844,242.61341137751842,237.72102552626626,238.2102641113915,26541100,MICROSOFT,103.12999725341797,103.3499984741211,101.13999938964844,101.16000366210938,66527300,AMAZON,353.8599853515625,355.95001220703125,348.7099914550781,349.9800109863281,5660700,NETFLIX,112.72000122070312,113.30000305175781,106.30999755859375,109.37000274658203,9597000,SPOTIFY
2023-02-01,143.40748596191406,144.57108343034756,139.35465851027638,141.96779872652098,77663600,APPLE,100.7406005859375,101.4954371374518,97.75105684092641,99.06208475800963,26392600,GOOGLE,247.3101348876953,249.6878275342772,240.18682141552847,242.66236776319857,31259900,MICROSOFT,105.1500015258789,106.23999786376953,101.23999786376953,102.52999877929688,80450100,AMAZON,361.989990234375,365.3900146484375,349.9100036621094,353.8599853515625,8005200,NETFLIX,118.13999938964844,119.5999984741211,111.62999725341797,113.37000274658203,4556500,SPOTIFY
2023-02-02,148.72254943847656,149.07752846410273,146.10939403157928,146.82923768896234,118339000,APPLE,108.06051635742188,108.08037708825424,105.81587489639395,106.06417570826528,46622600,GOOGLE,258.9051208496094,258.9931802305622,251.71330613086135,253.24952278481186,39940400,MICROSOFT,112.91000366210938,114.0,108.87999725341797,110.25,158154200,AMAZON,366.8900146484375,368.32000732421875,358.42999267578125,365.1600036621094,7857000,NETFLIX,122.56999969482422,123.9800033569336,118.8499984741211,120.77999877929688,5198400,SPOTIFY
2023-02-03,152.35134887695312,155.1913011660709,145.77411121969988,145.97132678498124,154357300,APPLE,104.50485229492188,107.28581698457972,102.59790378014966,102.80647556355851,36823400,GOOGLE,252.78958129882812,258.51367868054353,251.5664848437929,253.9539715128819,29077300,MICROSOFT,103.38999938964844,108.77999877929688,102.5199966430664,105.26000213623047,144374800,AMAZON,365.8999938964844,379.42999267578125,359.0,359.0799865722656,9402000,NETFLIX,121.16999816894531,123.81999969482422,118.0009994506836,118.08000183105469,2553300,SPOTIFY
2023-02-06,149.61988830566406,150.97084596204795,148.68310295478358,150.4482178700856,69858300,APPLE,102.76673126220703,103.98836689470355,101.51529317004342,101.98706315133334,25573000,GOOGLE,251.2436065673828,252.74067564788885,249.29644628810414,251.8991994997157,22518000,MICROSOFT,102.18000030517578,103.94999694824219,100.6500015258789,102.93000030517578,81945200,AMAZON,361.4800109863281,368.45001220703125,360.67999267578125,363.6400146484375,4994900,NETFLIX,122.91999816894531,125.62999725341797,121.37000274658203,123.5,3348300,SPOTIFY
2023-02-07,152.49928283691406,153.07121860652774,148.54505515759215,148.54505515759215,83322600,APPLE,107.3056869506836,107.93140231057068,102.84421329966486,102.92565669885428,33738800,GOOGLE,261.8013610839844,262.98531015234266,254.48234077073667,254.92266746149838,50841400,MICROSOFT,102.11000061035156,102.41000366210938,98.08000183105469,101.16999816894531,119501300,AMAZON,362.95001220703125,364.17999267578125,354.17999267578125,358.510009765625,6289400,NETFLIX,125.37999725341797,126.04000091552734,121.36000061035156,121.7699966430664,2884800,SPOTIFY
2023-02-08,149.80723571777344,152.43024651571073,149.0676660222592,151.73998447588093,64120100,APPLE,99.3203353881836,102.87600521369022,97.7858380250458,101.9920548349386,73546000,GOOGLE,260.9892578125,270.8033838180028,260.4804305117884,267.3200070611244,54686000,MICROSOFT,100.05000305175781,102.66999816894531,98.77999877929688,102.04000091552734,75878300,AMAZON,366.8299865722656,368.19000244140625,358.30999755859375,360.0199890136719,6253200,NETFLIX,123.68000030517578,125.2699966430664,122.86000061035156,124.4000015258789,1494800,SPOTIFY
2023-02-09,148.7718505859375,152.1837390894266,148.32811173185976,151.64138491373802,56007100,APPLE,94.81117248535156,99.92617026088948,93.22204894919946,99.85664634298091,97798600,GOOGLE,257.9461669921875,268.0832067953903,257.1438084833281,267.9070581968134,42375100,MICROSOFT,98.23999786376953,101.77999877929688,97.56999969482422,101.31999969482422,64622500,AMAZON,362.5,373.8299865722656,361.739990234375,372.4100036621094,6901100,NETFLIX,120.83000183105469,126.66000366210938,120.12000274658203,125.80000305175781,1433600,SPOTIFY
2023-02-10,149.13726806640625,149.46317743221437,147.3694730974516,147.60650220064647,57450700,APPLE,94.21526336669922,96.36057850251893,93.8875044670127,95.08927952165693,49325300,GOOGLE,257.4373779296875,258.4060608799008,255.0498909814336,255.90116143595523,25818500,MICROSOFT,97.61000061035156,98.81999969482422,96.2300033569336,97.55999755859375,52740100,AMAZON,347.3599853515625,362.1400146484375,347.1400146484375,359.1600036621094,7291100,NETFLIX,125.16000366210938,127.79000091552734,124.12000274658203,125.0,3801200,SPOTIFY
2023-02-13,151.94203186035156,152.34693578344766,149.04836048379,149.07798723256394,62199000,APPLE,94.35430908203125,94.70192870524663,93.41076902222673,94.36424323627725,43116600,GOOGLE,265.4804992675781,268.68990399269387,261.4002353103959,261.87970954881627,44630900,MICROSOFT,99.54000091552734,99.68000030517578,96.91000366210938,97.8499984741211,52841500,AMAZON,358.57000732421875,359.70001220703125,344.25,349.5,7134400,NETFLIX,122.31999969482422,126.44000244140625,122.30000305175781,125.87000274658203,1958500,SPOTIFY
2023-02-14,151.30010986328125,151.86304832604316,148.98913264360064,150.23350151506878,61707600,APPLE,94.30464935302734,94.5281261553057,92.02028633258648,94.01662706716678,42513100,GOOGLE,266.3121032714844,269.0518269790631,263.4842903547791,266.8013417807484,37047900,MICROSOFT,99.69999694824219,100.91999816894531,97.5199966430664,98.41000366210938,56202900,AMAZON,359.9599914550781,363.75,353.3999938964844,357.54998779296875,4624800,NETFLIX,126.0999984741211,126.26000213623047,120.31999969482422,121.5199966430664,1435100,SPOTIFY
2023-02-15,153.40371704101562,153.57160702169523,150.98410309542203,151.21124659051077,65573800,APPLE,96.44003295898438,96.67839961455326,93.71865820674988,94.09607270952888,36964500,GOOGLE,264.18353271484375,265.5666447691535,261.1034044657681,263.2026047275784,28922400,MICROSOFT,101.16000366210938,101.16999816894531,98.44999694824219,99.08999633789062,47957600,AMAZON,361.4200134277344,362.8800048828125,354.239990234375,356.6300048828125,3966000,NETFLIX,128.27000427246094,128.67999267578125,124.88999938964844,125.37000274658203,1720300,SPOTIFY
2023-02-16,151.80377197265625,154.39127521881363,151.44823591009165,151.60624021713144,68167900,APPLE,95.1290054321289,97.21473072757868,94.32451322985784,94.89063877544477,35642100,GOOGLE,257.1502685546875,261.6527244708974,256.9050365553152,258.98459912030484,29603600,MICROSOFT,98.1500015258789,100.62999725341797,98.0999984741211,99.20999908447266,56339200,AMAZON,350.7099914550781,361.5,350.30999755859375,355.0,5215700,NETFLIX,125.56999969482422,128.97999572753906,125.47000122070312,125.73999786376953,1639600,SPOTIFY
2023-02-17,150.6581573486328,151.10257366904202,148.97924287733272,150.46064065840176,59144100,APPLE,93.94708251953125,95.09920181318105,92.81483153234502,94.4238233666543,31095100,GOOGLE,253.1383056640625,255.12958852987995,251.11759615236792,254.44295681423097,30000100,MICROSOFT,97.19999694824219,97.94000244140625,95.6500015258789,97.80000305175781,60029400,AMAZON,347.9599914550781,349.0,342.44000244140625,347.9100036621094,5294700,NETFLIX,125.33000183105469,125.56999969482422,122.48999786376953,123.93000030517578,1438700,SPOTIFY
2023-02-21,146.63861083984375,149.42364564911486,146.5694867858314,148.33728134701136,58867200,APPLE,91.42436218261719,92.78008249699454,91.37469898910733,92.60626889724948,28367200,GOOGLE,247.85107421875,250.6172983438043,246.79167019007645,249.62655149140514,28397400,MICROSOFT,94.58000183105469,95.61000061035156,94.2699966430664,95.33999633789062,56580400,AMAZON,337.5,344.1300048828125,336.4200134277344,342.8500061035156,5710300,NETFLIX,120.3499984741211,123.77999877929688,119.26000213623047,121.11000061035156,1731500,SPOTIFY
2023-02-22,147.0633087158203,148.0904046122651,145.3350111943411,147.02379633351947,51011300,APPLE,91.17606353759766,91.7322549459406,90.25238419014835,91.30914786599993,29891100,GOOGLE,246.71319580078125,249.48922383589215,245.56551183733654,249.24399183598243,22491100,MICROSOFT,95.79000091552734,97.01000213623047,94.80000305175781,95.0999984741211,59534100,AMAZON,334.8800048828125,341.9100036621094,332.82000732421875,337.5,4546200,NETFLIX,120.06999969482422,120.91999816894531,118.19000244140625,120.25,1919300,SPOTIFY
2023-02-23,147.54722595214844,148.47557105445037,145.41402441253163,148.22867140254277,48394200,APPLE,90.45101928710938,91.50381230278894,89.39822627142979,91.50381230278894,32423700,GOOGLE,249.91102600097656,251.94153913914087,245.70283657900748,250.6859525204274,29219100,MICROSOFT,95.81999969482422,96.43000030517578,93.66999816894531,96.12000274658203,48467000,AMAZON,323.6499938964844,331.2799987792969,314.29998779296875,331.2300109863281,13238700,NETFLIX,118.86000061035156,121.69999694824219,116.5,121.05000305175781,1356600,SPOTIFY
2023-02-24,144.8905792236328,145.36462227322275,143.91285130614398,145.28561258669828,55469600,APPLE,88.74271392822266,89.51741129495574,88.2560464297052,89.02080964166122,31295600,GOOGLE,244.46688842773438,246.21293914937976,243.3682538076719,245.19278056900376,24990900,MICROSOFT,93.5,94.13999938964844,92.31999969482422,93.52999877929688,57053800,AMAZON,317.1499938964844,321.5,314.5199890136719,319.29998779296875,6830700,NETFLIX,117.13999938964844,117.41000366210938,114.9000015258789,116.44000244140625,1612200,SPOTIFY
2023-02-27,146.08560180664062,147.32010021469048,145.62142919964901,145.87821451304222,44998500,APPLE,89.48760223388672,89.83522182062413,89.00093481245433,89.47766808068317,22724300,GOOGLE,245.38897705078125,247.99824938864867,244.63365822291965,247.6451146739916,21190000,MICROSOFT,93.76000213623047,94.77999877929688,93.13999938964844,94.27999877929688,47470300,AMAZON,323.0299987792969,330.0,322.1199951171875,323.8699951171875,6142600,NETFLIX,116.83999633789062,118.5,115.4800033569336,117.76000213623047,1593700,SPOTIFY
2023-02-28,145.58189392089844,147.23118155565606,145.00908500057525,145.22635786930326,50547000,APPLE,89.68626403808594,90.82844180947724,88.9115590728912,88.93142738298188,30546900,GOOGLE,244.66305541992188,246.69358352674163,243.9862127176486,244.3197396069621,22491000,MICROSOFT,94.2300033569336,94.69000244140625,92.91999816894531,93.13999938964844,43959300,AMAZON,322.1300048828125,327.6199951171875,321.1700134277344,323.70001220703125,3676100,NETFLIX,116.30000305175781,119.38999938964844,116.21800231933594,116.4800033569336,1198600,SPOTIFY
2023-03-01,143.50794982910156,145.40413732845008,143.2116672358624,145.0091039171703,55479000,APPLE,89.89482879638672,90.58013389010253,89.2393110103965,89.5472091723947,26323900,GOOGLE,241.57315063476562,246.14426388843702,241.10229440260224,245.9775079191277,27565300,MICROSOFT,92.16999816894531,94.68000030517578,91.58999633789062,93.87000274658203,52299500,AMAZON,313.4800109863281,326.6000061035156,312.3599853515625,321.54998779296875,4911300,NETFLIX,117.19999694824219,118.2249984741211,115.91000366210938,117.91999816894531,1314500,SPOTIFY
2023-03-02,144.10049438476562,144.89057616376812,142.1154118429578,142.5894699520932,52238100,APPLE,91.6825942993164,91.85144461943293,89.15985700522896,89.24924924264828,23328600,GOOGLE,246.32086181640625,246.60532438654516,240.92575713440505,241.84783196580932,24808200,MICROSOFT,92.12999725341797,92.2300033569336,90.38999938964844,91.41000366210938,55509400,AMAZON,311.8800048828125,315.57000732421875,310.3800048828125,310.9599914550781,4911000,NETFLIX,118.4800033569336,119.01000213623047,114.63999938964844,115.05999755859375,870000,SPOTIFY
2023-03-03,149.15701293945312,149.236022634522,145.50290119247913,146.20408774818284,70732300,APPLE,93.38096618652344,93.47035841930149,92.03021673850138,92.10966723953366,30242500,GOOGLE,250.42111206054688,250.744820108994,246.5954987021246,247.38024412553207,30760100,MICROSOFT,94.9000015258789,94.94000244140625,92.66000366210938,92.73999786376953,55759600,AMAZON,315.17999267578125,317.489990234375,310.82000732421875,315.45001220703125,5953300,NETFLIX,123.73999786376953,123.9000015258789,119.54000091552734,119.5999984741211,1779500,SPOTIFY
2023-03-06,151.9223175048828,154.36168762269136,151.55691078968073,151.8828051159328,87558000,APPLE,94.93036651611328,95.64547405392449,93.65906759446636,93.71865736343753,28288200,GOOGLE,251.9709930419922,255.15900932631095,251.0979676428436,251.53938228865584,24109800,MICROSOFT,93.75,96.55000305175781,93.73999786376953,95.19000244140625,52112400,AMAZON,312.0299987792969,323.29998779296875,311.8399963378906,317.0,5660700,NETFLIX,126.37999725341797,128.32000732421875,124.04000091552734,124.04000091552734,2092500,SPOTIFY
2023-03-07,149.7199249267578,152.11978182875635,149.25575246867027,151.79387254523385,56182000,APPLE,93.52995300292969,95.43690152155445,93.20617230351891,94.77145712873327,24101500,GOOGLE,249.30287170410156,252.7753655750459,248.5573717332823,251.41186114109584,21473200,MICROSOFT,93.55000305175781,95.08999633789062,92.77999877929688,94.05999755859375,49100700,AMAZON,308.4700012207031,314.29998779296875,306.6199951171875,312.67999267578125,4553100,NETFLIX,126.33000183105469,129.60000610351562,125.06999969482422,127.11000061035156,2110300,SPOTIFY
2023-03-08,150.9741668701172,151.5667319547554,149.94707113557456,150.9149133755646,47204800,APPLE,94.00669860839844,95.58588829793767,93.76336105969412,93.76336105969412,25395200,GOOGLE,248.86143493652344,249.68541087859464,246.0265535659087,249.19494687006076,17340200,MICROSOFT,93.91999816894531,94.16999816894531,92.18000030517578,93.5999984741211,44899100,AMAZON,311.7900085449219,311.8299865722656,305.75,309.2900085449219,3479500,NETFLIX,126.98999786376953,127.63999938964844,124.74500274658203,126.0,1272700,SPOTIFY
2023-03-09,148.7224884033203,152.6235003537422,148.36695225948466,151.65565782257428,53833600,APPLE,92.03022003173828,95.26805728523553,91.72729272669056,93.84777628448488,24438900,GOOGLE,247.50779724121094,254.6097074462763,246.78190502401517,250.94104575578916,26653400,MICROSOFT,92.25,96.20999908447266,92.18000030517578,93.68000030517578,56218700,AMAZON,297.7799987792969,312.510009765625,294.8800048828125,312.0799865722656,7443400,NETFLIX,123.93000030517578,131.3260040283203,123.5999984741211,127.0,2346000,SPOTIFY
2023-03-10,146.65838623046875,149.06812912915592,145.77942411442874,148.3471863994858,68572400,APPLE,90.39143371582031,92.546683040593,90.18286193383003,91.87130449901218,32850100,GOOGLE,243.848876953125,247.96877137415123,242.8777678562055,246.2913929515961,28333900,MICROSOFT,90.7300033569336,93.56999969482422,90.25,92.66999816894531,69827500,AMAZON,292.760009765625,298.7900085449219,289.0,297.8999938964844,5759300,NETFLIX,121.66000366210938,123.69999694824219,119.80999755859375,123.68000030517578,1571000,SPOTIFY
2023-03-13,148.6039581298828,151.2408445051467,145.86830586973156,145.97694231528436,84457100,APPLE,91.03702545166016,92.44737243270686,89.32871442558536,89.94946653811019,31508600,GOOGLE,249.07725524902344,252.99116366046172,241.0434519121512,242.68160000285428,33339700,MICROSOFT,92.43000030517578,94.0199966430664,88.12000274658203,89.97000122070312,72397100,AMAZON,293.510009765625,299.239990234375,285.3299865722656,287.3399963378906,6292400,NETFLIX,123.38999938964844,125.05000305175781,118.54499816894531,120.19999694824219,1569400,SPOTIFY
2023-03-14,150.69766235351562,151.49761478500946,148.23855155589501,149.4039106364519,73695900,APPLE,93.60940551757812,94.18546521629575,92.14939554007007,92.43742538942888,32303900,GOOGLE,255.81622314453125,256.09088178887293,250.98024029023756,251.85326561713225,33620300,MICROSOFT,94.87999725341797,95.06999969482422,92.70999908447266,93.83000183105469,60912700,AMAZON,294.94000244140625,297.45001220703125,290.30999755859375,295.9700012207031,5956700,NETFLIX,125.54000091552734,127.58000183105469,124.44000244140625,125.12000274658203,1638800,SPOTIFY
2023-03-15,151.09274291992188,151.34951317792223,148.06080742906926,149.3150621003309,77167900,APPLE,95.89378356933594,96.58902286226427,92.40763779470394,92.90423945466418,38367300,GOOGLE,260.3775329589844,261.39770646973017,254.2663406895164,255.02167441477647,46028000,MICROSOFT,96.19999694824219,96.66999816894531,93.06999969482422,93.22000122070312,70731800,AMAZON,303.7900085449219,306.30999755859375,292.2799987792969,292.510009765625,9215300,NETFLIX,125.6500015258789,125.87999725341797,121.47000122070312,123.41000366210938,1653500,SPOTIFY
2023-03-16,153.91722106933594,154.5196567133458,149.75942505583248,150.27298045799404,76161100,APPLE,100.38304901123047,101.27693342357118,95.21839530498953,95.91363452706608,54499500,GOOGLE,270.93231201171875,271.28543170497954,258.25870971450126,260.15189347519987,54768800,MICROSOFT,100.04000091552734,100.98999786376953,95.61000061035156,95.75,84446900,AMAZON,310.05999755859375,316.6000061035156,301.7099914550781,304.75,7903700,NETFLIX,129.2100067138672,130.0800018310547,124.23500061035156,125.66000366210938,1407200,SPOTIFY
2023-03-17,153.07777404785156,154.7962009363973,152.36670189187112,154.14438228182223,98944600,APPLE,101.76360321044922,102.78660133674433,100.0652265768613,100.1546112313736,76140300,GOOGLE,274.1006774902344,277.9262903351464,271.0500060727353,272.9530086045327,69527400,MICROSOFT,98.94999694824219,100.66000366210938,97.45999908447266,99.79000091552734,87300200,AMAZON,303.5,310.760009765625,300.0,310.05999755859375,6918800,NETFLIX,127.08999633789062,129.69000244140625,126.23500061035156,128.75,1665300,SPOTIFY
2023-03-20,155.44801330566406,155.86281797805782,152.23831786199295,153.14692183341302,73641400,APPLE,101.23721313476562,101.88279679822398,100.10496197379432,100.37312353190232,26033900,GOOGLE,267.03802490234375,272.187896607002,264.70341160654476,271.6974326351298,43466600,MICROSOFT,97.70999908447266,98.4800033569336,95.69999694824219,98.41000366210938,62388900,AMAZON,305.1300048828125,307.5,296.0,299.7900085449219,5113400,NETFLIX,126.41000366210938,127.44999694824219,124.56999969482422,125.33999633789062,1525900,SPOTIFY
2023-03-21,157.3046875,157.4231944974596,154.59866219140062,155.36900288355957,73938300,APPLE,105.1206283569336,105.23981547486385,101.16768366482349,101.28687078275374,33122800,GOOGLE,268.5585021972656,269.7552357131241,264.3797387846606,269.6375291272283,34558700,MICROSOFT,100.61000061035156,100.8499984741211,98.0,98.13999938964844,58597300,AMAZON,305.7900085449219,307.9200134277344,300.42999267578125,306.32000732421875,4886300,NETFLIX,128.80999755859375,129.6199951171875,126.71499633789062,127.5,1475000,SPOTIFY
2023-03-22,155.87269592285156,160.12924367096628,155.8529397304782,157.32446713632558,75701800,APPLE,103.51164245605469,106.77928201141202,103.50170830198485,104.42538761445692,32336900,GOOGLE,267.0968933105469,275.680013304396,266.98897566413984,268.1857090207041,34873300,MICROSOFT,98.69999694824219,102.0999984741211,98.61000061035156,100.44999694824219,57475400,AMAZON,293.8999938964844,306.45001220703125,293.5400085449219,306.30999755859375,5808000,NETFLIX,128.1999969482422,133.30999755859375,127.9020004272461,132.27999877929688,1793800,SPOTIFY
2023-03-23,156.95901489257812,159.5465330865828,155.72451682640147,156.86026408901787,67622100,APPLE,105.53778076171875,106.37306052241634,104.69355950436757,105.17029282679528,31385800,GOOGLE,272.364501953125,275.6996515319118,269.9514271903419,272.63916062583564,36610900,MICROSOFT,98.70999908447266,101.05999755859375,97.62000274658203,100.43000030517578,57559300,AMAZON,320.3699951171875,322.7799987792969,304.1400146484375,304.67999267578125,15653300,NETFLIX,131.0500030517578,133.5050048828125,128.77999877929688,129.0,1146200,SPOTIFY
2023-03-24,158.2626953125,158.35157558084836,155.89246440584685,156.88993369073094,59196500,APPLE,105.3391342163086,105.43846060328934,104.02810623008074,105.02130947957274,25236200,GOOGLE,275.218994140625,275.27784742962956,270.02987629936445,271.9524869231275,28172000,MICROSOFT,98.12999725341797,98.30000305175781,96.4000015258789,98.06999969482422,56095400,AMAZON,328.3900146484375,331.8299865722656,320.6300048828125,320.6300048828125,12991700,NETFLIX,128.3000030517578,130.55999755859375,127.12999725341797,130.19000244140625,1452000,SPOTIFY
2023-03-27,156.31710815429688,158.77623413977568,155.91218910395636,157.9565254779494,52390300,APPLE,102.3595199584961,104.68361940024222,101.9324422769274,104.60416132517383,25393400,GOOGLE,271.1089172363281,276.0920188893076,270.26530349087056,275.150336280782,26840200,MICROSOFT,98.04000091552734,99.33999633789062,97.08000183105469,99.06999969482422,46721300,AMAZON,327.6600036621094,336.44000244140625,324.4100036621094,327.54998779296875,8625800,NETFLIX,129.47999572753906,131.77000427246094,128.3800048828125,128.75,1670200,SPOTIFY
2023-03-28,155.6949005126953,156.52449472162644,154.04561279409856,156.01093927220384,45992200,APPLE,100.67108154296875,102.29993425894689,99.5984202195082,102.29993425894689,24913500,GOOGLE,269.9808044433594,270.8734524502473,266.8614308808072,270.53012168828354,21878600,MICROSOFT,97.23999786376953,98.44000244140625,96.29000091552734,98.11000061035156,38720100,AMAZON,323.5199890136719,333.32000732421875,321.2799987792969,326.05999755859375,6489400,NETFLIX,128.1199951171875,128.94500732421875,126.83000183105469,128.6300048828125,1148700,SPOTIFY
2023-03-29,158.77621459960938,159.0527409732352,157.37382654206215,157.39356766192319,51305700,APPLE,101.20741271972656,102.1211578913809,100.34332316406291,102.02183908186011,26148300,GOOGLE,275.16015625,275.7781457546804,273.1002012129155,273.6396997041648,25087000,MICROSOFT,100.25,100.41999816894531,98.55999755859375,98.69000244140625,49783300,AMAZON,332.0299987792969,332.8500061035156,325.7300109863281,326.2900085449219,6287300,NETFLIX,129.8699951171875,130.25,128.57000732421875,129.58999633789062,803600,SPOTIFY
2023-03-30,160.34649658203125,160.45513302219786,159.27001781009866,159.5267880006936,49501700,APPLE,100.63135528564453,100.9193851440288,99.60835712718224,100.75054240628135,25009800,GOOGLE,278.6325988769531,279.034782967191,276.1116365553152,278.80918867585996,25053400,MICROSOFT,102.0,103.04000091552734,101.01000213623047,101.55000305175781,53633400,AMAZON,338.42999267578125,343.2900085449219,335.29998779296875,340.2699890136719,7131500,NETFLIX,130.8300018310547,131.6199951171875,129.86000061035156,130.89999389648438,842300,SPOTIFY
2023-03-31,162.85496520996094,162.95373107479804,159.9020557277269,160.42548165834214,68749800,APPLE,103.29314422607422,103.48185527976155,100.75054617762977,101.01870773717607,28108000,GOOGLE,282.801513671875,283.7530149729274,277.60260755409064,278.31869572846455,32766000,MICROSOFT,103.29000091552734,103.48999786376953,101.94999694824219,102.16000366210938,56750300,AMAZON,345.4800109863281,345.8399963378906,337.20001220703125,340.04998779296875,5610200,NETFLIX,133.6199951171875,134.36000061035156,130.52000427246094,130.97000122070312,1572400,SPOTIFY
2023-04-03,164.1092529296875,164.22775993608965,162.18343872786127,162.23282167038158,56976200,APPLE,104.19696807861328,104.23668954475642,101.68415721403491,101.97218709758438,20719900,GOOGLE,281.75201416015625,282.77215792187604,278.5345709015765,281.05553359321647,24883300,MICROSOFT,102.41000366210938,103.29000091552734,101.43000030517578,102.30000305175781,41135700,AMAZON,348.2799987792969,348.5799865722656,340.3999938964844,341.8299865722656,4413700,NETFLIX,136.44000244140625,136.72500610351562,131.77000427246094,132.3699951171875,1265900,SPOTIFY
2023-04-04,163.5759735107422,164.77095946962157,163.06241797980005,164.5339454319251,46278300,APPLE,104.40553283691406,105.37886782015485,103.88906288138487,104.12742954987694,20377200,GOOGLE,281.7029724121094,284.91062700258345,280.22179108574994,281.75203678677144,25824300,MICROSOFT,103.94999694824219,104.19999694824219,102.11000061035156,102.75,48662500,AMAZON,346.75,349.79998779296875,343.95001220703125,348.489990234375,3298100,NETFLIX,134.8800048828125,136.66000366210938,133.67999267578125,135.99000549316406,1000200,SPOTIFY
2023-04-05,161.72911071777344,163.00312110973053,159.79342626688646,162.6969680127728,51511700,APPLE,104.23667907714844,105.81587620043213,103.39444313724364,105.39873264995701,21864200,GOOGLE,278.9170227050781,281.67342758285037,277.5241219148487,280.398233345537,22064800,MICROSOFT,101.0999984741211,103.91000366210938,100.75,103.91000366210938,45175400,AMAZON,342.3500061035156,345.42999267578125,336.25,345.29998779296875,4205500,NETFLIX,131.25,134.22999572753906,130.3000030517578,133.99000549316406,1046800,SPOTIFY
2023-04-06,162.61798095703125,162.9142635361202,159.9909651957649,160.41562533913125,45390100,APPLE,108.15983581542969,108.88486994702083,104.10260143442055,105.05110478252844,34684200,GOOGLE,286.03857421875,286.5094004398076,276.65108727435404,277.8085749818448,29770300,MICROSOFT,102.05999755859375,102.37999725341797,99.80000305175781,100.75,43808000,AMAZON,339.3299865722656,340.4800109863281,332.6300048828125,339.3399963378906,4660500,NETFLIX,132.47999572753906,133.2899932861328,129.07000732421875,130.0800018310547,778800,SPOTIFY
2023-04-10,160.02059936523438,160.02059936523438,158.09478511621296,159.41816361866267,47716900,APPLE,106.22308349609375,107.23615504440266,104.88226063748664,106.66009534654383,19741500,GOOGLE,283.87078857421875,284.0767750869852,279.280022455151,283.69419877058414,23103000,MICROSOFT,102.16999816894531,102.19999694824219,99.56999969482422,100.95999908447266,37261200,AMAZON,338.989990234375,339.8800048828125,333.3599853515625,335.2699890136719,2657900,NETFLIX,132.25,132.74000549316406,129.0500030517578,130.08999633789062,782400,SPOTIFY
2023-04-11,158.8058624267578,160.34651387560373,158.5194503856298,160.33664331436313,47644200,APPLE,105.39872741699219,106.49124943293918,104.56443277992452,106.19328543879949,18721300,GOOGLE,277.4358825683594,280.5258300453537,276.2686056649449,280.30020580456596,27276600,MICROSOFT,99.91999816894531,101.0,99.01000213623047,100.80000305175781,60417800,AMAZON,338.2099914550781,347.1400146484375,337.6400146484375,343.45001220703125,4044800,NETFLIX,131.27999877929688,134.88999938964844,130.86000061035156,133.36000061035156,912100,SPOTIFY
2023-04-12,158.1145477294922,160.05023261805474,157.7985089324277,159.22065338009935,50133100,APPLE,104.50485229492188,106.8557612899172,104.25655147026279,106.66010163435317,22761600,GOOGLE,278.0832824707031,281.53616835496916,276.58246375618245,279.35850689315987,27403400,MICROSOFT,97.83000183105469,100.51000213623047,97.70999908447266,100.4000015258789,56735000,AMAZON,331.0299987792969,342.79998779296875,330.0400085449219,340.80999755859375,3965400,NETFLIX,130.9199981689453,134.28500366210938,130.44000244140625,133.08999633789062,1117000,SPOTIFY
2023-04-13,163.50680541992188,163.7438344852104,159.41814822842684,159.625550544249,68445600,APPLE,107.45465087890625,107.52913808390204,105.7165453719771,105.74634025397542,21650700,GOOGLE,284.31219482421875,284.37104811494265,277.76942120916596,278.18139424423316,24222700,MICROSOFT,102.4000015258789,102.56999969482422,98.70999908447266,98.94999694824219,67925100,AMAZON,346.19000244140625,346.42999267578125,338.75,339.989990234375,7406400,NETFLIX,134.9600067138672,135.1300048828125,132.2100067138672,132.39999389648438,1120600,SPOTIFY
2023-04-14,163.1611785888672,164.2574136863755,161.7884170766324,162.5488571823505,49386500,APPLE,108.71603393554688,108.83522106124475,106.85874100883959,106.95806740235778,20758700,GOOGLE,280.68280029296875,282.9781686132696,278.2795143077269,281.52638414818057,20987900,MICROSOFT,102.51000213623047,103.19999694824219,101.11000061035156,102.06999969482422,51450500,AMAZON,338.6300048828125,344.8500061035156,336.4100036621094,342.94000244140625,5350500,NETFLIX,134.74000549316406,135.82000732421875,132.77000427246094,134.02999877929688,978800,SPOTIFY
2023-04-17,163.18089294433594,163.33891231813308,161.99577777997115,163.04262975965267,41516200,APPLE,105.69669342041016,105.98472328685942,104.60417130537009,104.71342427462808,29043400,GOOGLE,283.2920227050781,286.03863934058404,280.7023880930552,284.4004762454157,23836200,MICROSOFT,102.73999786376953,103.7300033569336,101.58999633789062,103.16000366210938,39919500,AMAZON,332.7200012207031,338.3900146484375,327.5,338.0,6136000,NETFLIX,133.77999877929688,134.375,131.4600067138672,134.07000732421875,1076700,SPOTIFY
2023-04-18,164.40553283691406,165.33387789076258,163.5956947875371,164.04012619342146,49923000,APPLE,104.40553283691406,106.32241549456636,104.06783977713886,106.27275229892479,17641400,GOOGLE,282.8702392578125,286.19559997816526,281.5361913738526,286.00922123914864,20161800,MICROSOFT,102.30000305175781,104.19999694824219,101.5199966430664,103.94999694824219,39790500,AMAZON,333.70001220703125,337.19000244140625,330.5,335.0,17944500,NETFLIX,134.57000732421875,136.28799438476562,133.56500244140625,136.16000366210938,1052200,SPOTIFY
2023-04-19,165.55116271972656,166.07458878664085,163.48707013576512,163.74385542338587,47720200,APPLE,104.30619812011719,105.00640820405924,103.09449656509996,103.5066692303592,16732000,GOOGLE,282.94873046875,283.53726339705304,279.11329789637085,280.5356257205043,17150300,MICROSOFT,104.30000305175781,105.12000274658203,101.38999938964844,101.58000183105469,58398900,AMAZON,323.1199951171875,325.75,316.1000061035156,324.2099914550781,22128300,NETFLIX,133.55999755859375,135.3800048828125,131.72999572753906,132.61000061035156,1015200,SPOTIFY
2023-04-20,164.5832977294922,165.78816920558748,163.50681889136789,164.03024493447634,52456400,APPLE,105.18022918701172,106.16151300008715,103.92879092869914,103.93872508324043,22515300,GOOGLE,280.65325927734375,283.5175818371463,279.6429047659269,279.80967567591784,23244400,MICROSOFT,103.80999755859375,105.25,103.20999908447266,103.52999877929688,57696900,AMAZON,325.3500061035156,331.42999267578125,318.3299865722656,320.3900146484375,9947800,NETFLIX,133.3300018310547,134.77000427246094,132.24000549316406,132.24000549316406,778400,SPOTIFY
2023-04-21,162.97352600097656,164.38578477260316,162.45009994594136,163.00315275355902,58337300,APPLE,105.1901626586914,105.91519680716492,104.76804823513352,105.36893197403585,22379000,GOOGLE,280.30999755859375,280.810250487239,277.6614799588713,279.57430155150945,21676400,MICROSOFT,106.95999908447266,108.1500015258789,105.08000183105469,106.0999984741211,86774200,AMAZON,327.9800109863281,328.2900085449219,319.5,323.0,6348000,NETFLIX,133.75999450683594,134.1199951171875,131.55999755859375,134.1199951171875,1362000,SPOTIFY
2023-04-24,163.27967834472656,163.54633418620037,161.85753394961128,162.95376899838274,41949600,APPLE,106.05424499511719,106.5905756754658,104.6438981565373,105.32921084435048,21410900,GOOGLE,276.3960876464844,279.5154616165311,273.40426904899283,276.70999180903164,26611000,MICROSOFT,106.20999908447266,109.2300033569336,105.06999969482422,107.66000366210938,69575600,AMAZON,329.0199890136719,334.6600036621094,326.75,330.20001220703125,5586600,NETFLIX,131.4499969482422,134.218994140625,130.2050018310547,133.10000610351562,2942300,SPOTIFY
2023-04-25,161.7390594482422,164.24755376580052,161.69954705734798,163.14144793375107,48714100,APPLE,103.89899444580078,106.7097615121501,103.84933125139733,105.88540098130595,31408100,GOOGLE,270.16717529296875,276.2293025282691,270.11811093666,274.17916681026793,45772200,MICROSOFT,102.56999969482422,105.44999694824219,102.44999694824219,104.91000366210938,65026800,AMAZON,322.54998779296875,328.6600036621094,321.1000061035156,328.5,5426600,NETFLIX,138.1999969482422,145.8800048828125,136.7100067138672,140.5,8215900,SPOTIFY
2023-04-26,161.72911071777344,163.2302645252869,160.78102468006927,161.03779484245666,45498800,APPLE,103.74007415771484,106.292606151167,102.56809404530065,104.84253034725442,37068200,GOOGLE,289.7366943359375,293.85660384994554,287.14706002026827,291.0413453207768,64599200,MICROSOFT,104.9800033569336,106.62000274658203,104.0999984741211,105.04000091552734,73803800,AMAZON,321.1499938964844,325.8999938964844,320.4700012207031,321.3599853515625,4623200,NETFLIX,133.1199951171875,140.08999633789062,133.02999877929688,138.52999877929688,2519200,SPOTIFY
2023-04-27,166.32147216796875,166.4696059197472,163.14140369362494,163.14140369362494,64902300,APPLE,107.6334457397461,108.4081431113503,103.71028810752743,104.5147879436502,38235200,GOOGLE,299.01629638671875,299.3792649257392,289.6190184598168,290.325287881764,46462600,MICROSOFT,109.81999969482422,110.86000061035156,106.80000305175781,108.16000366210938,149961200,AMAZON,325.8500061035156,327.45001220703125,317.44000244140625,324.29998779296875,5618800,NETFLIX,132.1699981689453,134.0749969482422,130.89999389648438,133.9600067138672,1991400,SPOTIFY
2023-04-28,167.57569885253906,167.7436038513408,165.79803368662212,166.40046934782268,55275900,APPLE,107.48445892333984,107.5539828490293,105.31927549503187,107.06731536920317,23957900,GOOGLE,301.39996337890625,303.038096464785,297.525285592319,298.2119472041732,36469600,MICROSOFT,105.44999694824219,109.4800033569336,104.33000183105469,107.7300033569336,130715900,AMAZON,329.92999267578125,330.80999755859375,324.0,325.239990234375,4228400,NETFLIX,133.60000610351562,133.60000610351562,128.6699981689453,131.0399932861328,1643900,SPOTIFY
2023-05-01,167.4868621826172,168.3361976788922,166.54864641883398,167.1807089926042,52472900,APPLE,106.97792053222656,107.94132889158566,106.76934876023223,106.9878546863804,20926300,GOOGLE,299.73236083984375,302.7143903771624,299.33017676280843,301.1154729285125,21294100,MICROSOFT,102.05000305175781,105.2300033569336,101.81999969482422,104.94999694824219,74728100,AMAZON,324.1199951171875,331.2300109863281,318.0899963378906,329.44000244140625,5341500,NETFLIX,138.42999267578125,138.5,133.8800048828125,134.0,1530800,SPOTIFY
2023-05-02,166.4498748779297,168.2374411469596,165.46227619804043,167.98065584567004,48425700,APPLE,105.25968170166016,106.99778735502116,103.78973758641469,106.9282634319883,20343100,GOOGLE,299.5852355957031,303.2833235211519,298.11384353910654,301.8904224714807,26404400,MICROSOFT,103.62999725341797,103.9000015258789,101.1500015258789,101.47000122070312,73469400,AMAZON,317.54998779296875,326.07000732421875,315.6199951171875,325.0,4318600,NETFLIX,136.38999938964844,138.16000366210938,135.0399932861328,138.02000427246094,1389900,SPOTIFY
2023-05-03,165.37338256835938,168.80035091617836,165.08698560494395,167.39796271242133,65136000,APPLE,105.39872741699219,107.3950604140951,104.90212581178545,105.49804622252572,17116300,GOOGLE,298.594482421875,302.7241809919645,298.29039713141395,300.7721438172862,22360800,MICROSOFT,103.6500015258789,105.95999908447266,103.27999877929688,103.73999786376953,65051900,AMAZON,319.29998779296875,324.6199951171875,315.8500061035156,317.54998779296875,5064100,NETFLIX,138.05999755859375,140.99000549316406,135.91000366210938,135.91000366210938,1670100,SPOTIFY
2023-05-04,163.73394775390625,164.96844587189068,162.27230620168868,162.8451151367803,81235400,APPLE,104.49490356445312,105.57749894927852,103.98836783109303,105.4384511130681,19780600,GOOGLE,299.5852355957031,301.8904224714807,297.61356066048836,300.39939269537876,22519900,MICROSOFT,104.0,105.38999938964844,103.30999755859375,104.04000091552734,45345500,AMAZON,320.7799987792969,323.6099853515625,317.95001220703125,319.010009765625,3879700,NETFLIX,140.47999572753906,140.9499969482422,136.58999633789062,137.47999572753906,1607900,SPOTIFY
2023-05-05,171.41749572753906,172.13843848392673,168.64233101133158,168.85960390825258,113453200,APPLE,105.49308013916016,105.71655693366536,104.02711419522396,104.60416655966024,20710600,GOOGLE,304.7253112792969,306.0201435685824,298.4669851499672,299.8893428831968,28197100,MICROSOFT,105.66000366210938,105.76000213623047,103.55000305175781,104.2699966430664,56951700,AMAZON,322.760009765625,324.1499938964844,319.44000244140625,323.6099853515625,3990600,NETFLIX,141.75,142.38999938964844,139.2899932861328,141.32000732421875,1234200,SPOTIFY
2023-05-08,171.3483428955078,171.6940084046762,169.97558155808977,170.34098818753938,55962800,APPLE,107.50431823730469,107.68309512636915,105.07097329271453,105.07593658107706,17266000,GOOGLE,302.763427734375,304.28388412845356,300.2522543951284,304.2152119824431,21318600,MICROSOFT,105.83000183105469,106.0999984741211,104.69999694824219,105.04000091552734,49430900,AMAZON,331.2099914550781,332.55999755859375,322.0299987792969,322.989990234375,5488600,NETFLIX,144.52999877929688,146.0,141.9600067138672,141.9600067138672,1851000,SPOTIFY
2023-05-09,169.6398162841797,171.38785496168964,169.47192632998963,170.9039412906591,45326900,APPLE,107.20635986328125,109.84331324601239,106.99281722693271,108.04064694542788,24782400,GOOGLE,301.14495849609375,304.12698861690245,300.468115640786,302.1258866996641,21340800,MICROSOFT,106.62000274658203,106.79000091552734,105.16000366210938,105.4800033569336,44089400,AMAZON,332.1400146484375,336.32000732421875,329.739990234375,330.6700134277344,5544900,NETFLIX,143.6999969482422,144.83999633789062,142.9199981689453,143.5800018310547,1373900,SPOTIFY
2023-05-10,171.40760803222656,171.87178057282452,169.76819076413835,170.87431142683658,53724500,APPLE,111.5168685913086,112.73851202035469,107.74270048683408,107.81222441677718,47533500,GOOGLE,306.3536376953125,307.03048044641207,301.8021470979915,302.73401078657963,30078000,MICROSOFT,110.19000244140625,110.66999816894531,108.05000305175781,108.0999984741211,78627600,AMAZON,335.4200134277344,337.1099853515625,329.510009765625,335.2099914550781,4289900,NETFLIX,147.74000549316406,147.99000549316406,143.57000732421875,145.0,1715000,SPOTIFY
2023-05-11,171.5952606201172,172.4248398461332,170.0348529885771,171.69402651016821,49514700,APPLE,116.10546112060547,117.63499503069592,114.14884951109016,115.07252883414675,57115100,GOOGLE,304.19561767578125,305.1863646978888,300.41906820391165,304.1858287503453,31680200,MICROSOFT,112.18000030517578,113.27999877929688,110.48999786376953,111.02999877929688,74924800,AMAZON,344.760009765625,345.4700012207031,331.8399963378906,334.9800109863281,8033500,NETFLIX,147.05999755859375,149.6199951171875,146.61700439453125,148.16000366210938,1319500,SPOTIFY
2023-05-12,170.6656036376953,172.13915102119938,169.1129221963601,171.70400424552835,45533100,APPLE,117.11851501464844,117.45620802996272,115.75783153267926,116.20476992445009,31293800,GOOGLE,303.07733154296875,304.7252834320708,300.7525369252092,304.62718464295926,19774700,MICROSOFT,110.26000213623047,112.63999938964844,109.31999969482422,112.16000366210938,49852700,AMAZON,339.8900146484375,348.1700134277344,337.3599853515625,344.760009765625,6082400,NETFLIX,142.52999877929688,147.0800018310547,141.1199951171875,146.6999969482422,1687000,SPOTIFY
2023-05-15,170.17112731933594,171.29854623618587,169.57774258819362,171.2490949935239,37266700,APPLE,116.1650619506836,117.9875891736298,115.68832859002951,115.69825516761887,22107900,GOOGLE,303.5579833984375,303.98959413162356,301.7236527501709,303.2048636724934,16336500,MICROSOFT,111.19999694824219,112.29000091552734,109.25,111.1500015258789,53011100,AMAZON,335.8900146484375,341.8999938964844,335.5400085449219,340.6199951171875,3653000,NETFLIX,144.22000122070312,144.3000030517578,141.10000610351562,141.8699951171875,1502500,SPOTIFY
2023-05-16,170.17112731933594,171.229311478379,169.90410268128184,170.0920083491569,42110300,APPLE,119.2737808227539,120.37623709346347,116.03594351615848,116.03594351615848,32370100,GOOGLE,305.7945556640625,307.72698546714827,303.92097915970595,303.92097915970595,26730300,MICROSOFT,113.4000015258789,114.79000091552734,111.05000305175781,111.05000305175781,71472900,AMAZON,333.75,335.1700134277344,331.9100036621094,334.0,3332200,NETFLIX,146.32000732421875,146.83999633789062,143.0399932861328,144.22000122070312,1354500,SPOTIFY
2023-05-17,170.7843017578125,171.02164360752573,168.53934785672587,169.81512066054435,57951600,APPLE,120.65432739257812,121.4488854015928,118.64805269642255,119.3631602088131,26659600,GOOGLE,308.6847229003906,309.10743681750125,305.47989738715967,307.0036775549358,24315000,MICROSOFT,115.5,115.83000183105469,114.22000122070312,114.88999938964844,65655200,AMAZON,339.9599914550781,341.3800048828125,329.6199951171875,331.760009765625,3958800,NETFLIX,146.0,147.5500030517578,145.4499969482422,146.7899932861328,1226200,SPOTIFY
2023-05-18,173.11825561523438,173.30616130301183,170.6755118549318,171.09087517456516,65496700,APPLE,122.68046569824219,123.05788779391919,120.6642642541096,120.73378818054383,27014500,GOOGLE,313.12823486328125,313.63945175242833,308.4094989697135,309.2057852767407,27276000,MICROSOFT,118.1500015258789,118.5999984741211,116.33999633789062,116.69000244140625,73174100,AMAZON,371.2900085449219,375.8699951171875,346.3699951171875,347.25,20925200,NETFLIX,151.47999572753906,152.07000732421875,144.75999450683594,145.4600067138672,1667100,SPOTIFY
2023-05-19,173.22705078125,174.44347306887536,173.00947735219142,174.44347306887536,55809500,APPLE,122.41230010986328,125.61934969441552,121.88590360171602,123.35584016285863,30268900,GOOGLE,312.95123291015625,313.3542961539549,311.01457927584767,311.378311227304,27546700,MICROSOFT,116.25,118.30999755859375,115.69999694824219,118.16000366210938,55056300,AMAZON,365.3599853515625,369.989990234375,363.80999755859375,369.8599853515625,7859700,NETFLIX,149.42999267578125,152.3000030517578,148.4499969482422,151.2100067138672,1221500,SPOTIFY
2023-05-22,172.27760314941406,172.7819846737764,171.53587981631637,172.06002976447343,43570900,APPLE,125.01448822021484,126.18646828720705,122.61093074211966,122.67052808623045,29760200,GOOGLE,315.7431945800781,317.1293303008465,312.6268717902356,313.2068809214525,24115700,MICROSOFT,115.01000213623047,116.7699966430664,114.25,116.7699966430664,70741100,AMAZON,363.010009765625,372.010009765625,362.5,365.3599853515625,5406400,NETFLIX,148.60000610351562,150.82000732421875,148.2100067138672,148.64999389648438,973200,SPOTIFY
2023-05-23,169.66676330566406,171.46668610985583,169.3898544266195,171.2194449613945,50747300,APPLE,122.45204162597656,124.56756202829578,122.2136749442812,124.08089450971853,24477900,GOOGLE,309.9234313964844,317.2571435018196,309.91359107162907,314.612676200923,30797200,MICROSOFT,114.98999786376953,117.13999938964844,113.77999877929688,114.2699966430664,67576300,AMAZON,355.989990234375,364.1700134277344,354.30999755859375,360.239990234375,6866100,NETFLIX,147.6699981689453,151.16000366210938,147.47999572753906,148.16000366210938,1445600,SPOTIFY
2023-05-24,169.9436798095703,170.51728111058472,168.63825433413288,169.2019563309073,45143500,APPLE,120.81324768066406,121.91570393960009,119.92929735809948,121.05161434873301,23087900,GOOGLE,308.5372619628906,311.14239768103363,307.3182318525054,309.4023704280069,23384900,MICROSOFT,116.75,117.33999633789062,115.0199966430664,115.3499984741211,63487900,AMAZON,364.8500061035156,367.1499938964844,356.6300048828125,356.92999267578125,7973300,NETFLIX,147.0399932861328,148.53500366210938,144.80999755859375,145.6999969482422,1085500,SPOTIFY
2023-05-25,171.0809783935547,171.98092464144923,169.7953214946183,170.50737715893996,56058300,APPLE,123.50482177734375,125.12374791339717,122.06468010570865,124.35897717270534,33812700,GOOGLE,320.4029541015625,321.36634580570205,314.5831525784272,317.76829739796784,43301700,MICROSOFT,115.0,116.87000274658203,114.30999755859375,116.62999725341797,66496700,AMAZON,359.0,367.45001220703125,357.4200134277344,359.6099853515625,6263100,NETFLIX,147.64999389648438,149.85000610351562,147.5399932861328,149.35000610351562,1107400,SPOTIFY
2023-05-26,173.4940643310547,173.83032378662378,171.1996741500605,171.40736336995897,54835000,APPLE,124.57748413085938,125.14360968107697,122.45202977898711,123.22176381435877,25154700,GOOGLE,327.2550048828125,327.75635143562505,318.3975124375742,318.5351269811533,36630600,MICROSOFT,120.11000061035156,121.5,116.0199966430664,116.04000091552734,96779900,AMAZON,378.8800048828125,383.760009765625,356.0,361.1000061035156,9360400,NETFLIX,150.30999755859375,151.00999450683594,146.82000732421875,148.0,1009900,SPOTIFY
2023-05-30,175.34341430664062,177.01476677794446,174.6214744245607,175.00716998790764,55964400,APPLE,123.7928466796875,125.52101813208961,122.05474107353933,125.43163348099218,27230700,GOOGLE,325.6033935546875,330.0567102220312,324.9250712145435,329.5553637104811,29503100,MICROSOFT,121.66000366210938,122.91999816894531,119.86000061035156,122.37000274658203,64314800,AMAZON,392.9800109863281,405.1099853515625,385.7900085449219,397.4800109863281,10865000,NETFLIX,148.00999450683594,151.85000610351562,144.57000732421875,151.85000610351562,2294300,SPOTIFY
2023-05-31,175.29397583007812,177.37080753192686,174.80937774220615,175.37309480914308,99625300,APPLE,122.53148651123047,124.05108625682428,122.26331739286722,122.85923782167312,41548800,GOOGLE,322.8311462402344,330.2533305472488,321.78906193921273,326.66512243856624,45950600,MICROSOFT,120.58000183105469,122.04000091552734,119.16999816894531,121.44999694824219,72800800,AMAZON,395.2300109863281,396.260009765625,388.9100036621094,391.8900146484375,6988000,NETFLIX,148.89999389648438,149.9499969482422,145.39999389648438,146.0800018310547,1092100,SPOTIFY
2023-06-01,178.1026153564453,178.13228308457525,174.97748387661747,175.73899077622127,68901800,APPLE,123.52469635009766,124.19014073818477,122.46196912907176,122.66060675677126,25017700,GOOGLE,326.9502258300781,327.8841566682848,319.2232906882485,320.41279996560337,26773900,MICROSOFT,122.7699966430664,123.48999786376953,119.93000030517578,120.69000244140625,54375100,AMAZON,403.1300048828125,407.5199890136719,393.0799865722656,397.4100036621094,7160100,NETFLIX,153.9199981689453,154.60000610351562,149.07000732421875,150.1999969482422,1121200,SPOTIFY
2023-06-02,178.953125,179.77396735384346,177.28177256425622,179.03224397161875,61996900,APPLE,124.37884521484375,125.88354751888016,123.5048215130662,123.64386936061456,19367500,GOOGLE,329.72247314453125,331.7869311608408,326.92071083675313,328.5919458978105,25873800,MICROSOFT,124.25,126.38999938964844,124.0199966430664,124.91999816894531,61264400,AMAZON,400.4700012207031,406.5799865722656,395.8999938964844,402.8900146484375,5902400,NETFLIX,151.74000549316406,155.0,148.77000427246094,154.3000030517578,1163900,SPOTIFY
2023-06-05,177.5982666015625,182.90900173212887,176.07525265044882,180.61461168229852,121946500,APPLE,125.76931762695312,127.12007457590772,123.53461044225399,123.76305051080706,22672500,GOOGLE,330.25335693359375,332.8290019187476,328.99502541409146,329.5455435788118,21307100,MICROSOFT,125.30000305175781,125.80000305175781,123.02999877929688,123.36000061035156,47950100,AMAZON,403.5400085449219,413.8599853515625,400.1499938964844,400.4700012207031,7247400,NETFLIX,156.33999633789062,157.1300048828125,150.25,151.10000610351562,1837600,SPOTIFY
2023-06-06,177.23236083984375,178.1323071989488,175.47198988688834,177.98396853821802,64848400,APPLE,127.0406265258789,128.0040348542417,125.1138098691533,125.73952516500479,19450100,GOOGLE,328.0316162109375,329.6930110935296,326.5471971745733,329.65367979425776,20396200,MICROSOFT,126.61000061035156,127.4000015258789,125.0,125.06999969482422,45695200,AMAZON,399.2900085449219,405.1199951171875,396.92999267578125,405.0,4991500,NETFLIX,153.02999877929688,154.8699951171875,152.46499633789062,154.10000610351562,1127700,SPOTIFY
2023-06-07,175.85769653320312,179.21028600208987,175.36321422162453,176.47084977063176,61944600,APPLE,122.10442352294922,128.66949833981357,121.79652532857206,126.7079156414643,34179300,GOOGLE,317.90594482421875,328.8278643518396,317.04083634658787,326.03594244738656,40717100,MICROSOFT,121.2300033569336,127.37000274658203,120.62999725341797,127.01000213623047,95663300,AMAZON,399.7699890136719,418.95001220703125,399.2300109863281,410.42999267578125,11932400,NETFLIX,148.30999755859375,155.67999267578125,147.5399932861328,153.0,1558000,SPOTIFY
2023-06-08,178.5773468017578,178.84435638126445,175.50166626223591,175.93679801452896,50214900,APPLE,121.83624267578125,122.88904328920802,121.18073246132641,121.75182130757703,24815000,GOOGLE,319.754150390625,321.11079515355357,317.8764784362374,318.4564875738247,23277700,MICROSOFT,124.25,125.62999725341797,122.26000213623047,123.01000213623047,62159300,AMAZON,409.3699951171875,409.5400085449219,396.3399963378906,399.7699890136719,5991100,NETFLIX,149.47000122070312,151.69000244140625,148.47000122070312,150.27000427246094,1218800,SPOTIFY
2023-06-09,178.9630584716797,180.21903277362324,178.636698310342,179.4970927690662,48900000,APPLE,122.0348892211914,123.440272765704,121.58794320057325,121.72699105297721,20304500,GOOGLE,321.2582092285156,324.4040226262237,318.9184923258724,319.48866106638036,22529000,MICROSOFT,123.43000030517578,125.80000305175781,123.19000244140625,124.08000183105469,51396000,AMAZON,420.0199890136719,425.8999938964844,414.760009765625,424.5,12363000,NETFLIX,150.47999572753906,151.72999572753906,148.36000061035156,149.5,2033100,SPOTIFY
2023-06-12,181.76177978515625,181.8606822718443,178.9729077272824,179.26960009694577,54274900,APPLE,123.50482177734375,123.90210459013463,121.51841529092877,122.55631086147115,22255700,GOOGLE,326.23260498046875,326.4783730978262,319.6558477599043,323.0179388047992,24260300,MICROSOFT,126.56999969482422,126.77999877929688,123.52999877929688,124.0199966430664,51338000,AMAZON,423.9700012207031,424.70001220703125,416.57000732421875,418.8299865722656,5959500,NETFLIX,150.60000610351562,151.3699951171875,149.1199951171875,150.88999938964844,1521500,SPOTIFY
2023-06-13,181.28709411621094,182.11782073883157,180.4266997635254,180.78272761470595,54929100,APPLE,123.58428192138672,125.00456288601805,123.003258923702,124.79599111076249,19287700,GOOGLE,328.6312561035156,331.27572305928487,324.79728003412475,328.80820192187525,22951300,MICROSOFT,126.66000366210938,128.41000366210938,125.18000030517578,128.1199951171875,50564800,AMAZON,435.7300109863281,437.2699890136719,428.3999938964844,430.010009765625,7820500,NETFLIX,151.5399932861328,152.74000549316406,149.3699951171875,151.52999877929688,1917600,SPOTIFY
2023-06-14,181.92002868652344,182.35517550952275,180.01133431975106,181.34642742806082,57462900,APPLE,123.53461456298828,123.94183152300235,121.32970976566907,122.95856245064682,24659600,GOOGLE,331.6296691894531,333.30090441787564,327.1763520230472,328.6804517282309,26003800,MICROSOFT,126.41999816894531,126.94999694824219,124.12000274658203,126.69999694824219,52422500,AMAZON,440.8599853515625,447.3299865722656,433.5,434.989990234375,8413100,NETFLIX,151.64999389648438,153.0800018310547,149.26499938964844,151.9600067138672,1750700,SPOTIFY
2023-06-15,183.9573211669922,184.4617028293976,181.75193407830622,181.9299555739799,65433200,APPLE,124.9350357055664,125.30252363003528,122.30304562013968,123.0380138915381,24517100,GOOGLE,342.2074890136719,343.9180252922513,331.492006462169,331.76726551850345,38899100,MICROSOFT,127.11000061035156,127.69000244140625,124.31999969482422,125.20999908447266,60458500,AMAZON,445.2699890136719,448.6499938964844,439.5,444.1000061035156,7099900,NETFLIX,152.17999267578125,152.24000549316406,148.1999969482422,150.0800018310547,1374500,SPOTIFY
2023-06-16,182.87933349609375,184.92649747799743,182.2365125370702,184.66935702206612,101256200,APPLE,123.216796875,125.83885293614735,122.9486353226839,125.83885293614735,56699200,GOOGLE,336.5351257324219,345.5204209141478,336.1615834609438,345.37296607001366,46552000,MICROSOFT,125.48999786376953,127.9000015258789,125.30000305175781,127.70999908447266,84247100,AMAZON,431.9599914550781,447.510009765625,430.8999938964844,446.1499938964844,8753700,NETFLIX,159.99000549316406,160.6300048828125,153.1999969482422,153.30999755859375,3532900,SPOTIFY
2023-06-20,182.96832275390625,184.0463055632048,182.37495308855412,182.37495308855412,49799100,APPLE,123.00821685791016,124.32421566640201,121.99515291111592,122.69536299741415,22698000,GOOGLE,332.32763671875,336.28941757561955,330.17470560784415,333.5663176321454,26375400,MICROSOFT,125.77999877929688,127.25,124.5,124.97000122070312,56930100,AMAZON,434.70001220703125,440.0,430.0,430.17999267578125,4756000,NETFLIX,156.82000732421875,158.77999877929688,154.82000732421875,156.1999969482422,1585600,SPOTIFY
2023-06-21,181.92996215820312,183.36395802847684,180.57507018842057,182.85957634781735,49515700,APPLE,120.43582916259766,122.5712176823766,120.03854634396957,122.39740408124571,22612000,GOOGLE,327.91363525390625,332.0130604612283,326.4488669428893,330.67606636446294,25117800,MICROSOFT,124.83000183105469,126.7300033569336,123.8499984741211,125.63999938964844,52137700,AMAZON,424.45001220703125,434.54998779296875,422.5400085449219,432.6499938964844,5146400,NETFLIX,155.92999267578125,160.8000030517578,152.8000030517578,159.3000030517578,2620500,SPOTIFY
2023-06-22,184.93638610839844,184.98583735805877,181.6431320743364,181.7123668419414,51245300,APPLE,123.02809143066406,123.09264449030236,118.78710923648109,119.83990985239453,20781900,GOOGLE,333.9595642089844,334.3626275505589,327.6973969284833,328.46419230974885,23556800,MICROSOFT,130.14999389648438,130.3300018310547,125.13999938964844,125.30999755859375,90354600,AMAZON,422.4800109863281,424.7099914550781,418.67999267578125,422.92999267578125,4869500,NETFLIX,159.08999633789062,159.1699981689453,153.5,154.4499969482422,1280500,SPOTIFY
2023-06-23,184.61990356445312,185.49019723798705,182.96833449974372,183.5023838322858,53117000,APPLE,122.1838607788086,122.60101190375572,121.03174894631987,121.21052583485735,29573100,GOOGLE,329.3489685058594,332.2392043223328,327.8055673393573,328.7001369959373,23146900,MICROSOFT,129.3300018310547,130.83999633789062,128.27999877929688,129.11000061035156,71927800,AMAZON,424.0199890136719,425.82000732421875,417.7300109863281,418.5899963378906,8298600,NETFLIX,157.49000549316406,158.30999755859375,154.64999389648438,157.0500030517578,1263800,SPOTIFY
2023-06-26,183.22547912597656,185.97479955864205,183.18591209060443,184.76826151663462,48088700,APPLE,118.28057861328125,121.88591148011491,118.18125979773666,120.64043671104724,23185000,GOOGLE,323.03759765625,330.420451002799,322.9294440913957,328.07092355992313,21520600,MICROSOFT,127.33000183105469,131.49000549316406,127.0999984741211,129.3300018310547,59989300,AMAZON,415.94000244140625,430.9599914550781,414.8999938964844,422.44000244140625,4640000,NETFLIX,153.77999877929688,158.2100067138672,152.7100067138672,156.41000366210938,1720200,SPOTIFY
2023-06-27,185.98468017578125,186.31104030447904,183.62105538648717,183.83862880561904,50730800,APPLE,118.20111846923828,119.08009787155268,116.11539320271264,117.03906493174689,27221700,GOOGLE,328.9065856933594,330.4598271003862,323.72577422605696,326.2424375190833,24354100,MICROSOFT,129.17999267578125,130.08999633789062,127.55000305175781,128.6300048828125,46801000,AMAZON,417.0799865722656,420.8800048828125,411.5,417.3900146484375,4818100,NETFLIX,158.6199951171875,159.75,155.57000732421875,156.13999938964844,1041900,SPOTIFY
2023-06-28,187.1615447998047,187.80436573389431,185.5297592960992,185.8561043245189,51216800,APPLE,120.2570571899414,120.445760663912,116.80070637736142,117.15826017099177,19753100,GOOGLE,330.16485595703125,332.258804870359,328.1593799554091,328.99499745616725,20259500,MICROSOFT,129.0399932861328,131.47999572753906,128.44000244140625,128.94000244140625,52149500,AMAZON,429.8399963378906,437.2900085449219,422.8900146484375,423.1000061035156,8811300,NETFLIX,160.57000732421875,161.66000366210938,157.47999572753906,158.32000732421875,805600,SPOTIFY
2023-06-29,187.49778747558594,187.9725013298976,186.85496654717443,186.9934209820816,46347300,APPLE,119.19432067871094,120.08820509315471,118.39975507086332,119.27377117746433,18517500,GOOGLE,329.37841796875,330.4204723833769,326.9895590748973,329.04417693018956,16997000,MICROSOFT,127.9000015258789,129.25999450683594,127.26000213623047,128.77000427246094,40761000,AMAZON,428.239990234375,437.8500061035156,426.1499938964844,434.3299865722656,4932300,NETFLIX,159.25999450683594,161.21499633789062,158.88999938964844,160.52999877929688,924800,SPOTIFY
2023-06-30,191.8294677734375,192.3338342950544,189.14936702429083,189.51529419368583,85213200,APPLE,120.1478042602539,121.20059733209916,120.05841202304715,120.27691796117499,23871800,GOOGLE,334.7754821777344,336.928413125334,331.49202397478524,332.0327017922602,26832800,MICROSOFT,130.36000061035156,131.25,128.9499969482422,129.47000122070312,54350700,AMAZON,440.489990234375,444.1199951171875,431.1000061035156,431.1000061035156,7346400,NETFLIX,160.5500030517578,161.30999755859375,159.05499267578125,160.10000610351562,1357600,SPOTIFY
2023-07-03,190.3361358642578,191.74046380244184,189.64384856353968,191.64156130508144,31458200,APPLE,119.74058532714844,120.19745792784617,118.89140076393556,119.50221866103216,13888300,GOOGLE,332.2686462402344,335.1293906566377,330.87270016823766,333.44834517518075,12508700,MICROSOFT,130.22000122070312,131.85000610351562,130.07000732421875,130.82000732421875,28264800,AMAZON,441.44000244140625,441.54998779296875,431.6199951171875,439.760009765625,3733200,NETFLIX,160.55999755859375,162.3699951171875,159.8000030517578,160.85000610351562,550300,SPOTIFY
2023-07-05,189.2185821533203,190.8503675642152,188.51641070905347,189.45593906907268,46920300,APPLE,121.79651641845703,122.53149230703713,119.24398427267846,119.24398427267846,17830300,GOOGLE,332.4259338378906,335.8666873183972,329.06384295177827,329.417734623584,18172400,MICROSOFT,130.3800048828125,131.39999389648438,129.63999938964844,130.24000549316406,35895400,AMAZON,445.8999938964844,450.9700012207031,439.6199951171875,444.9100036621094,6869500,NETFLIX,160.72999572753906,161.2100067138672,158.2899932861328,160.69000244140625,732000,SPOTIFY
2023-07-06,189.6932830810547,189.90097227103217,187.11208506779732,187.74502176003202,45094300,APPLE,120.10807037353516,120.32657630284791,118.43948859587533,119.82004051921739,17732500,GOOGLE,335.4931335449219,337.18401940600376,329.8208161509684,331.5903346098022,28161200,MICROSOFT,128.36000061035156,128.72999572753906,127.37000274658203,128.25,40639900,AMAZON,438.8399963378906,442.79998779296875,430.7200012207031,440.0,4938800,NETFLIX,156.6199951171875,159.0800018310547,155.3699951171875,158.77999877929688,1021700,SPOTIFY
2023-07-07,188.57574462890625,190.5437894270152,188.140612922507,189.29769958287028,46815000,APPLE,119.32343292236328,120.92249069504712,119.27376973089793,120.06833532910896,20997700,GOOGLE,331.5116882324219,336.0043364674082,331.295411096355,333.576146349244,21214800,MICROSOFT,129.77999877929688,130.97000122070312,128.1300048828125,128.58999633789062,41992300,AMAZON,438.1000061035156,442.3299865722656,435.8399963378906,438.6000061035156,4165100,NETFLIX,156.97000122070312,158.63999938964844,156.05999755859375,156.52000427246094,800800,SPOTIFY
2023-07-10,186.5286102294922,187.89338618022617,184.97592859390042,187.17143117099337,59922200,APPLE,116.07566833496094,118.2607124874439,115.8472282498414,118.2607124874439,32960100,GOOGLE,326.2129211425781,329.5553915067683,322.04470351324625,328.9360510569214,32791400,MICROSOFT,127.12999725341797,129.27999877929688,125.91999816894531,129.07000732421875,61889300,AMAZON,441.7099914550781,444.4100036621094,436.82000732421875,438.5199890136719,4251700,NETFLIX,157.38999938964844,159.28500366210938,155.3719940185547,156.02999877929688,846700,SPOTIFY
2023-07-11,186.00445556640625,187.21099353236755,184.54079224834234,187.07253909809666,46638100,APPLE,116.90995025634766,117.42144930905465,115.04273092843452,115.96641022723787,18286600,GOOGLE,326.84210205078125,327.2254847097536,321.4646944933152,325.45596628174627,26698200,MICROSOFT,128.77999877929688,129.77000427246094,127.3499984741211,127.75,49951500,AMAZON,440.2099914550781,440.79998779296875,431.0400085449219,438.6499938964844,4569200,NETFLIX,160.5800018310547,161.77000427246094,156.66000366210938,157.33999633789062,1160600,SPOTIFY
2023-07-12,187.67581176757812,189.584506155405,186.39015480100775,187.58679348705417,60750200,APPLE,118.80697631835938,120.13786504538717,118.19118757116681,118.48915157925278,22059600,GOOGLE,331.4920959472656,335.86675105925326,329.98799605466394,330.90224638132486,29995300,MICROSOFT,130.8000030517578,131.25999450683594,128.8300018310547,130.30999755859375,54022800,AMAZON,444.04998779296875,445.4100036621094,437.75,444.54998779296875,5731700,NETFLIX,165.7899932861328,166.1199951171875,161.375,162.0,1540500,SPOTIFY
2023-07-13,188.4373321533203,189.08016827912527,187.68572439450045,188.39778020407888,41342300,APPLE,123.9815673828125,124.48313231179097,120.2371867701117,120.71392767909752,31535900,GOOGLE,336.859619140625,337.92132421715075,333.28122091779636,333.8120884565548,20567200,MICROSOFT,134.3000030517578,134.6699981689453,132.7100067138672,134.0399932861328,61170900,AMAZON,450.3800048828125,451.6700134277344,441.17999267578125,447.0,6157500,NETFLIX,171.10000610351562,173.11000061035156,164.50999450683594,167.0,2410800,SPOTIFY
2023-07-14,188.585693359375,189.07027643612716,187.53739312345638,188.13076292792113,41616200,APPLE,124.84564971923828,126.22620167725829,124.05109163887107,124.27952415068,20499800,GOOGLE,339.3959045410156,345.4811250749577,338.48165441257885,341.70613067280914,28352700,MICROSOFT,134.67999267578125,136.64999389648438,134.05999755859375,134.05999755859375,54487100,AMAZON,441.9100036621094,456.4800109863281,439.70001220703125,452.7900085449219,7195900,NETFLIX,172.02999877929688,179.24000549316406,170.9199981689453,176.1999969482422,3640400,SPOTIFY
2023-07-17,191.8492431640625,192.17560328436687,189.69329254549467,189.7822957354681,50520200,APPLE,124.20999145507812,126.41490380144694,123.65380008033253,125.20319466857477,20675300,GOOGLE,339.87762451171875,341.116275309023,336.40738021266617,339.82845289215857,20363900,MICROSOFT,133.55999755859375,135.6199951171875,133.2100067138672,134.55999755859375,48450200,AMAZON,450.04998779296875,456.67999267578125,445.1099853515625,445.57000732421875,6891700,NETFLIX,179.1699981689453,179.4199981689453,170.77000427246094,171.77000427246094,2293000,SPOTIFY
2023-07-18,191.5920867919922,192.1854715232971,190.29654572205703,191.2162905465396,48288200,APPLE,123.23666381835938,124.14047485563204,122.46196647854292,124.05605348680996,21045800,GOOGLE,353.40472412109375,360.57133106049383,336.37793118829495,339.9759501445123,64738600,MICROSOFT,132.8300018310547,133.86000061035156,131.35000610351562,132.7100067138672,54882900,AMAZON,474.79998779296875,478.1499938964844,448.7799987792969,451.0,13041800,NETFLIX,179.5800018310547,179.81500244140625,175.7899932861328,178.5,2151500,SPOTIFY
2023-07-19,192.94699096679688,196.04243976648678,190.5240157315845,190.9690618542327,80507300,APPLE,121.94548797607422,124.61720701529471,121.63759740814825,123.94182853457329,22313800,GOOGLE,349.0693054199219,356.3243839257748,346.47401010132427,355.6264109803811,39732900,MICROSOFT,135.36000061035156,135.99000549316406,132.52999877929688,133.38999938964844,54531000,AMAZON,477.5899963378906,485.0,470.0,476.8599853515625,20996500,NETFLIX,179.83999633789062,182.0,178.05999755859375,180.0,1599500,SPOTIFY
2023-07-20,190.99871826171875,194.30185606220206,190.37566579926568,192.9370802265051,59581200,APPLE,118.71758270263672,123.85244166241573,117.87832474792128,121.28998304837813,27541700,GOOGLE,340.9983215332031,351.91043126765385,339.52371292046627,347.58491867049014,33778400,MICROSOFT,129.9600067138672,134.7899932861328,129.3300018310547,134.07000732421875,59820600,AMAZON,437.4200134277344,448.5,432.0,447.0,23989700,NETFLIX,172.47999572753906,177.58999633789062,171.44000244140625,177.00999450683594,1918500,SPOTIFY
2023-07-21,189.82186889648438,192.8184304455329,189.11969738642375,191.95803606721273,71951700,APPLE,119.49227905273438,120.47555571347311,118.26070916021418,120.04847801833975,56514600,GOOGLE,337.95074462890625,344.37020537421716,334.0774374716023,343.2396782599956,69405400,MICROSOFT,130.0,131.3699951171875,128.4199981689453,131.33999633789062,133307300,AMAZON,427.5,438.239990234375,423.19000244140625,437.3699951171875,17340000,NETFLIX,171.7100067138672,179.60000610351562,171.17999267578125,173.49000549316406,2560200,SPOTIFY
2023-07-24,190.6229248046875,192.759091941705,190.1284425094743,191.27564505606543,45377800,APPLE,121.05160522460938,122.51161516437215,120.55500361666499,121.09729778588722,22276100,GOOGLE,339.2680969238281,341.04748554440357,336.515506241867,339.99559089055157,26678100,MICROSOFT,128.8000030517578,131.66000366210938,128.35000610351562,130.30999755859375,45591100,AMAZON,428.3699951171875,428.6400146484375,419.19000244140625,425.0,8264400,NETFLIX,163.72000122070312,169.52000427246094,159.6699981689453,169.52000427246094,3944900,SPOTIFY
2023-07-25,191.4833221435547,192.29428036369316,190.79104993758423,191.19652904765346,37283200,APPLE,121.95542907714844,122.84931352572141,120.7039908491463,121.0516104742748,31820800,GOOGLE,345.0387878417969,345.933387393559,339.2288259183692,341.23427216529524,41637700,MICROSOFT,129.1300048828125,129.5800018310547,128.52999877929688,129.30999755859375,39236700,AMAZON,427.70001220703125,430.8800048828125,426.1300048828125,427.17999267578125,4859800,NETFLIX,140.3800048828125,152.64999389648438,139.1529998779297,150.10000610351562,14609900,SPOTIFY
2023-07-26,192.35357666015625,193.4809954775818,191.18660590632945,191.53273439363775,47471900,APPLE,128.7787322998047,130.47710130804813,127.83519227799407,129.47397151823998,46216900,GOOGLE,332.0523681640625,338.83559201935464,327.47124698104943,335.66025722913804,58383700,MICROSOFT,128.14999389648438,129.0800018310547,126.11000061035156,126.51000213623047,53910100,AMAZON,422.6700134277344,425.260009765625,415.5899963378906,424.20001220703125,6009200,NETFLIX,149.1300048828125,149.2100067138672,141.10000610351562,141.69000244140625,7091400,SPOTIFY
2023-07-27,191.08775329589844,195.02382842734414,190.4251487828704,193.85685736898512,47460200,APPLE,128.9873046875,132.6919638210211,128.3019920018063,130.90419489205476,35931600,GOOGLE,325.1217041015625,335.55208782574067,323.47995999932067,334.71650028968384,39635300,MICROSOFT,128.25,132.6300048828125,127.79000091552734,131.0,52610700,AMAZON,413.1700134277344,427.5199890136719,411.8800048828125,426.8999938964844,6594500,NETFLIX,144.52000427246094,151.8000030517578,142.88499450683594,151.47000122070312,5155100,SPOTIFY
2023-07-28,193.66893005371094,194.46010471349214,191.9975775461535,192.52172755154825,48291400,APPLE,132.10598754882812,133.1587959529934,130.03019594223358,130.07985914654702,26971000,GOOGLE,332.6422424316406,334.25449575832243,327.53028334914546,328.02181960713494,28484900,MICROSOFT,132.2100067138672,133.00999450683594,129.3300018310547,129.69000244140625,46317400,AMAZON,425.7799987792969,427.4700012207031,413.760009765625,415.55999755859375,6424200,NETFLIX,148.60000610351562,149.3300018310547,142.6300048828125,146.0500030517578,2965600,SPOTIFY
2023-07-31,194.2821044921875,194.3216715292241,193.10523413200033,193.89640887829788,38824100,APPLE,132.20529174804688,132.9203993357979,131.23195675836118,132.10596535610605,18381900,GOOGLE,330.2336730957031,331.9835406579094,327.71698030864405,331.2167454340434,25446000,MICROSOFT,133.67999267578125,133.8699951171875,132.3800048828125,133.1999969482422,41901500,AMAZON,438.9700012207031,439.1300048828125,426.29998779296875,426.510009765625,6587600,NETFLIX,149.41000366210938,151.30999755859375,148.08999633789062,149.6999969482422,1873700,SPOTIFY
2023-08-01,193.4513702392578,194.55900578654655,193.12501010327395,194.074422779809,35175100,APPLE,130.99359130859375,132.01658956295688,129.86134007778986,129.96562218777584,22154300,GOOGLE,330.64654541015625,332.8093165466115,328.0512500473967,329.5160182255947,18311900,MICROSOFT,131.69000244140625,133.69000244140625,131.6199951171875,133.5500030517578,42098500,AMAZON,438.6199951171875,445.25,431.3999938964844,437.3699951171875,5711500,NETFLIX,150.83999633789062,152.8000030517578,148.0500030517578,148.61000061035156,1684500,SPOTIFY
2023-08-02,190.4547882080078,193.02608689409655,189.73284833699685,192.887632465541,50389300,APPLE,127.7656478881836,129.53354821744418,126.98101651937522,128.95748859312334,22705800,GOOGLE,321.95623779296875,327.9824769066263,320.8355207632289,327.9824769066263,27761300,MICROSOFT,128.2100067138672,130.22999572753906,126.81999969482422,130.14999389648438,51027600,AMAZON,429.70001220703125,435.55999755859375,426.55999755859375,435.2300109863281,4912200,NETFLIX,146.50999450683594,150.19000244140625,143.83999633789062,149.2100067138672,2163900,SPOTIFY
2023-08-03,189.0603485107422,190.2471029357017,188.58564975883863,189.4559433793295,61235200,APPLE,127.894775390625,128.88797855244223,126.90653551670292,127.49748503285159,15018100,GOOGLE,321.13043212890625,324.2959264406298,320.4324591287807,320.4816007481319,18253700,MICROSOFT,128.91000366210938,129.83999633789062,126.41000366210938,127.4800033569336,88585200,AMAZON,431.0,441.92999267578125,427.19000244140625,427.79998779296875,6243900,NETFLIX,145.4199981689453,147.4199981689453,143.74000549316406,144.57000732421875,1682100,SPOTIFY
2023-08-04,179.98165893554688,185.31217710978225,179.9124241755589,183.47270249377223,115956800,APPLE,127.66634368896484,131.033302221636,127.44288204270669,128.71915190218343,20521900,GOOGLE,322.2314147949219,329.466842018238,321.7005473897124,326.26201694369183,23741500,MICROSOFT,139.57000732421875,143.6300048828125,139.32000732421875,141.05999755859375,153128500,AMAZON,431.6000061035156,436.5,426.2699890136719,433.05999755859375,5441800,NETFLIX,144.1199951171875,146.5,143.0399932861328,145.27000427246094,1456700,SPOTIFY
2023-08-07,176.87632751464844,181.10909486166798,175.39288059142936,180.1201302461886,97576100,APPLE,131.04324340820312,131.162422952378,128.55029347196347,128.6297515531065,17621000,GOOGLE,324.5220642089844,325.50513675634573,321.9759099114376,322.8115275768934,17741500,MICROSOFT,142.22000122070312,142.5399932861328,138.9499969482422,140.99000549316406,71213100,AMAZON,440.760009765625,441.1099853515625,428.9100036621094,436.4599914550781,4781300,NETFLIX,141.99000549316406,145.10000610351562,141.10000610351562,145.10000610351562,1646200,SPOTIFY
2023-08-08,177.81582641601562,178.28064095471063,175.6203239410226,177.70703971354655,67823000,APPLE,130.9438934326172,131.04321980492534,129.24552461371513,130.08973815802776,16836000,GOOGLE,320.5307312011719,323.1850385754183,317.5323725014756,321.42533064951436,22327600,MICROSOFT,139.94000244140625,140.83999633789062,138.4199981689453,140.6199951171875,51710500,AMAZON,438.29998779296875,443.57000732421875,435.1000061035156,440.3599853515625,3767200,NETFLIX,138.3699951171875,141.4199981689453,137.22000122070312,141.13999938964844,2483900,SPOTIFY
2023-08-09,176.22360229492188,178.93335560733482,175.05661623443876,178.87402014653773,60378500,APPLE,129.26539611816406,131.56963491821122,128.62479093757165,131.29153922235432,17745200,GOOGLE,316.77545166015625,321.5728200955336,315.6154033490083,320.9436693175295,22373300,MICROSOFT,137.85000610351562,140.32000732421875,137.10000610351562,139.97000122070312,50017300,AMAZON,428.8999938964844,440.6199951171875,427.5899963378906,439.739990234375,3846600,NETFLIX,139.08999633789062,140.17999267578125,137.4199981689453,138.47000122070312,1671100,SPOTIFY
2023-08-10,176.00599670410156,178.7553165480653,175.64008470247452,177.49932752598426,54686900,APPLE,129.32498168945312,131.74541411638845,129.15116811678422,131.07301368111305,17855700,GOOGLE,317.46356201171875,322.70335468908695,315.74318531670457,320.5012521187965,20113700,MICROSOFT,138.55999755859375,140.41000366210938,137.49000549316406,139.07000732421875,58928400,AMAZON,429.9800109863281,438.1199951171875,428.69000244140625,431.1199951171875,5467600,NETFLIX,136.42999267578125,140.69900512695312,135.22000122070312,140.33999633789062,2643600,SPOTIFY
2023-08-11,176.06544494628906,176.88739582771854,174.83748251539495,175.60001780962375,52036700,APPLE,129.28526306152344,129.5534321779395,127.87491628883082,128.32384002810613,15205500,GOOGLE,315.5760803222656,316.95237568031445,313.8065320039268,314.83877602320496,24355500,MICROSOFT,138.41000366210938,139.3300018310547,137.0,137.39999389648438,42905800,AMAZON,421.6600036621094,430.6300048828125,421.3299865722656,428.9800109863281,3927900,NETFLIX,138.67999267578125,139.19500732421875,135.89500427246094,136.38999938964844,1578500,SPOTIFY
2023-08-14,177.71926879882812,177.94703359876078,175.59011444303226,176.24371615843643,43675600,APPLE,130.93399047851562,131.01344855968142,128.7092096711116,128.96745222367028,17526200,GOOGLE,318.55474853515625,318.57439918031054,314.66176072368876,315.94961300542656,18836100,MICROSOFT,140.57000732421875,140.58999633789062,137.75,138.3000030517578,47148700,AMAZON,427.7799987792969,428.8500061035156,418.7799987792969,421.989990234375,3966000,NETFLIX,139.3800048828125,139.6649932861328,135.33999633789062,137.3000030517578,1942900,SPOTIFY
2023-08-15,175.72874450683594,177.73905244130324,175.3326305229056,177.1448814654077,43622600,APPLE,129.3845977783203,131.09290866202494,128.93665909031213,130.6956182500706,14769200,GOOGLE,316.4116516113281,319.58698609657176,315.46791055727243,317.53236848882136,16966300,MICROSOFT,137.6699981689453,141.27999877929688,137.22999572753906,140.0500030517578,42781500,AMAZON,423.70001220703125,429.1199951171875,421.0400085449219,424.4100036621094,3368000,NETFLIX,133.42999267578125,138.5800018310547,133.27000427246094,138.3800048828125,2125300,SPOTIFY
2023-08-16,174.85728454589844,176.80816171418965,174.78795629022963,175.4118501481314,46964900,APPLE,128.2324981689453,130.00834036232038,127.5869219878073,128.40134093701093,17548400,GOOGLE,315.64324951171875,319.6035867530306,315.0521512600074,316.03730499135764,20698900,MICROSOFT,135.07000732421875,137.27000427246094,135.00999450683594,137.19000244140625,41675900,AMAZON,415.45001220703125,424.510009765625,415.25,423.7300109863281,3967000,NETFLIX,134.35000610351562,136.13999938964844,132.27999877929688,132.60000610351562,1584900,SPOTIFY
2023-08-17,172.3122100830078,175.78815784652573,171.79724982185638,175.42175166053434,66062900,APPLE,129.5733184814453,131.5905051929233,128.9674638187799,129.56337674848115,23665600,GOOGLE,312.17547607421875,317.09138289389267,311.5154099370182,315.78114184058643,21257200,MICROSOFT,133.97999572753906,136.08999633789062,133.52999877929688,135.4600067138672,48354100,AMAZON,403.0,415.239990234375,401.5799865722656,415.0,6031500,NETFLIX,131.57000732421875,134.85400390625,131.19000244140625,134.35000610351562,1129300,SPOTIFY
2023-08-18,172.7974853515625,173.4015690710498,170.29202708322546,170.62872552076746,61172200,APPLE,127.23927307128906,128.9475839288437,126.13681682199599,128.182813158233,23627200,GOOGLE,311.7814636230469,313.6532496991234,306.9246328799907,309.8209872544114,24755000,MICROSOFT,133.22000122070312,134.07000732421875,131.14999389648438,131.6199951171875,48497700,AMAZON,404.5299987792969,406.5199890136719,398.1499938964844,399.3299865722656,4312200,NETFLIX,131.8699951171875,132.47500610351562,129.22999572753906,129.89999389648438,1587300,SPOTIFY
2023-08-21,174.13433837890625,174.4215338244587,172.05471756473415,173.3718183024321,46311900,APPLE,128.05368041992188,128.38143929227465,126.29572167968155,126.9810267302367,21851100,GOOGLE,317.1012878417969,317.97805902911256,312.3331473900361,313.20991857735174,24040000,MICROSOFT,134.67999267578125,135.19000244140625,132.7100067138672,133.74000549316406,41442500,AMAZON,408.2900085449219,409.6099853515625,399.5,402.2300109863281,3861600,NETFLIX,132.49000549316406,132.97000122070312,130.0,131.9199981689453,1234700,SPOTIFY
2023-08-22,175.51087951660156,175.95651153189084,174.54038966607246,175.34253031574917,42038900,APPLE,128.80853271484375,130.05996336176372,128.04873283009252,128.25234131621266,15557900,GOOGLE,317.6726989746094,321.23895106672995,316.68754513415576,320.66757506765094,16084600,MICROSOFT,134.25,135.64999389648438,133.72999572753906,135.0800018310547,32905400,AMAZON,413.1700134277344,415.739990234375,407.3999938964844,409.0,3599700,NETFLIX,133.44000244140625,134.02999877929688,131.0449981689453,133.0,871000,SPOTIFY
2023-08-23,179.36314392089844,179.78898080878903,176.60021337314086,176.78837280424742,52722800,APPLE,132.3046112060547,133.1587666047098,129.62295031499127,129.96065093684385,26497000,GOOGLE,322.1452941894531,324.31264458594995,318.6578413021839,319.012512305478,21166400,MICROSOFT,135.52000427246094,135.9499969482422,133.22000122070312,134.5,42801000,AMAZON,427.54998779296875,437.0199890136719,417.7099914550781,418.3999938964844,8174700,NETFLIX,138.24000549316406,139.00999450683594,133.11000061035156,133.22000122070312,1629300,SPOTIFY
2023-08-24,174.66915893554688,179.34337721750424,174.3027375760952,178.9175402621367,54945800,APPLE,129.5335693359375,134.05264726921672,129.41438979253613,133.81130263179728,18680400,GOOGLE,315.21966552734375,328.0365262054767,315.20980436860924,327.9084513999614,23281400,MICROSOFT,131.83999633789062,136.77999877929688,131.8300018310547,136.39999389648438,43646300,AMAZON,406.92999267578125,427.5899963378906,406.1700134277344,425.4100036621094,5687800,NETFLIX,135.75999450683594,140.32000732421875,135.25999450683594,139.17999267578125,1415800,SPOTIFY
2023-08-25,176.87750244140625,177.41225784961358,174.1145717959043,175.6594375427037,51449600,APPLE,129.80174255371094,130.50690841449438,127.16974469838915,129.25547770410984,20678100,GOOGLE,318.1850280761719,320.5296691823198,314.0670617875572,316.69743601682603,21684100,MICROSOFT,133.25999450683594,133.8699951171875,130.5800018310547,132.47000122070312,44147500,AMAZON,416.0299987792969,419.25,407.55999755859375,412.0,5390900,NETFLIX,137.22000122070312,138.80999755859375,133.69000244140625,138.80999755859375,1360400,SPOTIFY
2023-08-28,178.44216918945312,178.83828316683332,176.8180777049469,178.34313313971825,43820700,APPLE,130.8942413330078,132.33439807807176,129.96064306758947,131.18227874405176,16715500,GOOGLE,318.894287109375,321.30789580516176,316.943671823176,320.8251800789058,14808500,MICROSOFT,133.13999938964844,133.9499969482422,131.85000610351562,133.77999877929688,34108400,AMAZON,418.05999755859375,419.8299865722656,413.2699890136719,418.0400085449219,2928600,NETFLIX,141.25999450683594,142.14999389648438,138.25999450683594,138.88999938964844,1530400,SPOTIFY
2023-08-29,182.33404541015625,183.10647826164347,177.7588638881504,177.95692088146865,53003900,APPLE,134.56912231445312,136.36184701971675,132.0761722999378,132.0940552941573,30803300,GOOGLE,323.53436279296875,324.09590767397725,317.1013096869728,317.1013096869728,19284600,MICROSOFT,134.91000366210938,135.13999938964844,133.25,133.3800048828125,38646100,AMAZON,429.989990234375,432.1700134277344,414.5,416.0,4486700,NETFLIX,144.50999450683594,144.8000030517578,140.5,140.61000061035156,1045700,SPOTIFY
2023-08-30,185.82980346679688,186.027875570887,182.9480417259573,183.14609871926743,60813900,APPLE,135.9993133544922,136.31714566801028,134.10329175046678,134.64857148727685,21773400,GOOGLE,323.9087219238281,324.913567962967,321.6034656708571,323.79050827975385,15222100,MICROSOFT,135.07000732421875,135.67999267578125,133.9199981689453,134.92999267578125,36137000,AMAZON,434.6700134277344,438.1600036621094,428.3500061035156,430.8500061035156,3625400,NETFLIX,149.4499969482422,149.60000610351562,144.39500427246094,144.63999938964844,1624600,SPOTIFY
2023-08-31,186.04766845703125,187.28554353881972,185.66145203594442,186.0179606639307,60794500,APPLE,136.41647338867188,137.45932468428813,135.89007687495427,136.1185093806048,28147900,GOOGLE,322.89404296875,325.99727165516003,321.92858135018474,324.3126669507392,26411000,MICROSOFT,138.00999450683594,138.7899932861328,135.0,135.05999755859375,58781300,AMAZON,433.67999267578125,437.1499938964844,431.2300109863281,431.2300109863281,3803000,NETFLIX,153.97000122070312,154.9199981689453,149.82000732421875,149.9499969482422,2305400,SPOTIFY
2023-09-01,187.62222290039062,188.0777523855515,186.45366117824025,187.65193068808472,45766500,APPLE,135.87022399902344,137.63812478459252,135.0160684949219,137.48913518609672,16671600,GOOGLE,323.7806701660156,327.06121928059684,321.9285761050108,326.3913218734916,14942000,MICROSOFT,138.1199951171875,139.9600067138672,136.8800048828125,139.4600067138672,40991500,AMAZON,439.8800048828125,445.5,435.92999267578125,437.7300109863281,4793400,NETFLIX,157.55999755859375,158.50999450683594,155.1999969482422,155.55999755859375,1454400,SPOTIFY
2023-09-05,187.8599090576172,188.13719185182467,185.79018566129048,186.45368485534252,45280000,APPLE,135.7808074951172,136.4363100475222,134.63861479479334,135.51263840476955,17730200,GOOGLE,328.5980224609375,329.8787403792181,323.78063623976607,324.1155849082222,18553900,MICROSOFT,137.27000427246094,137.8000030517578,135.82000732421875,137.72999572753906,40636700,AMAZON,448.67999267578125,453.45001220703125,438.0,438.3900146484375,6155900,NETFLIX,159.32000732421875,160.84500122070312,154.8699951171875,156.02999877929688,1710300,SPOTIFY
2023-09-06,181.13580322265625,187.01818850408822,179.70976859554776,186.57254135003106,81755800,APPLE,134.449951171875,136.54561113543494,133.77458007522338,136.08377515124675,15814300,GOOGLE,327.93798828125,329.4945179929177,325.2780611047277,328.43056516101285,17535800,MICROSOFT,135.36000061035156,137.4499969482422,134.61000061035156,136.32000732421875,41785500,AMAZON,445.760009765625,451.3900146484375,440.489990234375,448.6099853515625,3862300,NETFLIX,160.47000122070312,163.64999389648438,159.05499267578125,161.89999389648438,2066500,SPOTIFY
2023-09-07,175.8376922607422,176.48139642487362,171.85668142571674,173.48077306769622,112488800,APPLE,135.27427673339844,135.65169880997274,133.04951120010622,133.6851606603438,16976000,GOOGLE,325.0120544433594,328.1349747754007,324.145114393927,326.3715713331962,18381000,MICROSOFT,137.85000610351562,138.02999877929688,133.16000366210938,133.89999389648438,48498900,AMAZON,443.1400146484375,444.6000061035156,436.70001220703125,441.1499938964844,2922700,NETFLIX,160.10000610351562,161.9499969482422,157.7899932861328,158.57000732421875,1892700,SPOTIFY
2023-09-08,176.45166015625,178.4916910043361,176.06544373133067,176.62002446653017,65551300,APPLE,136.26748657226562,136.58034802933074,134.94652439525694,134.94652439525694,17810700,GOOGLE,329.3073425292969,331.16929760056996,324.5687552625587,325.189406952983,19530100,MICROSOFT,138.22999572753906,138.85000610351562,136.75,136.86000061035156,38348200,AMAZON,442.79998779296875,446.80999755859375,438.8500061035156,443.55999755859375,2697500,NETFLIX,155.47000122070312,161.19000244140625,154.39999389648438,159.8300018310547,1713200,SPOTIFY
2023-09-11,177.62022399902344,178.5511084974291,175.619813594627,178.3233437087065,58953100,APPLE,136.8038330078125,137.32427361716273,135.6219186127161,136.4462792005151,17180800,GOOGLE,332.9228820800781,333.395766733697,330.45013638799065,332.2332623849475,16583300,MICROSOFT,143.10000610351562,143.6199951171875,138.63999938964844,138.75,56764500,AMAZON,445.3599853515625,449.8900146484375,442.75,443.07000732421875,2913800,NETFLIX,157.66000366210938,158.07000732421875,154.81500244140625,155.99000549316406,1102200,SPOTIFY
2023-09-12,174.5898895263672,178.38274026371693,173.12424978673155,177.7489488808384,90370200,APPLE,135.1451873779297,136.70450875989152,135.0061243597757,136.19798050621228,15212900,GOOGLE,326.844482421875,331.7899739966765,326.55880945144554,330.8343735583372,17565500,MICROSOFT,141.22999572753906,143.0,140.61000061035156,142.32000732421875,42668500,AMAZON,434.69000244140625,445.44000244140625,434.1199951171875,442.8500061035156,3124000,NETFLIX,154.64999389648438,158.27000427246094,154.02000427246094,156.64999389648438,1059700,SPOTIFY
2023-09-13,172.52017211914062,175.58019553637163,172.2923922361182,174.79785006313273,84267900,APPLE,136.56546020507812,136.76409784345125,134.0129203289883,134.97632878793235,16394900,GOOGLE,331.0707702636719,331.8490501523294,326.2533840096043,326.39128990249543,16544400,MICROSOFT,144.85000610351562,144.97999572753906,140.8699951171875,140.9499969482422,60465200,AMAZON,412.239990234375,438.3999938964844,410.69000244140625,435.5,11843000,NETFLIX,155.49000549316406,155.57000732421875,151.11000061035156,153.13999938964844,1249500,SPOTIFY
2023-09-14,174.0353546142578,174.39186327435525,171.89630265367322,172.31222690532334,60895800,APPLE,138.04531860351562,138.60150997223292,136.1284285416027,137.4493906198453,19064600,GOOGLE,333.671630859375,335.79953678134956,331.573248286681,334.1149320662403,20267000,MICROSOFT,144.72000122070312,145.86000061035156,142.9499969482422,145.0800018310547,64033600,AMAZON,400.489990234375,411.3900146484375,400.0,410.3999938964844,10709000,NETFLIX,157.14999389648438,158.8000030517578,154.64999389648438,155.2899932861328,1491600,SPOTIFY
2023-09-15,173.31240844726562,174.78796097983732,172.13396406629226,174.76815074757482,109259500,APPLE,137.36000061035156,138.41279353936486,136.2476027612339,137.85660219234484,48958800,GOOGLE,325.3174743652344,332.39087111470906,324.7559295090808,331.91801655332216,37679800,MICROSOFT,140.38999938964844,143.57000732421875,140.08999633789062,142.69000244140625,102909300,AMAZON,396.94000244140625,404.70001220703125,395.0299987792969,401.0,9116700,NETFLIX,158.5800018310547,158.66000366210938,153.91000366210938,156.67999267578125,1497600,SPOTIFY
2023-09-18,176.2436981201172,177.64002479353724,174.46115503817452,174.76814563074643,67257600,APPLE,138.01551818847656,138.97891131384375,136.69455616317524,136.69455616317524,16233600,GOOGLE,324.1746826171875,325.494785002062,321.5147555316382,322.93337930199704,16834200,MICROSOFT,139.97999572753906,141.75,139.22000122070312,140.47999572753906,42823500,AMAZON,394.3999938964844,399.4700012207031,392.6000061035156,395.5,4704700,NETFLIX,159.24000549316406,160.1999969482422,155.5399932861328,157.36000061035156,1208800,SPOTIFY
2023-09-19,177.33303833007812,177.88760394386657,175.4118538031827,175.7980702206982,51826900,APPLE,137.8863983154297,138.22905462249415,136.56543627683354,137.31033865652537,15479100,GOOGLE,323.7707824707031,324.49981670881084,319.69226147159173,321.32762034749874,16505900,MICROSOFT,137.6300048828125,138.83999633789062,135.55999755859375,138.6999969482422,61482500,AMAZON,396.20001220703125,398.2300109863281,390.25,392.8399963378906,4076800,NETFLIX,160.1699981689453,160.89999389648438,156.27999877929688,158.5,1281900,SPOTIFY
2023-09-20,173.7877655029297,177.95692035427507,173.69862701203755,177.52118590379774,58436200,APPLE,133.67523193359375,137.89634606670882,133.60571558145466,137.88641948928324,21473500,GOOGLE,316.00775146484375,324.6968145876131,315.7516319386517,324.61801551751694,21436500,MICROSOFT,135.2899932861328,139.3699951171875,135.1999969482422,138.5500030517578,46263700,AMAZON,386.29998779296875,397.989990234375,386.1199951171875,397.04998779296875,3866600,NETFLIX,160.77000427246094,167.74000549316406,160.7100067138672,163.02999877929688,1707400,SPOTIFY
2023-09-21,172.2428741455078,174.5898954535224,172.17356100214752,172.856870429388,63149100,APPLE,130.4671630859375,132.28472662301442,130.1989939988076,131.49016109212243,22058400,GOOGLE,314.78619384765625,320.5197962034768,310.3234483172927,314.5202131437501,35560400,MICROSOFT,129.3300018310547,132.24000549316406,129.30999755859375,131.94000244140625,70343300,AMAZON,384.1499938964844,395.8999938964844,383.4200134277344,386.5,5547900,NETFLIX,154.05999755859375,158.7899932861328,153.69000244140625,158.52000427246094,1610800,SPOTIFY
2023-09-22,173.09454345703125,175.36233909077248,172.36173107244514,172.97571228348323,56725400,APPLE,130.35794067382812,132.10597312722533,129.62296473343812,130.7850108431209,17348700,GOOGLE,312.3035888671875,316.6776737677098,311.4563410385971,316.5495989744166,21447900,MICROSOFT,129.1199951171875,132.02999877929688,128.52000427246094,131.11000061035156,59904300,AMAZON,379.80999755859375,386.8800048828125,378.3599853515625,385.0,3692800,NETFLIX,156.35000610351562,159.5500030517578,155.92999267578125,156.3800048828125,1205900,SPOTIFY
2023-09-25,174.3720245361328,175.25339092524624,172.46073769252675,172.51025571431984,46172700,APPLE,131.2716827392578,131.32134593693718,129.14622821227016,129.88120413471643,14650000,GOOGLE,312.8257751464844,312.9538499627099,310.3234758438393,311.88986692369065,17836000,MICROSOFT,131.27000427246094,131.77999877929688,128.77000427246094,129.36000061035156,46017800,AMAZON,384.79998779296875,386.6199951171875,380.80999755859375,382.8999938964844,3757300,NETFLIX,155.52000427246094,156.35000610351562,151.49000549316406,155.6699981689453,1436800,SPOTIFY
2023-09-26,170.29202270507812,173.50058556280408,169.99492963397503,173.12428177613603,64588900,APPLE,128.57017517089844,130.51188960738952,127.31874436149458,130.02422941259695,20378800,GOOGLE,307.5059509277344,311.19041687093375,305.4173994181049,310.45155145037705,26297600,MICROSOFT,125.9800033569336,130.38999938964844,125.27999877929688,130.1199951171875,73048200,AMAZON,379.25,384.55999755859375,377.3599853515625,382.8800048828125,4089400,NETFLIX,152.36000061035156,157.0,151.27999877929688,154.02000427246094,1327200,SPOTIFY
2023-09-27,168.77682495117188,171.36150860467507,167.41022120055555,170.94558441007192,66921800,APPLE,130.56651306152344,130.82474046483253,128.50064836981147,128.5602381432613,18764200,GOOGLE,308.1462707519531,309.6338325713444,305.0922879071992,307.6635249378913,19410100,MICROSOFT,125.9800033569336,127.4800033569336,124.12999725341797,125.76000213623047,66553400,AMAZON,377.5899963378906,384.2200012207031,376.25,382.3999938964844,3843500,NETFLIX,153.75,155.47999572753906,152.0500030517578,153.3300018310547,703800,SPOTIFY
2023-09-28,169.03431701660156,170.36131544966938,165.99408862675534,167.69740591218968,56294400,APPLE,132.22515869140625,133.26801002061293,129.8017402418512,129.8017402418512,18201400,GOOGLE,308.983642578125,310.7963219055671,304.85584588034675,306.3729610383482,19683600,MICROSOFT,125.9800033569336,126.58000183105469,123.04000091552734,124.04000091552734,54555000,AMAZON,376.3599853515625,378.9599914550781,371.1000061035156,375.6000061035156,4369900,NETFLIX,153.52999877929688,154.5500030517578,147.86000061035156,150.8000030517578,995400,SPOTIFY
2023-09-29,169.54928588867188,171.39124466953126,168.68771453081845,170.35142654777866,51861100,APPLE,130.953857421875,133.97318869928992,130.42746090033583,133.1686964741104,23237300,GOOGLE,311.0623474121094,314.7271211637731,310.3037897238297,313.03265523419714,24147300,MICROSOFT,127.12000274658203,129.14999389648438,126.31999969482422,128.1999969482422,62411700,AMAZON,377.6000061035156,382.5799865722656,375.3500061035156,380.0,4205300,NETFLIX,154.63999938964844,158.89999389648438,154.52000427246094,157.35000610351562,1477400,SPOTIFY
2023-10-02,172.0646514892578,172.60931959526494,169.2719978061565,169.55919331240622,52164500,APPLE,134.25128173828125,134.43999278095146,131.16738988460972,131.25677454006015,19210400,GOOGLE,317.0224914550781,317.11118175682213,310.50077789049766,311.5844531197729,20570000,MICROSOFT,129.4600067138672,130.47000122070312,126.54000091552734,127.27999877929688,48029700,AMAZON,380.3299865722656,384.80999755859375,376.79998779296875,377.4800109863281,3102100,NETFLIX,158.11000061035156,159.61000061035156,154.69000244140625,155.2899932861328,999100,SPOTIFY
2023-10-03,170.72772216796875,171.9458021063211,169.1630613901914,170.58908076573104,49594600,APPLE,132.3939971923828,134.320813935823,131.91229300652276,134.01290819587905,19628700,GOOGLE,308.73736572265625,316.6185961714055,306.5897075763458,316.0668823806455,21033500,MICROSOFT,124.72000122070312,128.52000427246094,124.25,128.05999755859375,51565000,AMAZON,376.75,394.8999938964844,372.8500061035156,377.1099853515625,8878100,NETFLIX,154.50999450683594,159.55999755859375,152.32000732421875,157.44000244140625,1226200,SPOTIFY
2023-10-04,171.9755096435547,172.5201776911012,169.31160010164683,169.43043127173715,53020300,APPLE,135.34381103515625,135.64177504098322,132.52310228908374,132.75154994809577,22848000,GOOGLE,314.224609375,315.2885921855911,309.33825553994615,309.36780894776786,20720100,MICROSOFT,127.0,127.36000061035156,125.68000030517578,126.05999755859375,44203900,AMAZON,376.8999938964844,380.2200012207031,373.5799865722656,376.5,4303700,NETFLIX,159.5800018310547,159.97999572753906,154.1199951171875,154.2100067138672,1433600,SPOTIFY
2023-10-05,173.21339416503906,173.74814957044222,171.00501406167223,172.1042477774046,48527900,APPLE,135.0657196044922,135.57224782184414,133.54114893132785,135.20476745759348,15922900,GOOGLE,314.6186828613281,315.22950343215035,310.22490561454885,314.35270217569223,16965600,MICROSOFT,125.95999908447266,126.7300033569336,124.33000183105469,126.70999908447266,39660600,AMAZON,372.5899963378906,378.6000061035156,367.239990234375,378.010009765625,5034800,NETFLIX,157.30999755859375,159.57000732421875,154.6199951171875,158.72999572753906,1299100,SPOTIFY
2023-10-06,175.7683563232422,176.26350633418187,171.50015053588783,172.1141468247828,57266700,APPLE,137.78707885742188,138.23998837759044,134.02284531119523,134.02284531119523,20826700,GOOGLE,322.40142822265625,324.30276775869294,311.60412139660474,311.8504098359206,25673600,MICROSOFT,127.95999908447266,128.4499969482422,124.12999725341797,124.16000366210938,46836700,AMAZON,381.510009765625,382.5199890136719,367.7699890136719,368.42999267578125,4778100,NETFLIX,160.52999877929688,161.3800048828125,154.8300018310547,155.63999938964844,1156500,SPOTIFY
2023-10-09,177.25381469726562,177.3132302836497,174.09475506108697,175.09495269037185,42390800,APPLE,138.55184936523438,139.01865609163104,135.77087731470144,137.05211795696582,16599100,GOOGLE,324.9234313964844,325.3962859760922,318.3819957765028,319.9286944478217,19891200,MICROSOFT,128.25999450683594,128.7899932861328,124.76000213623047,126.22000122070312,38773700,AMAZON,385.95001220703125,387.1700134277344,377.760009765625,378.04998779296875,3299800,NETFLIX,156.4499969482422,157.8300018310547,153.1649932861328,155.83999633789062,1412000,SPOTIFY
2023-10-10,176.65965270996094,177.97675379399942,176.22391820266617,176.37247229967042,43698000,APPLE,138.25389099121094,139.78343250100227,137.48912023631527,138.561781577511,19554900,GOOGLE,323.5146484375,326.18440663278744,322.8053365479783,326.0464706793637,20557100,MICROSOFT,129.47999572753906,130.74000549316406,128.0500030517578,128.82000732421875,42178600,AMAZON,373.32000732421875,388.70001220703125,372.25,385.5799865722656,7288900,NETFLIX,157.60000610351562,160.14999389648438,155.21499633789062,156.2100067138672,1601400,SPOTIFY
2023-10-11,178.0559539794922,178.10547200469523,175.87729686757618,176.4714678376734,47551100,APPLE,140.7368927001953,141.25336261602536,138.889534111917,138.89947584332884,20146300,GOOGLE,327.4848327636719,327.87888826275554,324.25352956797366,326.2927750434713,20063200,MICROSOFT,131.8300018310547,132.0500030517578,129.61000061035156,129.74000549316406,40741800,AMAZON,365.92999267578125,377.80999755859375,365.3399963378906,372.7799987792969,9151400,NETFLIX,156.57000732421875,159.74000549316406,153.30999755859375,157.4199981689453,1531600,SPOTIFY
2023-10-12,178.95713806152344,180.57131695227565,177.30332359387822,178.3233466007442,56743100,APPLE,139.33648681640625,141.41229326892307,138.50219966649095,141.1937873265529,18173100,GOOGLE,326.2434997558594,328.6768305739905,323.8397223458632,325.66226268620113,19313100,MICROSOFT,132.3300018310547,134.47999572753906,131.22999572753906,132.1699981689453,55528600,AMAZON,361.20001220703125,368.8299865722656,359.04998779296875,366.4800109863281,7376100,NETFLIX,158.1199951171875,162.4600067138672,156.02000427246094,159.52000427246094,1992700,SPOTIFY
2023-10-13,177.11517333984375,180.1652842541005,176.41205364228972,179.6602366589199,51427100,APPLE,137.63812255859375,140.37935835866287,137.0322679067029,139.69404561987548,19438700,GOOGLE,322.86444091796875,328.8738545851508,321.5147550613679,327.44539972348696,21072400,MICROSOFT,129.7899932861328,133.30999755859375,128.9499969482422,132.97999572753906,45786600,AMAZON,355.67999267578125,358.92999267578125,352.04998779296875,355.6400146484375,6312600,NETFLIX,153.55999755859375,157.69000244140625,152.89999389648438,156.86000061035156,1759000,SPOTIFY
2023-10-16,176.98641967773438,177.34292828713865,174.79784999846225,175.0355274416581,52517000,APPLE,139.5351104736328,139.94728309632643,138.37306465275998,138.7802664102757,17345600,GOOGLE,327.70159912109375,331.1496376805438,325.69187679980854,326.1351780044602,22158000,MICROSOFT,132.5500030517578,133.07000732421875,130.42999267578125,130.69000244140625,42832900,AMAZON,360.82000732421875,363.0799865722656,354.7699890136719,356.2099914550781,5128900,NETFLIX,158.1199951171875,158.25999450683594,152.7899932861328,153.52000427246094,1396300,SPOTIFY
2023-10-17,175.43165588378906,176.6893412361662,173.1044597256959,174.93650583601004,57549400,APPLE,140.03172302246094,140.2899503956798,137.5874514301005,139.07824129313033,17424000,GOOGLE,327.130126953125,328.50933608538344,322.5491683767467,324.69679617301375,18338500,MICROSOFT,131.47000122070312,132.5800018310547,128.7100067138672,130.38999938964844,49344600,AMAZON,355.7200012207031,362.70001220703125,353.8900146484375,361.1000061035156,5908400,NETFLIX,157.3300018310547,159.36000061035156,156.57000732421875,157.4499969482422,1048600,SPOTIFY
2023-10-18,174.13433837890625,175.85746571988707,173.41142365141627,173.87686583356435,54764400,APPLE,138.33334350585938,141.02493090489875,137.76225468439802,139.79335345416348,18304900,GOOGLE,325.2091369628906,330.60779111602983,323.42601082295175,327.5538080369347,23153600,MICROSOFT,128.1300048828125,130.6699981689453,127.51000213623047,129.89999389648438,42699500,AMAZON,346.19000244140625,354.7900085449219,344.7300109863281,351.0,11429600,NETFLIX,148.9199981689453,156.1750030517578,148.66000366210938,156.0,1736100,SPOTIFY
2023-10-19,173.758056640625,176.11496052795673,173.4906713911534,174.33241738277906,59302900,APPLE,138.035400390625,140.04664631187856,137.65799341473772,138.84983443006533,21831200,GOOGLE,326.40118408203125,331.87863713798964,325.99726739172553,327.2188485573751,25052100,MICROSOFT,128.39999389648438,132.24000549316406,127.47000122070312,130.57000732421875,60961400,AMAZON,401.7699890136719,408.95001220703125,392.260009765625,404.739990234375,28074400,NETFLIX,149.97000122070312,154.52999877929688,149.55999755859375,152.61000061035156,1678100,SPOTIFY
2023-10-20,171.20306396484375,173.718419244541,170.96538653172513,173.60948564320893,64244000,APPLE,135.8106231689453,138.09497860916554,135.31897723552584,137.64804016021287,24970300,GOOGLE,321.8201904296875,326.9922476443287,320.6183016458001,326.7952048674921,25027700,MICROSOFT,125.16999816894531,128.1699981689453,124.97000122070312,128.0500030517578,56406400,AMAZON,400.9599914550781,410.6400146484375,398.010009765625,405.6300048828125,12782900,NETFLIX,149.9199981689453,151.4499969482422,145.75999450683594,149.3000030517578,1941900,SPOTIFY
2023-10-23,171.32192993164062,172.3221276665047,168.28170114730867,169.25220619662628,55980100,APPLE,136.9627227783203,138.07512072917788,134.1916923655936,135.30407516137223,20780700,GOOGLE,324.43084716796875,327.79022513571806,319.57404629112153,320.63799913570296,24374700,MICROSOFT,126.55999755859375,127.87999725341797,123.9800033569336,124.62999725341797,48260000,AMAZON,406.8399963378906,407.5400085449219,398.5199890136719,403.32000732421875,7390000,NETFLIX,154.61000061035156,155.8300018310547,145.7899932861328,146.05999755859375,3272700,SPOTIFY
2023-10-24,171.7576446533203,171.98540943587548,169.78694209599936,171.3714282347356,43816600,APPLE,139.16761779785156,139.7536191627128,137.80693435867346,138.21415127940227,26535200,GOOGLE,325.62286376953125,326.9134127609565,322.73637053310733,326.38142132445483,31153600,MICROSOFT,128.55999755859375,128.8000030517578,126.33999633789062,127.73999786376953,46477400,AMAZON,413.7300109863281,416.69000244140625,408.3900146484375,409.67999267578125,6459200,NETFLIX,170.6300048828125,173.4499969482422,163.0,163.97999572753906,7498600,SPOTIFY
2023-10-25,169.44032287597656,171.38130226309403,168.99467582198773,170.21275560708338,57157000,APPLE,125.80905151367188,129.21574647830838,125.2329918208008,128.88798759330868,58796100,GOOGLE,335.6123046875,341.0602031290591,332.6075680385585,339.8976989816489,55053800,MICROSOFT,121.38999938964844,126.33999633789062,120.79000091552734,126.04000091552734,74577500,AMAZON,411.25,418.8399963378906,410.1099853515625,416.0199890136719,6299600,NETFLIX,161.82000732421875,170.5,160.0500030517578,169.94000244140625,4657800,SPOTIFY
2023-10-26,165.27117919921875,169.71763198356828,164.06301189675906,168.71741923518283,70625300,APPLE,122.60100555419922,124.60727268606843,121.48861524118378,123.62400363880583,33907400,GOOGLE,323.0220947265625,336.5580983520132,322.086186588402,335.48428431504954,37828500,MICROSOFT,119.56999969482422,121.63999938964844,118.3499984741211,120.62999725341797,100419500,AMAZON,403.5400085449219,417.30999755859375,401.5400085449219,411.4200134277344,6849700,NETFLIX,158.3800048828125,165.35000610351562,155.0,162.75,2981500,SPOTIFY
2023-10-27,166.58827209472656,167.32109955610002,165.21175565878588,165.29098147440297,58499100,APPLE,122.56128692626953,123.59421925232625,120.63447012790027,123.18700226811843,37367700,GOOGLE,324.91357421875,331.7209906231655,323.5245037451174,325.52436476789876,29856500,MICROSOFT,127.73999786376953,130.02000427246094,125.5199966430664,126.19999694824219,125309300,AMAZON,397.8699951171875,410.2099914550781,395.6199951171875,406.4200134277344,4997600,NETFLIX,159.35000610351562,162.05999755859375,158.10000610351562,158.58999633789062,1971300,SPOTIFY
2023-10-30,168.63818359375,169.5096524459554,167.23195938000526,167.38051344932887,51131000,APPLE,124.89530944824219,125.6898750840977,123.03801663151515,123.61407633863341,24165600,GOOGLE,332.3022155761719,334.41045907381,326.9035620962308,328.46012188812404,22828100,MICROSOFT,132.7100067138672,133.0,128.55999755859375,129.72000122070312,72485500,AMAZON,410.0799865722656,412.82000732421875,399.4100036621094,402.3500061035156,5317100,NETFLIX,162.6699981689453,164.27000427246094,159.75,161.1999969482422,1959300,SPOTIFY
2023-10-31,169.11354064941406,169.24226937820893,166.27136928302133,167.70731641765212,44846000,APPLE,124.44837951660156,125.69981024889596,123.082724946229,125.41178037565804,21123400,GOOGLE,333.0903625488281,333.9671639293421,329.7211531293836,333.8193968608595,20265300,MICROSOFT,133.08999633789062,133.57000732421875,131.7100067138672,132.75,51589400,AMAZON,411.69000244140625,412.5199890136719,404.6300048828125,409.239990234375,3877600,NETFLIX,164.75999450683594,165.57000732421875,161.38999938964844,163.02999877929688,1566400,SPOTIFY
2023-11-01,172.28250122070312,172.53997379429074,168.46983997695696,169.34130885799144,56934900,APPLE,126.70294189453125,126.87178463321261,124.07592255785823,124.48809525006872,26536600,GOOGLE,340.9321594238281,342.26212297561244,334.6074592327571,334.7453951862708,28158800,MICROSOFT,137.0,137.35000610351562,133.7100067138672,133.9600067138672,61529400,AMAZON,420.19000244140625,420.6000061035156,414.17999267578125,414.7699890136719,4806100,NETFLIX,167.6300048828125,167.89999389648438,163.64999389648438,165.0,1366100,SPOTIFY
2023-11-02,175.84759521484375,176.05554977286621,173.75806140886317,173.8174769968696,77334800,APPLE,127.70606994628906,129.2058013303489,127.2392632274276,128.6794048439865,24091700,GOOGLE,343.1488037109375,343.65121174149834,339.6514894286655,342.0848206936706,24348100,MICROSOFT,138.07000732421875,138.80999755859375,136.47000122070312,138.72999572753906,52236700,AMAZON,424.7099914550781,426.69000244140625,417.1000061035156,421.1700134277344,4476000,NETFLIX,167.30999755859375,171.0,167.24000549316406,170.5,2154900,SPOTIFY
2023-11-03,174.93649291992188,175.10485722122255,171.66851493448934,172.5498813500308,79829200,APPLE,129.48390197753906,129.8414557513251,128.1331449604673,128.21260303853958,19529400,GOOGLE,347.562255859375,349.12867689079525,342.17346325846154,344.43933508440006,23637700,MICROSOFT,138.60000610351562,139.49000549316406,137.4499969482422,138.99000549316406,44059800,AMAZON,432.3599853515625,434.82000732421875,425.5299987792969,428.760009765625,3667100,NETFLIX,169.97999572753906,170.9499969482422,167.0500030517578,167.5,1370100,SPOTIFY
2023-11-06,177.49148559570312,177.68954259678722,174.50079012453784,174.66913933099835,63841300,APPLE,130.5565643310547,130.665817294883,129.04689114590306,129.33492857557724,15360400,GOOGLE,351.2368469238281,352.2318617799553,348.1040653780775,348.2025867608286,23828300,MICROSOFT,139.74000549316406,140.72999572753906,138.36000061035156,138.75999450683594,44970400,AMAZON,434.739990234375,435.0299987792969,429.6099853515625,434.3800048828125,3003200,NETFLIX,167.24000549316406,169.69500732421875,165.58999633789062,169.5800018310547,1127200,SPOTIFY
2023-11-07,180.05638122558594,180.67036248552094,177.23401974281032,177.4419743130807,70530000,APPLE,131.50010681152344,132.37413053825398,130.2486761478604,131.0829632569691,19223800,GOOGLE,355.177490234375,357.07882980965496,352.3205502922459,354.0642616553695,25833900,MICROSOFT,142.7100067138672,143.3699951171875,140.5,140.5500030517578,53553500,AMAZON,434.6099853515625,437.6400146484375,431.0,436.17999267578125,3291100,NETFLIX,165.5,168.77000427246094,165.27999877929688,168.4499969482422,1474000,SPOTIFY
2023-11-08,181.11599731445312,181.67056299140017,179.82860407252238,180.581241871906,49340300,APPLE,132.354248046875,132.63234372011158,131.26173366061062,131.4603712621971,15093600,GOOGLE,357.807861328125,358.4678975179717,355.1971797857397,356.31040835628005,26767800,MICROSOFT,142.0800018310547,143.1199951171875,141.22000122070312,142.97000122070312,44521700,AMAZON,436.6499938964844,438.07000732421875,433.67999267578125,435.0,2356800,NETFLIX,169.97000122070312,170.3000030517578,164.8300018310547,165.8699951171875,1403300,SPOTIFY
2023-11-09,180.640625,182.33402952271553,180.04643896103886,181.18529301725127,53763500,APPLE,130.79493713378906,133.04951273258644,130.6161526699025,132.45358472640288,17976500,GOOGLE,355.33514404296875,359.3742808349746,355.01002643681795,356.9212273081889,24847300,MICROSOFT,140.60000610351562,142.64999389648438,139.83999633789062,142.02000427246094,36235400,AMAZON,435.1499938964844,440.3800048828125,434.3500061035156,438.0299987792969,2735500,NETFLIX,170.27999877929688,175.14999389648438,170.2100067138672,171.1999969482422,1451000,SPOTIFY
2023-11-10,184.83509826660156,185.00368436987887,181.98919780050704,182.4255062616545,66133400,APPLE,133.14881896972656,133.35739831059152,129.9804983273355,130.63601607853604,20872900,GOOGLE,364.1817932128906,364.60540210202504,355.7094651076726,356.1232128388484,28042100,MICROSOFT,143.55999755859375,143.64999389648438,139.91000366210938,140.4600067138672,49287800,AMAZON,447.239990234375,447.4800109863281,435.510009765625,437.4800109863281,4440600,NETFLIX,170.97999572753906,171.6699981689453,167.63999938964844,169.52000427246094,977400,SPOTIFY
2023-11-13,183.24856567382812,184.46823531200093,182.66352248721634,184.26000678217753,43627500,APPLE,132.73167419433594,133.19848090776173,131.8675922654779,132.45357851251777,16409900,GOOGLE,361.2361755371094,362.9996091955093,360.4677568025591,362.7533207541214,19986500,MICROSOFT,142.58999633789062,143.22999572753906,140.6699981689453,142.0800018310547,35680600,AMAZON,444.6199951171875,448.42999267578125,442.6000061035156,447.25,2896100,NETFLIX,171.1699981689453,173.22999572753906,169.02000427246094,170.0,1307500,SPOTIFY
2023-11-14,185.8664093017578,186.53078271340215,184.7359804157126,186.1242211071054,60108400,APPLE,134.50949096679688,136.3072013402471,134.18174727439643,134.7279968651151,22317300,GOOGLE,364.7729187011719,366.4280000793841,361.89628618895415,365.5019530209893,27683900,MICROSOFT,145.8000030517578,147.25999450683594,144.67999267578125,145.0,56674600,AMAZON,448.6499938964844,454.0799865722656,445.6400146484375,448.7799987792969,4060900,NETFLIX,174.41000366210938,175.0,171.0500030517578,174.55999755859375,1236100,SPOTIFY
2023-11-15,186.4315948486328,187.90909130382101,186.20353000343164,186.2729495954029,53790500,APPLE,135.4530792236328,135.90994428285046,134.41021266356032,135.71130664166537,15840900,GOOGLE,364.92095947265625,368.33650132266115,362.39381940746347,366.51026176358704,26860100,MICROSOFT,143.1999969482422,147.2899932861328,142.58999633789062,147.05999755859375,63875700,AMAZON,461.94000244140625,462.75,452.45001220703125,452.80999755859375,5035300,NETFLIX,173.75999450683594,176.64999389648438,173.67999267578125,174.42999267578125,1248100,SPOTIFY
2023-11-16,188.11732482910156,189.356830641734,187.06621119021287,187.9785007833142,54412900,APPLE,137.75729370117188,137.93607817454426,135.1551059232679,136.0291296706895,17615100,GOOGLE,371.33746337890625,371.5151437395558,365.4243947338304,366.19437308883926,27182300,MICROSOFT,142.8300018310547,143.32000732421875,139.52000427246094,140.91000366210938,49653500,AMAZON,466.95001220703125,467.2799987792969,459.6499938964844,463.0,3656000,NETFLIX,175.27999877929688,176.33999633789062,170.6199951171875,171.85000610351562,1301500,SPOTIFY
2023-11-17,188.09751892089844,188.78172866103995,186.98692637498098,188.65281519385715,50922700,APPLE,136.00926208496094,137.0620551562761,134.55917860130444,136.88328583703222,25565300,GOOGLE,365.0986633300781,369.56058551454436,362.2852703283084,368.81033934726474,40157000,MICROSOFT,145.17999267578125,145.22999572753906,142.5399932861328,142.66000366210938,49636700,AMAZON,465.9100036621094,467.6499938964844,462.760009765625,466.95001220703125,2798500,NETFLIX,176.0500030517578,177.02000427246094,174.6699981689453,175.72000122070312,1024200,SPOTIFY
2023-11-20,189.8427276611328,190.29887250675844,188.2859160609316,188.2958266614519,46505100,APPLE,136.9825897216797,137.4841622099929,134.56911311094566,134.57903968756656,19569400,GOOGLE,372.59112548828125,374.00274740716367,366.2338561414442,366.4510310616974,52465100,MICROSOFT,146.1300048828125,146.6300048828125,144.72999572753906,145.1300048828125,41951200,AMAZON,474.4700012207031,476.760009765625,465.3999938964844,465.3999938964844,3617600,NETFLIX,179.86000061035156,180.9499969482422,175.0,175.0399932861328,1317300,SPOTIFY
2023-11-21,189.03953552246094,189.91215257469014,188.14709726863614,189.8030754431615,38134500,APPLE,137.67784118652344,138.0204975488539,136.76906680496015,137.00247019444495,17648100,GOOGLE,368.2773132324219,371.38684030809384,366.35235211982354,370.8439180073763,28423100,MICROSOFT,143.89999389648438,144.0500030517578,141.5,143.91000366210938,71226000,AMAZON,474.95001220703125,477.0199890136719,471.2099914550781,472.6300048828125,2997700,NETFLIX,178.67999267578125,180.17999267578125,178.00999450683594,178.5399932861328,1479400,SPOTIFY
2023-11-22,189.70388793945312,191.31028267101584,189.22792193208022,189.88238464889707,39617700,APPLE,139.06832885742188,140.14099022883187,138.05525725857697,138.15458364957178,17306400,GOOGLE,372.9958801269531,374.9109599374389,370.1528738051793,373.14394709672723,23345300,MICROSOFT,146.7100067138672,147.74000549316406,144.57000732421875,144.57000732421875,45669100,AMAZON,478.0,482.70001220703125,476.55999755859375,476.79998779296875,2841600,NETFLIX,181.1999969482422,182.5,179.0,179.6300048828125,1229900,SPOTIFY
2023-11-24,188.37515258789062,189.2973377280717,187.66119596873028,189.26759079649733,24048300,APPLE,137.28054809570312,138.72764589165334,136.5356456925598,138.59156844459474,8828600,GOOGLE,372.5812683105469,373.1143395355948,370.32070891042537,372.4825469539782,10176600,MICROSOFT,146.74000549316406,147.1999969482422,145.32000732421875,146.6999969482422,22378400,AMAZON,479.55999755859375,480.3999938964844,475.20001220703125,477.1099853515625,1404700,NETFLIX,181.6999969482422,182.30499267578125,178.72999572753906,179.22000122070312,499100,SPOTIFY
2023-11-27,188.1966552734375,189.0692722786972,187.31412766791345,188.3255687303111,40552600,APPLE,137.11172485351562,138.68098795774316,136.60518144814702,136.63499149118078,17886400,GOOGLE,373.74609375,375.75004385501524,371.36708082466845,371.9396164792958,22179200,MICROSOFT,147.72999572753906,149.25999450683594,146.8800048828125,147.52999877929688,53762400,AMAZON,479.1700134277344,482.0,475.3500061035156,479.0299987792969,3625900,NETFLIX,183.0399932861328,184.48500061035156,181.36000061035156,182.0,1204300,SPOTIFY
2023-11-28,188.80152893066406,189.47582799498892,187.8099242301234,188.1867388581487,38415400,APPLE,137.67784118652344,137.71757780669284,136.108578101595,136.6945795859927,17046900,GOOGLE,377.7835998535156,378.07973380889825,373.3019152003715,373.4894767472904,20453100,MICROSOFT,147.02999877929688,147.60000610351562,145.52999877929688,146.97999572753906,42711700,AMAZON,479.0,480.5,475.95001220703125,478.1099853515625,2890200,NETFLIX,182.61000061035156,184.9199981689453,182.0399932861328,183.0,845900,SPOTIFY
2023-11-29,187.78016662597656,190.47733246859286,187.3835308205802,189.29732052111245,43014200,APPLE,135.472900390625,138.72067885765495,135.36861830576555,138.04033714082453,21014700,GOOGLE,373.9830627441406,379.36303057120796,372.5911728680929,378.8299894382341,28963400,MICROSOFT,146.32000732421875,148.5399932861328,145.97000122070312,147.85000610351562,40610900,AMAZON,477.19000244140625,480.989990234375,474.489990234375,479.0,2855500,NETFLIX,182.30999755859375,184.27999877929688,180.4199981689453,183.0,1013300,SPOTIFY
2023-11-30,188.35531616210938,188.7222202024886,186.61009727764167,188.2462390361622,48794400,APPLE,133.00975036621094,136.02909611889757,131.88742607237486,135.47288968176787,29913500,GOOGLE,374.0422668457031,375.2071005292818,370.64645702621425,373.6276491974568,30554400,MICROSOFT,146.08999633789062,146.92999267578125,144.3300018310547,144.75999450683594,65814000,AMAZON,473.9700012207031,478.5899963378906,470.4200134277344,475.30999755859375,4287300,NETFLIX,185.11000061035156,185.58999633789062,180.64599609375,183.02999877929688,1597400,SPOTIFY
2023-12-01,189.63450622558594,189.95181189166442,187.64137090627887,188.73214223180454,45704800,APPLE,132.4138641357422,132.59263344572554,131.2537883158629,132.4138641357422,24268000,GOOGLE,369.69879150390625,373.3018950187399,366.5398888981319,371.91988642578656,33040500,MICROSOFT,147.02999877929688,147.25,145.5500030517578,146.0,39951800,AMAZON,465.739990234375,475.2300109863281,464.6000061035156,473.1700134277344,4341500,NETFLIX,180.69000244140625,183.33999633789062,179.66000366210938,180.72999572753906,1628200,SPOTIFY
2023-12-04,187.8396759033203,188.45448112204545,185.87630278327032,188.38506152852514,43389500,APPLE,129.7421417236328,130.5565604849325,128.5204908490656,130.40163011784776,24117100,GOOGLE,364.3977966308594,364.77288959280634,358.23793933360014,364.3583020623017,32063300,MICROSOFT,144.83999633789062,145.35000610351562,142.80999755859375,145.25,48294200,AMAZON,453.8999938964844,461.20001220703125,451.20001220703125,460.989990234375,5157700,NETFLIX,194.1699981689453,201.4149932861328,192.0,193.0,6862800,SPOTIFY
2023-12-05,191.79620361328125,192.76797210608754,188.58339853026055,188.61316059527184,66628400,APPLE,131.4901885986328,132.63236636910744,128.84826409665897,129.48391362332904,19235100,GOOGLE,367.73431396484375,368.287117368969,360.9229626368156,361.7423166959654,23065000,MICROSOFT,146.8800048828125,148.57000732421875,143.1300048828125,143.5500030517578,46822400,AMAZON,455.1499938964844,456.3900146484375,449.5799865722656,450.70001220703125,3380700,NETFLIX,199.32000732421875,199.97000122070312,191.25999450683594,192.89999389648438,3133100,SPOTIFY
2023-12-06,190.70542907714844,193.1249319103576,190.4971854261922,192.8175368647406,41089700,APPLE,130.5366973876953,132.40392436898622,130.4175178459377,131.9967073945423,16360600,GOOGLE,364.0621337890625,369.37302349150957,363.30203657488124,368.74126102951465,21182100,MICROSOFT,144.52000427246094,147.85000610351562,144.27999877929688,147.5800018310547,39679000,AMAZON,446.7300109863281,460.5,445.7300109863281,460.0,4178800,NETFLIX,193.7899932861328,202.8800048828125,193.5800018310547,199.0,1864600,SPOTIFY
2023-12-07,192.63905334472656,193.3629205543118,191.96475426663108,192.0044269286476,47477700,APPLE,137.5089874267578,139.04845550081836,135.30407499140995,135.6715705006872,38419400,GOOGLE,366.1845397949219,366.67811645989656,361.61401505717174,363.4994815324385,23118900,MICROSOFT,146.8800048828125,147.9199981689453,145.33999633789062,146.14999389648438,52352800,AMAZON,452.0,452.8900146484375,448.32000732421875,450.8500061035156,3506700,NETFLIX,195.82000732421875,196.3000030517578,193.02000427246094,193.9499969482422,1238700,SPOTIFY
2023-12-08,194.0669708251953,194.34461894265894,192.04408867717459,192.56963798027982,53406400,APPLE,135.71127319335938,137.0521034622798,134.6485537396497,134.73793838289058,23016100,GOOGLE,369.4223937988281,369.6494197796378,363.4994739427989,364.45701385787805,20154400,MICROSOFT,147.4199981689453,147.83999633789062,145.39999389648438,145.47999572753906,41906000,AMAZON,453.760009765625,455.5,450.760009765625,450.760009765625,3458400,NETFLIX,198.0500030517578,198.38999938964844,191.0,192.25999450683594,1729700,SPOTIFY
2023-12-11,191.55819702148438,191.8656072016425,189.81297812056516,191.48879255742054,60943700,APPLE,133.78445434570312,133.8738389873556,131.98675916211255,132.9104459244179,24502900,GOOGLE,366.530029296875,366.82619337920636,361.3968499172915,363.7462797263503,27708800,MICROSOFT,145.88999938964844,146.19000244140625,143.63999938964844,145.66000366210938,50907300,AMAZON,459.8900146484375,470.6499938964844,457.2099914550781,459.3599853515625,4929700,NETFLIX,197.75999450683594,200.0,196.32000732421875,200.0,1593200,SPOTIFY
2023-12-12,193.0753631591797,193.08527375940776,190.11045957675134,191.45904261144975,52696900,APPLE,132.73167419433594,133.62555100659748,131.92718203228492,132.36419386230722,26584000,GOOGLE,369.5704650878906,369.60995965587347,365.70081081484244,366.085815070236,24838300,MICROSOFT,147.47999572753906,147.5,145.3000030517578,145.52000427246094,44944300,AMAZON,463.0,465.6099853515625,459.20001220703125,465.2300109863281,3302700,NETFLIX,199.0,199.99000549316406,195.6999969482422,197.1300048828125,1254500,SPOTIFY
2023-12-13,196.29806518554688,196.33772271445184,193.21417408717826,193.45214952198077,70404200,APPLE,133.05943298339844,133.86392514494486,132.04636148308018,133.63052178837836,25414500,GOOGLE,369.5605773925781,372.7885879751983,366.00681947505166,371.1893743181654,30955500,MICROSOFT,148.83999633789062,149.4600067138672,146.82000732421875,148.1199951171875,52766200,AMAZON,479.9800109863281,481.25,461.9800109863281,461.9800109863281,5820200,NETFLIX,199.49000549316406,202.3300018310547,196.30099487304688,199.02000427246094,2161500,SPOTIFY
2023-12-14,196.4468231201172,197.9441408874326,194.51319682969313,196.35758232148717,66831600,APPLE,132.294677734375,134.1172124747159,130.1692232592123,133.85401420402098,29619100,GOOGLE,361.2290344238281,368.95846237315817,359.45217036391796,368.51423129541524,43277500,MICROSOFT,147.4199981689453,150.5399932861328,145.52000427246094,149.92999267578125,58400800,AMAZON,469.8299865722656,480.760009765625,464.760009765625,480.3599853515625,5176400,NETFLIX,196.14999389648438,200.82000732421875,195.52000427246094,198.35000610351562,2048600,SPOTIFY
2023-12-15,195.91136169433594,196.73438033852585,195.34613971264017,195.87168903034603,128538400,APPLE,132.93031311035156,133.9135897375791,131.72854572104052,132.0165679818019,58594000,GOOGLE,365.9673767089844,367.6159059530904,361.5745321982381,362.13721684465844,78502300,MICROSOFT,149.97000122070312,150.57000732421875,147.8800048828125,148.3800048828125,110089300,AMAZON,472.05999755859375,473.0,467.29998779296875,467.29998779296875,7841000,NETFLIX,192.1699981689453,195.4550018310547,191.4199981689453,195.10000610351562,2246000,SPOTIFY
2023-12-18,194.24546813964844,194.9792611555933,192.75806090539803,194.44378607807738,55751900,APPLE,136.25755310058594,137.43946736521315,132.8607998837617,132.950184536949,25699800,GOOGLE,367.8626708984375,368.2081805782412,363.943671095841,364.70379841651464,21802900,MICROSOFT,154.07000732421875,154.85000610351562,150.0500030517578,150.55999755859375,62512800,AMAZON,486.1199951171875,492.0400085449219,475.1000061035156,476.29998779296875,6410700,NETFLIX,193.0399932861328,194.75,189.1699981689453,190.74000549316406,2576900,SPOTIFY
2023-12-19,195.28662109375,195.29653169314724,194.2454331909677,194.51317068155427,40714100,APPLE,137.161376953125,137.82682132203928,136.51578573785298,137.06205056459726,20661000,GOOGLE,368.46484375,368.46484375,365.0887662696819,366.7175631601881,20603700,MICROSOFT,153.7899932861328,155.1199951171875,152.69000244140625,154.39999389648438,43171300,AMAZON,495.0199890136719,496.1400146484375,484.05999755859375,488.3999938964844,3849000,NETFLIX,190.8300018310547,193.9720001220703,190.21099853515625,192.5800018310547,1530100,SPOTIFY
2023-12-20,193.19436645507812,196.0204310779547,193.19436645507812,195.24698053858313,52242800,APPLE,138.7107696533203,142.10553763734032,138.46246884060355,139.37621401279182,33507300,GOOGLE,365.8587646484375,371.19926781243174,365.7699244632415,370.18250108115,26316700,MICROSOFT,152.1199951171875,155.6300048828125,151.55999755859375,152.89999389648438,50322100,AMAZON,489.2699890136719,500.8900146484375,488.3900146484375,492.0,4563700,NETFLIX,188.7100067138672,192.25,188.00999450683594,190.24000549316406,1166400,SPOTIFY
2023-12-21,193.04559326171875,195.42545358966169,191.875506993429,194.45368523269553,46482500,APPLE,140.8362274169922,141.06465992680535,139.51825079333318,139.81322925621407,18101500,GOOGLE,368.7412414550781,369.6000599811611,365.28620500497976,367.77382040386084,17708000,MICROSOFT,153.83999633789062,153.97000122070312,152.10000610351562,153.3000030517578,36305700,AMAZON,491.6099853515625,494.3999938964844,486.7699890136719,492.6600036621094,2756200,NETFLIX,192.85000610351562,195.71499633789062,192.60499572753906,195.30999755859375,1556900,SPOTIFY
2023-12-22,191.97467041015625,193.7694724442452,191.34995462543642,193.54139247575878,37149600,APPLE,141.74998474121094,142.2763813095659,141.08949602001425,141.16399839607325,18513500,GOOGLE,369.76788330078125,370.3601813274184,367.9219113827599,368.87945132359005,17107500,MICROSOFT,153.4199981689453,154.35000610351562,152.7100067138672,153.77000427246094,29514100,AMAZON,486.760009765625,496.0199890136719,485.45001220703125,494.0,2702700,NETFLIX,189.58999633789062,193.4199981689453,188.55999755859375,192.8300018310547,1328200,SPOTIFY
2023-12-26,191.42930603027344,192.2622504150879,191.21115176796184,191.9846022868164,28919300,APPLE,141.84927368164062,142.96662716650343,141.53144141595402,142.00817465940736,11170100,GOOGLE,369.8468933105469,372.0976018383653,368.70179176123145,370.1825218486259,12673100,MICROSOFT,153.41000366210938,153.97999572753906,153.02999877929688,153.55999755859375,25067200,AMAZON,491.19000244140625,491.4800109863281,486.3800048828125,489.3900146484375,2034500,NETFLIX,189.8800048828125,191.4199981689453,189.22999572753906,189.99000549316406,1121000,SPOTIFY
2023-12-27,191.52847290039062,191.87554065410794,189.48576930710215,190.87402519128196,48087700,APPLE,140.4786834716797,142.34591060897586,140.09231985374717,141.85923551433922,17288400,GOOGLE,369.26446533203125,370.241737520185,368.0206424558139,368.8893422344082,14905400,MICROSOFT,153.33999633789062,154.77999877929688,153.1199951171875,153.55999755859375,31434700,AMAZON,491.7900085449219,494.0199890136719,489.25,491.239990234375,2561300,NETFLIX,190.27000427246094,192.031005859375,190.02999877929688,190.36000061035156,742500,SPOTIFY
2023-12-28,191.95486450195312,193.02579953233345,191.54830289093405,192.51016078496022,34049900,APPLE,140.31973266601562,141.3030091902155,139.87080898728306,140.88586570709097,12192500,GOOGLE,370.45892333984375,371.6237571110033,369.3533163620971,370.547763529963,14327000,MICROSOFT,153.3800048828125,154.0800018310547,152.9499969482422,153.72000122070312,27057000,AMAZON,490.510009765625,492.8900146484375,489.07000732421875,492.0,1710500,NETFLIX,188.75,192.44000244140625,188.72000122070312,191.6699981689453,721900,SPOTIFY
2023-12-29,190.91363525390625,192.76793104153865,190.12034853602503,192.2721287341986,42672100,APPLE,139.97213745117188,140.47370998040037,138.9491392378536,139.7238366196853,14881000,GOOGLE,371.2091369628906,372.3147438435589,368.6820269140694,371.169642395573,18730800,MICROSOFT,151.94000244140625,153.88999938964844,151.02999877929688,153.10000610351562,39823200,AMAZON,486.8800048828125,492.2300109863281,481.94000244140625,490.3699951171875,2740600,NETFLIX,187.91000366210938,189.97000122070312,187.88999938964844,189.30999755859375,1389600,SPOTIFY
2024-01-02,184.08152770996094,186.8580243758453,182.34621918511942,185.5788456186331,82488700,APPLE,138.61143493652344,139.65927218386082,136.80381300921306,138.6511715510144,20071900,GOOGLE,366.10552978515625,371.0709095466851,362.0581953380122,369.0571084332548,25258600,MICROSOFT,149.92999267578125,152.3800048828125,148.38999938964844,151.5399932861328,47339400,AMAZON,468.5,484.6499938964844,461.8599853515625,483.19000244140625,5049400,NETFLIX,188.8000030517578,190.27999877929688,185.3699951171875,188.0500030517578,1385700,SPOTIFY
2024-01-03,182.7031707763672,184.31949132166326,181.8900476382689,182.6734238450404,58414500,APPLE,139.40602111816406,140.13105531143106,137.489130795316,137.6579886992348,18974300,GOOGLE,365.8389892578125,368.46482043736285,363.7758426436355,364.26941925350155,23083500,MICROSOFT,148.47000122070312,151.0500030517578,148.3300018310547,149.1999969482422,49425500,AMAZON,470.260009765625,475.04998779296875,465.7699890136719,467.32000732421875,3443700,NETFLIX,187.94000244140625,189.49000549316406,185.7100067138672,187.33999633789062,977300,SPOTIFY
2024-01-04,180.38282775878906,181.552914127362,179.36147605378457,180.62080322049852,71983600,APPLE,137.10177612304688,139.67913988502855,137.07198123661422,138.89948681660132,18253300,GOOGLE,363.2132263183594,368.3069415042415,362.4531290415486,365.9081659597394,20901500,MICROSOFT,144.57000732421875,147.3800048828125,144.0500030517578,145.58999633789062,56039800,AMAZON,474.6700134277344,480.739990234375,466.5299987792969,472.9800109863281,3636500,NETFLIX,192.5800018310547,195.52000427246094,187.4499969482422,190.0,2576800,SPOTIFY
2024-01-05,179.658935546875,181.2256728170181,178.65742022872922,180.46214807824285,62379700,APPLE,136.45620727539062,137.86655420990613,135.9198841360995,137.4116744725351,15439500,GOOGLE,363.025634765625,367.2802631804361,361.7916931110851,364.22996302547705,21004600,MICROSOFT,145.24000549316406,146.58999633789062,144.52999877929688,144.69000244140625,45153100,AMAZON,474.05999755859375,479.54998779296875,471.79998779296875,476.5,2631300,NETFLIX,193.52000427246094,195.0800018310547,192.24000549316406,192.6199951171875,1395700,SPOTIFY
2024-01-08,184.00216674804688,184.04183940945515,179.9762540642685,180.56129720920066,59144500,APPLE,139.57484436035156,139.6840973184582,136.9428619447068,137.06204147897657,17645300,GOOGLE,369.87646484375,370.3799226566514,364.26944144422686,364.5556942050089,23134000,MICROSOFT,149.10000610351562,149.39999389648438,146.14999389648438,146.74000549316406,46757100,AMAZON,485.0299987792969,485.239990234375,473.6499938964844,473.8900146484375,3675800,NETFLIX,197.25,197.7449951171875,193.32000732421875,195.1999969482422,1545100,SPOTIFY
2024-01-09,183.58570861816406,183.59561921893004,181.19593746369003,182.37594957443397,42841800,APPLE,141.59104919433594,141.8294234239338,138.83987202032304,139.10804113423583,19579700,GOOGLE,370.96234130859375,371.1597538902258,366.421430173672,367.2309030972876,20830000,MICROSOFT,151.3699951171875,151.7100067138672,148.2100067138672,148.3300018310547,43812600,AMAZON,482.0899963378906,485.0899963378906,473.79998779296875,475.5299987792969,3526800,NETFLIX,193.02000427246094,198.24000549316406,192.35000610351562,196.97999572753906,1130900,SPOTIFY
2024-01-10,184.62689208984375,184.83512061558696,182.375945055311,182.80234296869347,46792900,APPLE,142.82264709472656,143.54271044219408,141.49175822119923,141.55134799836006,16641900,GOOGLE,377.8526611328125,379.23469986544035,371.48554036689814,371.5348859821227,25514200,MICROSOFT,153.72999572753906,154.4199981689453,151.8800048828125,152.05999755859375,44421800,AMAZON,478.3299865722656,487.0,472.95001220703125,481.6000061035156,4342400,NETFLIX,196.7899932861328,199.63999938964844,193.25,193.25,1860600,SPOTIFY
2024-01-11,184.0319061279297,185.47965559618967,182.07844372761645,184.97392753345,49128400,APPLE,142.69349670410156,145.6631796192662,141.2483842823702,143.91017664161336,17471100,GOOGLE,379.68878173828125,385.66104720244766,375.49338017859446,381.04117695037814,27850800,MICROSOFT,155.17999267578125,157.1699981689453,153.1199951171875,155.0399932861328,49072700,AMAZON,492.2300109863281,503.4100036621094,483.82000732421875,492.5400085449219,7993300,NETFLIX,200.82000732421875,200.94000244140625,194.66000366210938,198.27000427246094,2041300,SPOTIFY
2024-01-12,184.35914611816406,185.17226924419936,183.63527891547233,184.49797017252533,40477800,APPLE,143.2596435546875,143.75624518425926,142.38561983701592,143.35895478755444,13998700,GOOGLE,383.4794616699219,383.68675543751164,379.7085286566561,380.53773385254453,21661200,MICROSOFT,154.6199951171875,156.1999969482422,154.00999450683594,155.38999938964844,40484200,AMAZON,492.1600036621094,500.7900085449219,490.6099853515625,500.510009765625,5003700,NETFLIX,203.02999877929688,204.02999877929688,198.4499969482422,200.9499969482422,1927800,SPOTIFY
2024-01-16,182.08839416503906,182.71309489982514,179.41104910197012,180.63073389939075,65603000,APPLE,143.10073852539062,144.8487709416046,142.08369624783842,142.45514726369032,19198900,GOOGLE,385.25634765625,388.96805409085823,382.64039716399947,388.602812151916,27202300,MICROSOFT,153.16000366210938,154.99000549316406,152.14999389648438,153.52999877929688,41384600,AMAZON,481.239990234375,494.1499938964844,478.0199890136719,490.0,4679000,NETFLIX,203.35000610351562,203.75,198.00999450683594,201.16000366210938,2141100,SPOTIFY
2024-01-17,181.1463623046875,181.3942635111242,178.78635310827863,179.7482109997081,47317400,APPLE,141.91880798339844,142.43527790298106,139.55497946211506,141.93867629128815,17884500,GOOGLE,384.4666442871094,385.0984068116101,379.86650572773016,382.9957953292044,22234100,MICROSOFT,151.7100067138672,152.14999389648438,149.91000366210938,151.49000549316406,34953400,AMAZON,480.3299865722656,486.2099914550781,475.260009765625,484.5,4894600,NETFLIX,198.67999267578125,199.7899932861328,191.8800048828125,196.63999938964844,3335700,SPOTIFY
2024-01-18,187.04641723632812,187.55213023449687,184.2699207854721,184.52773258500528,78005800,APPLE,144.00453186035156,144.59548895392675,142.37567928148383,142.4650639288118,18876800,GOOGLE,388.8100891113281,388.92854269445195,385.1082640110595,386.68771541228006,23392100,MICROSOFT,153.5,153.77999877929688,151.82000732421875,152.77000427246094,37850200,AMAZON,485.30999755859375,485.7699890136719,478.0199890136719,480.0299987792969,4054400,NETFLIX,204.82000732421875,209.875,200.80999755859375,200.80999755859375,2474500,SPOTIFY
2024-01-19,189.95181274414062,190.3385380102556,187.23482528040057,187.74053828049293,68903000,APPLE,146.9642791748047,147.03379551838088,144.8090300426916,145.3105873548029,27181000,GOOGLE,393.5484313964844,393.5484313964844,388.44483542424194,390.6758115906089,29331100,MICROSOFT,155.33999633789062,155.75999450683594,152.74000549316406,153.8300018310547,51651600,AMAZON,482.95001220703125,485.6700134277344,476.05999755859375,484.9800109863281,5672400,NETFLIX,204.7100067138672,206.4499969482422,202.3000030517578,205.92999267578125,1323700,SPOTIFY
2024-01-22,192.26222229003906,193.69013538694645,190.6459018913611,190.68557454998964,60133900,APPLE,146.7060546875,148.99538084129608,146.57693341892895,147.69925791016107,21829200,GOOGLE,391.4161376953125,395.473323018941,388.53363700238464,394.8810250545832,27016900,MICROSOFT,154.77999877929688,157.0500030517578,153.89999389648438,156.88999938964844,43687500,AMAZON,485.7099914550781,489.79998779296875,479.8999938964844,487.54998779296875,5212300,NETFLIX,205.6699981689453,208.3800048828125,204.22000122070312,206.0,1169000,SPOTIFY
2024-01-23,193.54141235351562,194.10663433692045,192.20275498822556,193.38276708914043,42355600,APPLE,147.66946411132812,147.84824859171044,146.1896008460597,146.71599739955627,14113600,GOOGLE,393.77545166015625,394.24929609694567,388.8692984754516,390.6659247403921,20525900,MICROSOFT,156.02000427246094,156.2100067138672,153.92999267578125,154.85000610351562,37986000,AMAZON,492.19000244140625,498.9599914550781,481.3999938964844,492.0,15506000,NETFLIX,206.7100067138672,207.49000549316406,204.5749969482422,205.32000732421875,1148000,SPOTIFY
2024-01-24,192.8671112060547,194.73133285541883,192.70845082511164,193.7793857004472,53631300,APPLE,149.328125,150.53983426098853,148.82158160830878,149.26852007062226,19245000,GOOGLE,397.3884582519531,400.4190263282457,395.3055791013252,396.38157265965583,24867000,MICROSOFT,156.8699951171875,158.50999450683594,156.47999572753906,157.8000030517578,48547300,AMAZON,544.8699951171875,562.5,537.0700073242188,537.75,26432800,NETFLIX,211.13999938964844,215.32000732421875,209.17999267578125,213.0,1896700,SPOTIFY
2024-01-25,192.53988647460938,194.62226243680658,191.48878789336808,193.58107445570798,54822100,APPLE,152.59576416015625,153.70814707763748,150.19221383912398,150.70868383156053,21495100,GOOGLE,399.66876220703125,401.7812847845524,397.3588270396622,399.12583992803854,21021200,MICROSOFT,157.75,158.50999450683594,154.5500030517578,156.9499969482422,43638600,AMAZON,562.0,563.4600219726562,548.4600219726562,551.9500122070312,9451900,NETFLIX,214.17999267578125,214.19000244140625,210.33999633789062,211.42999267578125,1218000,SPOTIFY
2024-01-26,190.80455017089844,193.12490124096112,190.32858421232572,192.63902468370242,44594000,APPLE,152.74473571777344,153.06256806252554,151.76147410574225,151.83099045923157,19494500,GOOGLE,398.7408142089844,400.95205802517637,397.260084299944,399.1751640590117,17803300,MICROSOFT,159.1199951171875,160.72000122070312,157.91000366210938,158.4199981689453,51047400,AMAZON,570.4199829101562,579.6400146484375,558.4299926757812,561.8099975585938,12770600,NETFLIX,214.2899932861328,215.07000732421875,211.77000427246094,213.05999755859375,1545400,SPOTIFY
2024-01-29,190.12037658691406,190.5864320350317,187.98843240307312,190.3980247095346,47145600,APPLE,153.78759765625,154.14515145585057,151.8806491100736,152.59575670927472,20909300,GOOGLE,404.4564514160156,404.71312091427023,399.13568066698633,400.8434667217464,24510200,MICROSOFT,161.25999450683594,161.2899932861328,158.89999389648438,159.33999633789062,45270400,AMAZON,575.7899780273438,578.5499877929688,562.6799926757812,571.3499755859375,6905400,NETFLIX,218.61000061035156,219.1999969482422,214.8000030517578,216.0,1287000,SPOTIFY
2024-01-30,186.46136474609375,190.1898085739461,185.89615786346673,189.33702781871273,55859400,APPLE,152.00975036621094,153.9862150034331,151.7366103975211,152.96321693615783,26578900,GOOGLE,403.3409729003906,407.7436682887795,401.22848045302675,406.96383885346637,33477600,MICROSOFT,159.0,161.72999572753906,158.49000549316406,160.6999969482422,45207400,AMAZON,562.8499755859375,570.8800048828125,560.8200073242188,567.3200073242188,6181800,NETFLIX,217.6199951171875,224.0,217.4600067138672,222.3000030517578,1797000,SPOTIFY
2024-01-31,182.85191345214844,185.5292584344751,182.8023453182215,185.46974943852436,55467800,APPLE,140.8362274169922,144.60046116076612,140.5879265982581,144.4018235367947,43908600,GOOGLE,392.47235107421875,409.984469107753,392.1071092148875,401.73185279407187,47871100,MICROSOFT,155.1999969482422,159.00999450683594,154.80999755859375,157.0,50284400,AMAZON,564.1099853515625,572.1500244140625,562.0399780273438,562.8499755859375,4857600,NETFLIX,215.35000610351562,219.52000427246094,213.30999755859375,214.00999450683594,1191600,SPOTIFY
2024-02-01,185.291259765625,185.38050055962896,182.2767880551107,182.44535904290282,64885400,APPLE,141.74005126953125,143.63705807686486,141.29309765523837,142.71338627149655,25526900,GOOGLE,398.5927429199219,402.75853089052634,396.6381686159988,396.6677820088373,30657700,MICROSOFT,159.27999877929688,159.75999450683594,155.6199951171875,155.8699951171875,76542400,AMAZON,567.510009765625,572.6599731445312,563.8300170898438,567.02001953125,3174000,NETFLIX,218.9600067138672,219.93800354003906,216.67999267578125,217.25,1174400,SPOTIFY
2024-02-02,184.2897491455078,185.75731994134992,177.74515173237538,178.35003123610636,102551700,APPLE,142.56439208984375,142.90209272277824,137.23089532785647,139.9324094608562,42136100,GOOGLE,405.93719482421875,407.3488168603616,398.375596677948,398.6223850112119,28256700,MICROSOFT,171.80999755859375,172.5,167.3300018310547,169.19000244140625,117218300,AMAZON,564.6400146484375,567.7999877929688,562.3699951171875,564.52001953125,4032800,NETFLIX,222.47000122070312,224.4499969482422,218.57000732421875,221.33999633789062,1725100,SPOTIFY
2024-02-05,186.1043701171875,187.6611968198497,184.27982102914154,186.57042555488334,69668800,APPLE,143.94496154785156,145.67314092040462,142.9319049910857,143.06101112768457,29254400,GOOGLE,400.438720703125,405.87794489838444,398.800042648597,404.63412212946537,25352300,MICROSOFT,170.30999755859375,170.5500030517578,167.6999969482422,170.1999969482422,55081300,AMAZON,562.0599975585938,575.75,557.2000122070312,562.469970703125,4143100,NETFLIX,223.25,223.8300018310547,219.36000061035156,220.5500030517578,3812100,SPOTIFY
2024-02-06,187.71078491210938,187.72069551270494,185.2020260688322,185.291266866256,43490800,APPLE,144.4216766357422,145.74263867089806,143.53772642034644,144.9679414104424,21517700,GOOGLE,400.2807922363281,402.72894332826615,397.7339499122829,400.6657964934495,18382600,MICROSOFT,169.14999389648438,170.7100067138672,167.64999389648438,169.38999938964844,42505500,AMAZON,555.8800048828125,566.3400268554688,554.3699951171875,564.1199951171875,2840300,NETFLIX,231.9199981689453,248.6699981689453,228.9720001220703,241.00999450683594,7777000,SPOTIFY
2024-02-07,187.81985473632812,189.4460858813363,187.02656792958788,189.03952431241242,53439000,APPLE,145.6830596923828,146.00089203792436,144.2230647146775,145.12686824276548,21436100,GOOGLE,408.7308654785156,408.97765383591735,402.16630119673624,402.2057957690695,22340500,MICROSOFT,170.52999877929688,170.8800048828125,168.94000244140625,169.47999572753906,47174100,AMAZON,559.2999877929688,567.7999877929688,554.97998046875,558.1599731445312,4373600,NETFLIX,240.8300018310547,243.00999450683594,227.52000427246094,230.02000427246094,4757700,SPOTIFY
2024-02-08,186.73902893066406,187.94877290356362,185.77717103468487,187.80003823127362,40962000,APPLE,146.21939086914062,146.60673954948905,145.4248251990445,145.97109004442805,18241300,GOOGLE,408.7900085449219,410.22139277488515,407.23031970083616,408.730781761319,21225300,MICROSOFT,169.83999633789062,171.42999267578125,168.8800048828125,169.64999389648438,42316500,AMAZON,558.530029296875,563.7000122070312,555.739990234375,560.5499877929688,3175500,NETFLIX,240.00999450683594,244.2899932861328,237.6510009765625,238.0,2749000,SPOTIFY
2024-02-09,187.50352478027344,188.63539609029752,186.65957913376621,187.304938639922,45155200,APPLE,149.19900512695312,149.67078276972947,146.4279593553154,146.94442932923687,21877700,GOOGLE,415.14727783203125,415.4138284838294,409.7574296442869,409.91537777577173,22032800,MICROSOFT,174.4499969482422,175.0,170.5800018310547,170.89999389648438,56986000,AMAZON,561.3200073242188,566.0,558.0999755859375,565.0,3055700,NETFLIX,240.77000427246094,242.2100067138672,238.0399932861328,239.5500030517578,2049200,SPOTIFY
2024-02-12,185.8156280517578,187.32479480430874,185.45819421957458,187.0765772861258,41781900,APPLE,147.7191162109375,149.56647487567028,147.5502734758104,148.5236084245168,17236100,GOOGLE,409.9252624511719,415.3348429045064,409.4218046606071,415.1571625521398,21202900,MICROSOFT,172.33999633789062,175.38999938964844,171.5399932861328,174.8000030517578,51050400,AMAZON,557.8499755859375,568.4400024414062,557.0,560.3599853515625,3608500,NETFLIX,234.67999267578125,239.39500427246094,233.35499572753906,238.3800048828125,2824300,SPOTIFY
2024-02-13,183.72067260742188,184.88234393093236,182.20158259974826,184.4454786725173,56529500,APPLE,145.3751678466797,147.03381560382212,144.12373709565372,145.07721896911178,18138500,GOOGLE,401.10009765625,404.8019221765738,398.20774599449635,399.7378214126868,27824900,MICROSOFT,168.63999938964844,170.9499969482422,165.75,167.72999572753906,56345100,AMAZON,554.52001953125,559.2000122070312,549.0,550.7999877929688,3511500,NETFLIX,238.0,238.52000427246094,228.07000732421875,231.33999633789062,1798300,SPOTIFY
2024-02-14,182.83700561523438,184.2071710720395,181.13920638831792,183.99867685469593,54630500,APPLE,146.13995361328125,146.82526641196577,144.5657194920217,146.36838616114883,16651800,GOOGLE,404.9769287109375,405.32307733535373,400.111169801605,403.5725956832902,20401200,MICROSOFT,170.97999572753906,171.2100067138672,168.27999877929688,169.2100067138672,42815500,AMAZON,579.3300170898438,581.25,564.3400268554688,567.260009765625,5634200,NETFLIX,244.1699981689453,244.3800048828125,239.13999938964844,240.72000122070312,1623600,SPOTIFY
2024-02-15,182.54908752441406,183.17460050228618,180.05698915939104,182.2413002337134,65434500,APPLE,142.96168518066406,143.77610400462038,140.91568881099957,143.4781551391971,26724300,GOOGLE,402.0792236328125,404.6209064246705,399.8342525934749,403.6418270582009,21825500,MICROSOFT,169.8000030517578,171.1699981689453,167.58999633789062,170.5800018310547,49855200,AMAZON,593.4600219726562,593.77001953125,580.3200073242188,581.9099731445312,5220900,NETFLIX,245.50999450683594,247.6999969482422,242.19000244140625,244.1699981689453,1808000,SPOTIFY
2024-02-16,181.01014709472656,183.53204565484478,180.37471083115267,182.1122335213933,49752500,APPLE,140.79649353027344,143.49800770290975,140.55813443891583,143.22985372513244,21865100,GOOGLE,399.60675048828125,403.79014145741866,398.9935884935407,403.4637615690979,22296500,MICROSOFT,169.50999450683594,170.4199981689453,167.1699981689453,168.74000549316406,48107700,AMAZON,583.9500122070312,597.0,577.4600219726562,596.9500122070312,4325700,NETFLIX,246.25,248.5030059814453,243.3800048828125,245.4600067138672,1548400,SPOTIFY
2024-02-20,180.2654571533203,181.12924912087828,178.71658252873672,180.49381298899803,53665600,APPLE,141.2334747314453,142.35479882473894,139.8429964835782,139.9820443083649,18625600,GOOGLE,398.35076904296875,400.0320148509245,393.62345170797335,398.7957913827642,24307900,MICROSOFT,167.0800018310547,168.7100067138672,165.74000549316406,167.8300018310547,41980300,AMAZON,575.1300048828125,586.0,569.6599731445312,580.1799926757812,3124200,NETFLIX,243.39999389648438,246.5,239.66000366210938,244.13999938964844,2222400,SPOTIFY
2024-02-21,181.02008056640625,181.5860086349742,179.37191259479573,180.64278508736416,41371400,APPLE,142.8623504638672,143.00139831132194,140.94547548430683,141.67050960638667,16440800,GOOGLE,397.74749755859375,397.8563009238514,392.8421710254568,395.7596706387702,18518900,MICROSOFT,168.58999633789062,170.22999572753906,167.13999938964844,168.94000244140625,44420100,AMAZON,573.3499755859375,575.780029296875,567.3200073242188,573.510009765625,2270600,NETFLIX,245.08999633789062,245.63999938964844,240.72999572753906,243.2899932861328,1896700,SPOTIFY
2024-02-22,183.0554656982422,183.64127060390982,181.15909521547567,182.17181186595948,52292200,APPLE,144.33230590820312,145.20631447694223,143.03119689930858,145.12685639704245,23024700,GOOGLE,407.1131286621094,408.28011643608824,404.0670871504759,405.6692280234365,27009900,MICROSOFT,174.5800018310547,174.8000030517578,171.77000427246094,173.10000610351562,55392400,AMAZON,588.469970703125,590.8499755859375,578.8900146484375,582.75,3526600,NETFLIX,248.1199951171875,249.22000122070312,243.99000549316406,247.9600067138672,1728300,SPOTIFY
2024-02-23,181.21864318847656,183.72066477086588,180.9307023940782,183.6908798817894,45119700,APPLE,144.30250549316406,144.96299419604122,143.80590382697437,143.98468830744434,14519400,GOOGLE,405.8175354003906,411.2766872182918,404.46263934607134,411.0888090231092,16295900,MICROSOFT,174.99000549316406,175.75,173.6999969482422,174.27999877929688,59715200,AMAZON,583.5599975585938,592.4299926757812,579.8200073242188,586.4000244140625,2568900,NETFLIX,256.1000061035156,256.2900085449219,247.9499969482422,249.27999877929688,2492800,SPOTIFY
2024-02-26,179.8683319091797,181.45691481099774,179.36195851579282,180.94063332165365,40867400,APPLE,137.8069610595703,142.86236233617606,137.79703448216958,142.47501364642804,33513000,GOOGLE,403.0484313964844,407.61750865515694,402.87039227350954,406.9252114178632,16193500,MICROSOFT,174.72999572753906,176.3699951171875,174.25999450683594,175.6999969482422,44368600,AMAZON,587.6500244140625,590.75,583.27001953125,583.5599975585938,2393700,NETFLIX,254.99000549316406,256.42999267578125,250.22999572753906,255.49000549316406,1754800,SPOTIFY
2024-02-27,181.32785034179688,182.60864595739088,178.27973221361,179.80876047563007,54318900,APPLE,139.1477813720703,139.53513003332552,137.5586501102096,138.46246870483137,22364000,GOOGLE,402.9891052246094,403.8198438215264,399.39910723637763,403.4934639055569,14835800,MICROSOFT,173.5399932861328,174.6199951171875,172.86000061035156,174.0800018310547,31141700,AMAZON,601.6699829101562,605.3599853515625,592.3300170898438,595.0,4489400,NETFLIX,253.02000427246094,255.99000549316406,250.5399932861328,255.82000732421875,1529900,SPOTIFY
2024-02-28,180.12649536132812,181.81437153541262,178.84569957246276,181.20872015618278,48953900,APPLE,136.4959259033203,138.33335811960436,135.7113019435236,138.15458879525067,30628700,GOOGLE,403.2264404296875,404.7890136651283,400.85289732894444,403.6813622301974,13183100,MICROSOFT,173.16000366210938,174.0500030517578,172.27000427246094,172.44000244140625,28180500,AMAZON,596.47998046875,598.1699829101562,590.010009765625,595.7899780273438,2605200,NETFLIX,252.25,253.44000244140625,249.3800048828125,250.97000122070312,1657500,SPOTIFY
2024-02-29,179.46128845214844,181.26831948615475,178.2499855974841,179.97758519757838,136682600,APPLE,138.8299560546875,138.99879879706955,136.6349852486413,137.40968261019637,35485000,GOOGLE,409.08123779296875,409.6350635504339,401.4463196436388,404.13634340042967,31947300,MICROSOFT,176.75999450683594,177.22000122070312,172.85000610351562,173.00999450683594,53805400,AMAZON,602.9199829101562,604.52001953125,595.1599731445312,604.25,3572100,NETFLIX,256.4100036621094,257.3599853515625,252.76499938964844,254.36000061035156,1336500,SPOTIFY
2024-03-01,178.37904357910156,179.24283570733874,176.11530099131116,178.26982726346276,73563100,APPLE,137.14151000976562,139.04845847886628,137.03722790932866,138.66110980787832,28551500,GOOGLE,410.92071533203125,411.28663268034427,406.35163783892614,406.7373238991448,17823400,MICROSOFT,178.22000122070312,178.72999572753906,176.07000732421875,176.75,31981200,AMAZON,619.3400268554688,620.280029296875,599.5,599.8099975585938,4270300,NETFLIX,263.75,263.82000732421875,254.5399932861328,256.1499938964844,2351200,SPOTIFY
2024-03-04,173.85154724121094,175.63870116419773,172.55087478393426,174.8940486462885,81510100,APPLE,133.28785705566406,135.70134854294074,131.95696849827638,135.6119487433549,43571500,GOOGLE,410.34710693359375,412.75031823241517,407.7757559549475,408.8834074088287,17596000,MICROSOFT,177.5800018310547,180.13999938964844,177.49000549316406,177.52999877929688,37381500,AMAZON,615.8300170898438,624.4199829101562,615.0800170898438,621.5599975585938,3020300,NETFLIX,270.0,271.55999755859375,262.489990234375,263.55999755859375,2793000,SPOTIFY
2024-03-05,168.90704345703125,170.8133520831047,168.41060844555398,169.5424796657224,95132400,APPLE,132.8707275390625,133.10910177124268,130.65588856888178,131.8378028431057,28447600,GOOGLE,398.2123107910156,409.6844709938999,396.22448391124544,409.39765868898735,26919200,MICROSOFT,174.1199951171875,176.92999267578125,173.3000030517578,176.92999267578125,37228300,AMAZON,598.5,610.9099731445312,592.0,610.0999755859375,3849600,NETFLIX,267.0,270.2650146484375,263.2799987792969,268.3599853515625,2482500,SPOTIFY
2024-03-06,167.91416931152344,170.01906401050476,167.47730408815008,169.8403395327639,68587700,APPLE,131.6590118408203,133.82420266578097,131.05315729148174,133.327601073047,23175200,GOOGLE,397.658447265625,400.6946191593844,393.9992441346355,398.5287533624504,22344100,MICROSOFT,173.50999450683594,176.4600067138672,173.25999450683594,175.5399932861328,32090900,AMAZON,597.6900024414062,607.9299926757812,593.5599975585938,602.989990234375,2469600,NETFLIX,268.0299987792969,272.0780029296875,267.4200134277344,270.0,1181300,SPOTIFY
2024-03-07,167.7950439453125,169.51270494606766,167.28868565722726,167.94396839769192,71765100,APPLE,134.32080078125,134.89686043251785,131.75833481046982,132.9799704535482,24107300,GOOGLE,404.63079833984375,405.26372907387855,397.8068205149772,401.644063065413,18718500,MICROSOFT,176.82000732421875,177.99000549316406,173.72000122070312,174.8300018310547,34063300,AMAZON,608.510009765625,610.530029296875,595.9000244140625,599.3400268554688,2742800,NETFLIX,270.3500061035156,271.7200012207031,266.0199890136719,268.0,921300,SPOTIFY
2024-03-08,169.5126953125,172.4615205019895,167.73546463179477,167.79503440936114,76267000,APPLE,135.36366271972656,138.04035272217487,133.88379959347205,134.11720296074475,26495200,GOOGLE,401.74298095703125,405.89670410960423,399.87379648400184,403.4637944607813,18002200,MICROSOFT,175.35000610351562,178.7899932861328,174.3300018310547,176.44000244140625,37893200,AMAZON,604.8200073242188,616.0900268554688,600.8400268554688,608.27001953125,2777200,NETFLIX,259.3999938964844,272.44000244140625,259.239990234375,269.5,1968100,SPOTIFY
2024-03-11,171.51829528808594,173.13667826239134,170.8232893067872,171.7069430151515,60139500,APPLE,137.9956817626953,139.02860662253937,136.1383962685625,136.1383962685625,22536400,GOOGLE,400.0616760253906,401.2088950055716,396.83762579993305,399.3100726931067,16120800,MICROSOFT,171.9600067138672,174.47000122070312,171.47000122070312,174.30999755859375,28484800,AMAZON,600.9299926757812,611.0,600.3699951171875,608.0800170898438,2500900,NETFLIX,254.4499969482422,259.0,253.25,258.5,2489400,SPOTIFY
2024-03-12,171.994873046875,172.7891721100731,169.79070034274764,171.91544162555573,59825400,APPLE,138.6710205078125,139.32653823137912,137.2706155684734,137.31033702668464,19019700,GOOGLE,410.703125,410.98993730983005,402.3067044386273,403.1275435831552,22457000,MICROSOFT,175.38999938964844,176.75999450683594,171.97999572753906,173.5,36610600,AMAZON,611.0800170898438,615.2999877929688,596.27001953125,600.2100219726562,2821600,NETFLIX,258.0899963378906,259.7359924316406,254.9550018310547,255.5,1351000,SPOTIFY
2024-03-13,169.90988159179688,171.95519177278902,169.54250931705775,171.53818810821755,52488700,APPLE,139.81321716308594,141.2235638728983,139.05837304017373,139.1080362306408,19637000,GOOGLE,410.5251159667969,413.571157465626,406.9153492946695,413.49205243943396,17115900,MICROSOFT,176.55999755859375,177.6199951171875,175.5500030517578,175.89999389648438,30772600,AMAZON,609.4500122070312,614.8499755859375,607.2100219726562,613.3699951171875,2192100,NETFLIX,257.260009765625,260.489990234375,255.3800048828125,258.2699890136719,924800,SPOTIFY
2024-03-14,171.76649475097656,173.0671519115083,170.8232713647125,171.6771400949078,72913500,APPLE,143.3589324951172,143.74628109974697,140.5233418746214,141.3328048297638,36117900,GOOGLE,420.5335388183594,423.10488956508317,413.3832117005198,415.60841385381684,34157300,MICROSOFT,178.75,179.52999877929688,176.47000122070312,177.69000244140625,43705800,AMAZON,613.010009765625,620.7999877929688,607.3499755859375,615.0,3120500,NETFLIX,257.1300048828125,259.3999938964844,255.58999633789062,257.54998779296875,847100,SPOTIFY
2024-03-15,171.3892364501953,171.3892364501953,169.07584723661714,169.94957779625068,121752700,APPLE,141.2036895751953,143.35893858534425,140.1707649706604,142.4352669331707,41039500,GOOGLE,411.8305358886719,417.94241719453214,408.2405382709743,414.66890001382535,45079900,MICROSOFT,174.4199981689453,177.92999267578125,173.89999389648438,176.63999938964844,72147400,AMAZON,605.8800048828125,622.9199829101562,603.8200073242188,622.9199829101562,6671600,NETFLIX,254.88999938964844,256.989990234375,252.50999450683594,256.989990234375,1432100,SPOTIFY
2024-03-18,172.4813995361328,176.4429567936847,172.2828285408912,174.31821532960825,75604200,APPLE,147.47080993652344,151.89056123673592,147.13312447877203,148.35476019656593,47676700,GOOGLE,412.7206115722656,416.0930326692394,409.2196184111682,409.68443962233437,20106000,MICROSOFT,174.47999572753906,176.69000244140625,174.27999877929688,175.8000030517578,31250700,AMAZON,618.3900146484375,627.4099731445312,610.4500122070312,613.5599975585938,3344200,NETFLIX,254.14999389648438,257.67498779296875,251.61000061035156,257.0,885900,SPOTIFY
2024-03-19,174.8245391845703,175.35075903574833,171.7962828664752,173.09694005146207,55215200,APPLE,146.91464233398438,148.60308505107128,146.0108236198392,147.96743549328278,17748400,GOOGLE,416.76556396484375,417.0227081134529,410.970132443708,413.2250029233721,19837900,MICROSOFT,175.89999389648438,176.08999633789062,173.52000427246094,174.22000122070312,26880900,AMAZON,620.739990234375,621.280029296875,608.0,615.6199951171875,2142600,NETFLIX,252.75999450683594,254.77999877929688,249.5800018310547,253.9499969482422,1067500,SPOTIFY
2024-03-20,177.39610290527344,177.39610290527344,173.84162605000233,174.467139074951,53423100,APPLE,148.66265869140625,148.74211677188956,146.66135470166356,147.7787083842636,17730000,GOOGLE,420.54345703125,421.26539222387987,416.02381676802577,417.3490447100486,17860100,MICROSOFT,178.14999389648438,178.52999877929688,174.63999938964844,176.13999938964844,29947200,AMAZON,627.6900024414062,629.510009765625,618.3400268554688,619.9500122070312,2639500,NETFLIX,261.7200012207031,262.4100036621094,254.4199981689453,256.1700134277344,1587600,SPOTIFY
2024-03-21,170.14813232421875,176.22450721449738,169.6219124199128,175.78764197696165,106181300,APPLE,147.7290496826172,150.27660316481433,147.0040004336908,149.29831255997556,19843900,GOOGLE,424.63787841796875,426.07190993921154,422.4522434330414,425.09280027509914,21296200,MICROSOFT,178.14999389648438,181.4199981689453,178.14999389648438,179.99000549316406,32824300,AMAZON,622.7100219726562,634.3599853515625,622.3300170898438,630.6500244140625,2507700,NETFLIX,259.6400146484375,264.6700134277344,258.5,264.2099914550781,1097400,SPOTIFY
2024-03-22,171.05166625976562,171.81618050845861,168.8474933401544,170.5353695457136,71160100,APPLE,150.7384796142578,151.52310360783267,149.06989007305708,149.21887967151255,19252900,GOOGLE,424.0148010253906,425.1224525568096,421.3742442819616,424.9642424933846,17648500,MICROSOFT,178.8699951171875,179.25999450683594,176.75,177.75,27995400,AMAZON,628.010009765625,629.0499877929688,621.0,624.1599731445312,2135700,NETFLIX,264.95001220703125,265.4599914550781,258.8900146484375,259.3800048828125,868000,SPOTIFY
2024-03-25,169.63185119628906,170.7140758962492,168.24182406010684,169.3538487990515,54288300,APPLE,150.12266540527344,150.4265853577574,147.7886468572479,149.92402778598515,15114700,GOOGLE,418.1995544433594,422.6994260228323,416.9633309623895,420.5533287801241,18060500,MICROSOFT,179.7100067138672,180.99000549316406,177.24000549316406,178.00999450683594,29815500,AMAZON,627.4600219726562,630.4600219726562,623.1599731445312,627.9000244140625,1803300,NETFLIX,261.9200134277344,264.95001220703125,260.8900146484375,263.010009765625,824700,SPOTIFY
2024-03-26,168.49996948242188,170.19776864921857,168.37089153816484,168.7878951080797,57388400,APPLE,150.6689453125,152.15875033896853,150.0035008859537,150.2120802578947,19312700,GOOGLE,417.0028991699219,421.2950634803322,416.7062176065533,420.9192467125738,16725600,MICROSOFT,178.3000030517578,180.4499969482422,177.9499969482422,180.14999389648438,29659000,AMAZON,629.239990234375,634.3900146484375,619.1799926757812,625.2000122070312,2804500,NETFLIX,262.80999755859375,278.29998779296875,262.6499938964844,273.010009765625,1956400,SPOTIFY
2024-03-27,172.07432556152344,172.36226639285164,168.89714406925813,169.19500814821973,60273300,APPLE,150.9073028564453,151.65220528716614,149.1096074151183,151.11091133945177,16622000,GOOGLE,416.78533935546875,419.7720747256789,414.3920274982848,419.7621752794236,16705000,MICROSOFT,179.8300018310547,180.0,177.30999755859375,179.8800048828125,33272600,AMAZON,613.530029296875,631.3499755859375,610.72998046875,629.010009765625,2628300,NETFLIX,260.20001220703125,269.7200012207031,257.55999755859375,267.0,1427200,SPOTIFY
2024-03-28,170.25733947753906,171.00199196056712,169.29425438748996,170.52541861342735,65672700,APPLE,151.22509765625,151.63231456206125,150.30142605314677,150.966870307604,21105600,GOOGLE,416.0831604003906,417.2204799799258,414.5007882900106,416.32050565351443,21871200,MICROSOFT,180.3800048828125,181.6999969482422,179.25999450683594,180.1699981689453,38051600,AMAZON,607.3300170898438,615.0,601.5900268554688,614.989990234375,3708800,NETFLIX,263.8999938964844,268.5450134277344,258.0,258.5299987792969,1371700,SPOTIFY
2024-04-01,168.8177032470703,170.02900599080004,168.2716216576847,169.96943620832081,46240500,APPLE,155.43630981445312,155.9329114432533,150.61926795305988,150.798052420069,24469800,GOOGLE,419.8907470703125,423.17416401356485,417.56664079478026,419.27758502766966,16316000,MICROSOFT,180.97000122070312,183.0,179.9499969482422,180.7899932861328,29174500,AMAZON,614.3099975585938,615.1099853515625,605.5700073242188,608.0,2115900,NETFLIX,266.42999267578125,267.239990234375,260.79998779296875,262.9700012207031,1122600,SPOTIFY
2024-04-02,167.6361846923828,168.13261974429108,167.0305333230549,167.87447897129715,49329500,APPLE,154.81057739257812,154.9297720816141,152.41696920681449,153.69819466209617,17598100,GOOGLE,416.79522705078125,417.72486953541625,413.2348973416725,415.4798683479255,17912000,MICROSOFT,180.69000244140625,180.7899932861328,178.3800048828125,179.07000732421875,32611500,AMAZON,614.2100219726562,615.030029296875,605.510009765625,611.0,2029200,NETFLIX,269.5799865722656,270.7200012207031,261.3800048828125,261.44000244140625,1930600,SPOTIFY
2024-04-03,168.44039916992188,169.46305411699578,167.37803608655156,167.5865303145986,47691700,APPLE,155.3071746826172,155.48595913367262,153.08439459854065,153.8670331186225,17266200,GOOGLE,415.8161315917969,418.5951594920779,414.47110478435076,415.1040656775575,16502300,MICROSOFT,182.41000366210938,182.8699951171875,179.8000030517578,179.89999389648438,31046600,AMAZON,630.0800170898438,630.4099731445312,611.5,612.75,2931200,NETFLIX,291.7699890136719,293.0,279.0,285.0400085449219,4630800,SPOTIFY
2024-04-04,167.6163330078125,170.69422114433502,167.6163330078125,169.0758380772312,53704400,APPLE,150.9073028564453,155.11847489887006,150.84771308680024,154.02596042686008,24184800,GOOGLE,413.27447509765625,423.9455650411732,412.96789407723793,420.30610003731573,19370900,MICROSOFT,180.0,185.10000610351562,180.0,184.0,41624300,AMAZON,617.1400146484375,638.0,616.5800170898438,633.2100219726562,3064300,NETFLIX,295.9599914550781,304.0,292.75,293.0,3554000,SPOTIFY
2024-04-05,168.37091064453125,169.17513298848516,167.74539764368038,168.3808338913719,42104800,APPLE,152.89370727539062,153.78758411816315,150.0541305184715,150.64905828185488,16297300,GOOGLE,420.83026123046875,421.809370796235,413.7096317572202,415.3810083958257,16554800,MICROSOFT,185.07000732421875,186.27000427246094,181.97000122070312,182.3800048828125,42374000,AMAZON,636.1799926757812,637.9099731445312,622.7100219726562,624.9199829101562,3378800,NETFLIX,310.30999755859375,313.0679931640625,298.67999267578125,298.67999267578125,2988400,SPOTIFY
2024-04-08,167.24896240234375,167.99361496437555,167.04046816897213,167.82482886831443,37425500,APPLE,155.07876586914062,155.59026497303606,152.94338479192584,152.96820881290836,16641500,GOOGLE,419.9104919433594,422.5708472466926,418.63470088049553,420.48411653092035,14272400,MICROSOFT,185.19000244140625,187.2899932861328,184.80999755859375,186.89999389648438,39221300,AMAZON,628.4099731445312,639.0,628.1099853515625,636.3900146484375,2145700,NETFLIX,309.07000732421875,313.15899658203125,307.4100036621094,309.20001220703125,1721200,SPOTIFY
2024-04-09,168.4602508544922,168.86733118994096,167.14967033425899,167.49716574379335,42373800,APPLE,157.06517028808594,158.8032760745094,155.5753653282944,156.28054634416415,21521500,GOOGLE,421.5818786621094,423.0257792491063,416.9732338650976,421.74011889073387,12496900,MICROSOFT,185.6699981689453,187.33999633789062,184.1999969482422,187.24000549316406,36520100,AMAZON,618.2000122070312,631.989990234375,615.6300048828125,631.989990234375,2143600,NETFLIX,300.7300109863281,309.5849914550781,299.1099853515625,308.6000061035156,2541100,SPOTIFY
2024-04-10,166.583740234375,167.88439761067826,165.91851910107465,167.59647195447172,49709300,APPLE,156.58843994140625,157.08504160417482,155.1383564178868,156.80694588543082,16339200,GOOGLE,418.59515380859375,419.35665657798455,415.0743918863348,417.53693930657715,16216600,MICROSOFT,185.9499969482422,186.27000427246094,182.6699981689453,182.77000427246094,35879200,AMAZON,618.5800170898438,620.1400146484375,609.3400268554688,610.969970703125,2806200,NETFLIX,299.989990234375,303.45001220703125,296.0,297.7900085449219,1511200,SPOTIFY
2024-04-11,173.79197692871094,174.208995705804,166.9610408919762,167.13975023930564,91070300,APPLE,159.69715881347656,160.02491773519563,156.85659664699165,157.26381365474083,17841700,GOOGLE,423.21368408203125,424.6378159464607,417.7050650079003,421.1269533333631,17966400,MICROSOFT,189.0500030517578,189.77000427246094,185.50999450683594,186.74000549316406,40020700,AMAZON,628.780029296875,631.6599731445312,617.239990234375,624.4199829101562,2662700,NETFLIX,303.57000732421875,305.739990234375,299.0199890136719,300.7900085449219,1134500,SPOTIFY
2024-04-12,175.2912139892578,177.0883063929916,172.96790166012116,173.0175330436537,101670900,APPLE,158.1080322265625,160.6009669981502,157.52204592984705,158.3215672940823,16989800,GOOGLE,417.25018310546875,420.4940326220514,415.1436532637378,419.3764816595376,19253800,MICROSOFT,186.1300048828125,188.3800048828125,185.0800018310547,187.72000122070312,38608800,AMAZON,622.8300170898438,633.1199951171875,618.9199829101562,628.22998046875,2959300,NETFLIX,300.45001220703125,303.3550109863281,299.0,301.0,1419800,SPOTIFY
2024-04-15,171.458740234375,175.37065085788137,171.27009249111015,174.1097015871075,73531800,APPLE,155.26744079589844,159.73685469852623,155.0886563591536,159.19058996830088,21140900,GOOGLE,409.08123779296875,422.1159721682041,408.8735304979892,421.8983956076828,20273500,MICROSOFT,183.6199951171875,188.69000244140625,183.0,187.42999267578125,48052400,AMAZON,607.1500244140625,630.1699829101562,603.8699951171875,630.1699829101562,3085400,NETFLIX,290.5199890136719,304.5899963378906,290.3500061035156,302.7200012207031,1944000,SPOTIFY
2024-04-16,168.17233276367188,172.5210932508517,167.0702464097302,170.52542991803605,73711200,APPLE,154.93972778320312,156.16136370114802,153.99618760015494,154.58217395903864,15413200,GOOGLE,410.01080322265625,413.7887093494547,409.1701954171728,410.0009339582446,16765600,MICROSOFT,183.32000732421875,184.8300018310547,182.25999450683594,183.27000427246094,32891300,AMAZON,617.52001953125,622.4500122070312,607.5,607.5,3519100,NETFLIX,298.0799865722656,300.92999267578125,289.010009765625,291.1300048828125,1585700,SPOTIFY
2024-04-17,166.8021697998047,169.43326939438703,166.8021697998047,168.4006911997193,50901200,APPLE,155.813720703125,157.6024745493931,155.0737740239414,156.12161126603937,16237800,GOOGLE,407.3010559082031,414.2634756329666,405.80768815023976,412.65143523910365,15855500,MICROSOFT,181.27999877929688,184.57000732421875,179.82000732421875,184.30999755859375,31359700,AMAZON,613.6900024414062,620.969970703125,607.7100219726562,620.969970703125,3312200,NETFLIX,293.5799865722656,300.0450134277344,293.2699890136719,298.32000732421875,1471300,SPOTIFY
2024-04-18,165.84901428222656,167.4376124969012,165.36251763085394,166.83196113193097,43122900,APPLE,156.3897705078125,157.4077976474556,155.14826660333216,155.85840319947644,14016100,GOOGLE,399.8144836425781,407.3505281111276,399.4980333365914,406.1044050559459,21029900,MICROSOFT,179.22000122070312,182.38999938964844,178.64999389648438,181.47000122070312,30723800,AMAZON,610.5599975585938,621.3300170898438,605.4299926757812,612.0999755859375,8468400,NETFLIX,289.20001220703125,296.8009948730469,288.6700134277344,294.7799987792969,2027200,SPOTIFY
2024-04-19,163.82354736328125,165.21355928091162,162.91010879598218,165.02492670994252,68149400,APPLE,154.66160583496094,156.91618137618147,152.86391044082393,156.67780714877986,21479900,GOOGLE,394.72119140625,401.0111119112168,393.38606406583966,399.5770806601768,30565800,MICROSOFT,174.6300048828125,179.0,173.44000244140625,178.74000549316406,56000700,AMAZON,555.0399780273438,579.0,552.1599731445312,567.8800048828125,16449700,NETFLIX,275.8299865722656,285.0,270.45001220703125,284.79998779296875,4245500,SPOTIFY
2024-04-22,164.65756225585938,166.06743588145892,163.59519920100377,164.33985172403135,48116400,APPLE,156.87644958496094,158.10305619927254,154.60202082115646,154.94963286401034,17243900,GOOGLE,396.5409851074219,398.41016978053364,391.38841330967085,395.6706788161048,20286900,MICROSOFT,177.22999572753906,178.8699951171875,174.55999755859375,176.94000244140625,37924900,AMAZON,554.5999755859375,558.6099853515625,542.010009765625,550.6599731445312,8597700,NETFLIX,272.239990234375,280.9700012207031,267.760009765625,280.9700012207031,5589200,SPOTIFY
2024-04-23,165.7100067138672,165.85894631264824,163.74412823991455,164.17107024309314,49537800,APPLE,158.83306884765625,159.38926026709757,156.89135459062405,157.5121066489433,16115400,GOOGLE,403.0780944824219,403.70115595190015,398.61779046162303,399.78477819553336,15734500,MICROSOFT,179.5399932861328,179.92999267578125,175.97999572753906,178.0800018310547,37046500,AMAZON,577.75,579.2100219726562,555.280029296875,556.489990234375,4975500,NETFLIX,303.30999755859375,319.29998779296875,298.5,301.1300048828125,11386200,SPOTIFY
2024-04-24,167.81491088867188,168.09291330855643,165.0249482926904,165.35258209827205,48251800,APPLE,160.00506591796875,160.29308822154107,157.74056348995597,158.00871748308455,19485700,GOOGLE,404.5516662597656,407.92408759573516,402.2967957988556,405.04615566067775,15065300,MICROSOFT,176.58999633789062,180.32000732421875,176.17999267578125,179.94000244140625,34185100,AMAZON,555.1199951171875,576.9099731445312,551.2999877929688,574.3099975585938,5355300,NETFLIX,281.2300109863281,305.6400146484375,278.1400146484375,301.3500061035156,8241500,SPOTIFY
2024-04-25,168.67869567871094,169.39356334150216,166.9510963019663,168.3212618473153,50558300,APPLE,156.87644958496094,157.20420847456293,151.72967873273606,152.3176503256472,36197800,GOOGLE,394.6421203613281,395.4827584021969,383.7534537964164,389.6873267702122,40586500,MICROSOFT,173.6699981689453,173.9199981689453,166.32000732421875,169.67999267578125,49249400,AMAZON,564.7999877929688,566.5399780273438,545.7100219726562,549.4600219726562,3807100,NETFLIX,289.0199890136719,291.375,271.6499938964844,275.6700134277344,3711400,SPOTIFY
2024-04-26,168.0928955078125,170.1183436596222,167.97374080476908,168.66876193087458,44838400,APPLE,172.50949096679688,175.2209318481347,170.23504682584894,174.79386168533992,56500800,GOOGLE,401.8418273925781,408.4481977790185,401.2880017422918,407.62735874845515,29694700,MICROSOFT,179.6199951171875,180.82000732421875,176.1300048828125,177.8000030517578,43919800,AMAZON,561.22998046875,562.9199829101562,553.1900024414062,558.2100219726562,4332600,NETFLIX,289.5899963378906,294.0,284.8399963378906,292.6499938964844,2477200,SPOTIFY
2024-04-29,172.26295471191406,174.7749147415349,171.86581274952138,172.1338767566388,68169400,APPLE,166.75881958007812,170.21517780105322,165.92453248746162,169.60932321246955,35914600,GOOGLE,397.8167419433594,401.84189310160997,394.79046908042733,400.7836784898605,19582100,MICROSOFT,180.9600067138672,183.52999877929688,179.38999938964844,182.75,54063900,AMAZON,559.489990234375,559.6400146484375,554.239990234375,559.1799926757812,2508900,NETFLIX,286.239990234375,290.9100036621094,284.2300109863281,289.010009765625,1680600,SPOTIFY
2024-04-30,169.1155548095703,173.74233280675443,168.78790588015656,172.09416491333778,65934800,APPLE,163.52098083496094,168.71542953697917,163.38193298755766,166.24236316851517,29420800,GOOGLE,385.0390930175781,397.72770759660574,384.880882973138,397.06507853790987,28781400,MICROSOFT,175.0,182.99000549316406,174.8000030517578,181.08999633789062,94639800,AMAZON,550.6400146484375,560.0,549.3800048828125,560.0,3361500,NETFLIX,280.44000244140625,288.45001220703125,280.3699951171875,287.0,1258100,SPOTIFY
2024-05-01,168.0928955078125,171.47858587357683,167.90424778215495,168.37089789825708,50383100,APPLE,164.4446563720703,167.66262494833143,163.7791969107278,165.05049575778264,25223200,GOOGLE,390.5872802734375,397.29255516859246,386.0083037107917,388.2829428234783,23562500,MICROSOFT,179.0,185.14999389648438,176.55999755859375,181.63999938964844,94645100,AMAZON,551.7100219726562,560.3900146484375,544.25,547.8400268554688,3473200,NETFLIX,284.5400085449219,290.8800048828125,280.6600036621094,280.6600036621094,1671600,SPOTIFY
2024-05-02,171.7963104248047,172.18352915382397,169.67156903864844,171.2800137361139,94214900,APPLE,167.31503295898438,167.38454930866686,164.56385560131912,165.53719058243047,17041100,GOOGLE,393.4553527832031,395.5223150142754,390.3005077512401,393.2773438288502,17709400,MICROSOFT,184.72000122070312,185.10000610351562,179.91000366210938,180.85000610351562,54303500,AMAZON,565.1500244140625,565.4600219726562,555.5900268554688,556.02001953125,3068200,NETFLIX,294.1700134277344,294.3900146484375,283.3900146484375,287.5150146484375,1628000,SPOTIFY
2024-05-03,182.072509765625,185.66669440285864,181.3576421366733,185.3191838346203,163224100,APPLE,167.84141540527344,168.69557076948902,163.8586608459886,168.38766504505602,22767100,GOOGLE,402.1781005859375,402.6626905136215,397.4309844950286,397.8463688482122,17446700,MICROSOFT,186.2100067138672,187.8699951171875,185.4199981689453,186.99000549316406,39172000,AMAZON,579.3400268554688,580.260009765625,565.1599731445312,566.0,3307500,NETFLIX,296.07000732421875,298.82000732421875,292.0400085449219,294.80999755859375,1503900,SPOTIFY
2024-05-06,180.4144287109375,182.88666551151155,179.1336178251023,181.04986495546194,78569700,APPLE,168.67568969726562,168.7452060358536,166.74887319670347,168.06983518064635,15147900,GOOGLE,408.9822998046875,409.36798584093685,401.89130855665024,404.25498236640857,16996600,MICROSOFT,188.6999969482422,188.75,184.8000030517578,186.27999877929688,34725300,AMAZON,596.969970703125,597.3400268554688,580.25,581.8200073242188,3686300,NETFLIX,299.4800109863281,300.0400085449219,294.6199951171875,298.0,1395100,SPOTIFY
2024-05-07,181.0994873046875,183.5816623782166,180.02720100491794,182.1420038655686,77305800,APPLE,171.80430603027344,172.29098111284586,168.84456438043873,168.96374392919932,21102400,GOOGLE,404.82855224609375,410.09982581142424,404.58130756204883,410.08992636606695,20018200,MICROSOFT,188.75999450683594,189.94000244140625,187.30999755859375,188.9199981689453,34048900,AMAZON,606.0,606.0499877929688,591.3200073242188,596.280029296875,3614100,NETFLIX,298.04998779296875,299.8299865722656,294.760009765625,296.5400085449219,1332100,SPOTIFY
2024-05-08,181.43707275390625,181.76472167822584,180.1562619452029,181.5462890620128,45057100,APPLE,169.99667358398438,170.74057579361528,169.3630094192717,169.58945661024885,14569900,GOOGLE,406.0153503417969,407.68672686794355,402.2275447730789,403.6714754994307,11792300,MICROSOFT,188.0,188.42999267578125,186.38999938964844,187.44000244140625,26136400,AMAZON,609.469970703125,618.219970703125,601.6300048828125,601.6300048828125,3093900,NETFLIX,298.6499938964844,303.2950134277344,296.1700134277344,297.54998779296875,2108700,SPOTIFY
2024-05-09,183.25404357910156,183.34339825305352,180.81157644111198,181.25836496086742,48983000,APPLE,170.413818359375,171.26797377514256,168.77502387588422,169.98673307395165,11937700,GOOGLE,407.7757568359375,408.1713423301442,404.59124380852967,406.0450438901993,14689700,MICROSOFT,189.5,191.6999969482422,187.44000244140625,188.8800048828125,43368400,AMAZON,612.0900268554688,615.719970703125,605.75,614.4000244140625,2065400,NETFLIX,298.6600036621094,301.3699951171875,294.2619934082031,298.8800048828125,844700,SPOTIFY
2024-05-10,181.99139404296875,184.01958970422,181.07671637844012,183.83068607894495,50759500,APPLE,169.13255310058594,170.17541941046244,166.76873997395305,168.5366403199972,18740500,GOOGLE,410.1690368652344,410.8019977518393,407.2614369275202,408.38888718882157,13402300,MICROSOFT,187.47999572753906,189.88999938964844,186.92999267578125,189.16000366210938,34141800,AMAZON,610.8699951171875,623.97998046875,605.0599975585938,619.0,2653600,NETFLIX,294.6000061035156,303.656005859375,293.0799865722656,300.2099914550781,943800,SPOTIFY
2024-05-13,185.2026824951172,186.01794745703555,183.55227916041125,184.3675441223296,72044800,APPLE,169.7384490966797,169.78811229596928,164.63338440437045,164.71979867423596,19648600,GOOGLE,409.1602783203125,413.73925463493686,406.2922460610267,413.403005491002,15440200,MICROSOFT,186.57000732421875,188.30999755859375,185.36000061035156,188.0,24898600,AMAZON,616.5900268554688,618.219970703125,606.8300170898438,614.2999877929688,2086200,NETFLIX,289.7099914550781,295.4100036621094,287.1700134277344,294.6499938964844,898800,SPOTIFY
2024-05-14,186.3460235595703,187.2110023802185,185.2126171602605,186.42556271379902,52393600,APPLE,170.7614288330078,171.60565766413922,169.2616973696119,170.42374336258686,18729500,GOOGLE,411.9690246582031,412.8887677392151,407.01423099397886,407.47905225770086,15109300,MICROSOFT,187.07000732421875,187.72000122070312,183.4499969482422,183.82000732421875,38698200,AMAZON,613.6599731445312,621.47998046875,608.4000244140625,615.1699829101562,2792400,NETFLIX,290.1199951171875,291.5350036621094,286.2049865722656,287.7200012207031,917900,SPOTIFY
2024-05-15,188.622802734375,189.54741702859607,186.2863873072406,186.8232728469217,70400000,APPLE,172.69818115234375,172.8630532509762,170.86074912895955,171.1289182424168,20958200,GOOGLE,419.1718444824219,419.8951120945601,413.4155159621218,414.0397012631118,22239500,MICROSOFT,185.99000549316406,186.72000122070312,182.72999572753906,185.97000122070312,75459900,AMAZON,613.52001953125,624.0999755859375,609.0999755859375,618.5700073242188,5670600,NETFLIX,303.0400085449219,303.07000732421875,295.3900146484375,298.8500061035156,2013600,SPOTIFY
2024-05-16,188.7421112060547,189.99483406684226,188.56315946625315,189.36847263644847,52845200,APPLE,174.23764038085938,175.14145898339967,172.8670301894522,173.4132950126952,17247300,GOOGLE,417.10113525390625,421.4902365295034,416.4670629155656,417.9036505371182,17530100,MICROSOFT,183.6300048828125,187.30999755859375,183.4600067138672,185.60000610351562,38834500,AMAZON,610.52001953125,618.3400268554688,609.0900268554688,615.75,3056400,NETFLIX,298.1199951171875,304.9200134277344,297.8599853515625,302.5400085449219,1316100,SPOTIFY
2024-05-17,188.7719268798828,189.70649303935699,188.08591490450098,188.4140082479681,41282900,APPLE,176.08497619628906,176.28858465648682,173.79067939149425,174.35681244986029,16546400,GOOGLE,416.3283386230469,419.0133270061195,414.16848343784375,418.6368323849846,15352200,MICROSOFT,184.6999969482422,185.3000030517578,183.35000610351562,183.75999450683594,33175700,AMAZON,621.0999755859375,625.7899780273438,614.7100219726562,617.0,3782700,NETFLIX,302.82000732421875,302.8699951171875,298.1199951171875,299.95001220703125,893600,SPOTIFY
2024-05-20,189.93516540527344,190.81008101901142,187.91690657220929,188.2350632210391,44361300,APPLE,177.2470703125,178.72693355301104,176.02046361193018,176.10487740688396,17495100,GOOGLE,421.4109802246094,422.82776355183796,416.11039402133315,416.32836301288194,16272100,MICROSOFT,183.5399932861328,186.6699981689453,183.27999877929688,184.33999633789062,30511800,AMAZON,640.8200073242188,644.3699951171875,619.52001953125,620.4000244140625,3857900,NETFLIX,308.2099914550781,312.69000244140625,303.0,303.0,1487500,SPOTIFY
2024-05-21,191.2375946044922,191.6153866469515,189.815856788038,189.98487181213304,42309400,APPLE,178.3197021484375,178.59781299691733,176.10486317775027,177.18745106671037,14706000,GOOGLE,425.0768127441406,428.9705026738853,420.92551485184475,422.8872055338078,21453300,MICROSOFT,183.14999389648438,183.25999450683594,180.75,182.3000030517578,50839100,AMAZON,650.6099853515625,650.8800048828125,634.219970703125,636.760009765625,2920200,NETFLIX,304.92999267578125,307.9800109863281,302.375,304.8500061035156,1028900,SPOTIFY
2024-05-22,189.79595947265625,191.70486886169914,189.1696132758398,191.15804664976199,34648500,APPLE,176.79019165039062,177.63640585320144,175.57848238285234,177.18746691791006,16189400,GOOGLE,426.5431213378906,428.41567724259045,423.1844517072994,426.1171006588035,18073700,MICROSOFT,183.1300048828125,185.22000122070312,181.97000122070312,183.8800048828125,28148800,AMAZON,640.469970703125,649.25,638.1199951171875,647.1400146484375,2176200,NETFLIX,298.760009765625,306.69000244140625,295.7099914550781,306.0,1376800,SPOTIFY
2024-05-23,185.7992401123047,189.89540846653745,185.55068591274116,189.87551988281993,51005900,APPLE,173.87014770507812,178.687189229979,173.3536778037816,177.5648647776648,14928400,GOOGLE,423.0556335449219,429.5946728037583,421.49024192824197,428.9704875231151,17211700,MICROSOFT,181.0500030517578,184.75999450683594,180.0800018310547,183.66000366210938,33670200,AMAZON,635.6699829101562,642.7100219726562,630.0,642.3400268554688,2313900,NETFLIX,300.510009765625,305.82000732421875,296.9800109863281,302.9200134277344,1013300,SPOTIFY
2024-05-24,188.8813018798828,189.47783802324832,186.95251887628444,187.7280219308774,36327000,APPLE,175.13153076171875,176.098909756579,174.0092062404227,175.32024180389195,11403600,GOOGLE,426.18646240234375,427.07814273445496,420.4895772016025,423.2438961414034,11855300,MICROSOFT,180.75,182.44000244140625,180.3000030517578,181.64999389648438,27471600,AMAZON,646.75,652.0,637.5999755859375,639.4000244140625,2615300,NETFLIX,308.1600036621094,309.6400146484375,298.0,298.0,1165600,SPOTIFY
2024-05-28,188.8912353515625,191.88382214222983,188.00638309980087,190.40243380522858,52280100,APPLE,176.81004333496094,177.29670321864995,174.48593625775842,174.54554118185376,15655300,GOOGLE,426.3450012207031,426.8403825578059,422.6593628632313,425.6613725566471,15718000,MICROSOFT,182.14999389648438,182.24000549316406,179.49000549316406,179.92999267578125,29927000,AMAZON,649.0,649.75,643.030029296875,647.0499877929688,2609500,NETFLIX,310.2900085449219,312.0,306.0,307.0,1080600,SPOTIFY
2024-05-29,189.18951416015625,191.13818582461732,188.41402624535667,188.51345399670836,53068000,APPLE,176.1942596435547,177.01862020250041,175.06200848592263,175.60827333282398,15023800,GOOGLE,425.20562744140625,426.95926647856015,421.75776247263485,421.75776247263485,15517100,MICROSOFT,182.02000427246094,184.0800018310547,181.5500030517578,181.6999969482422,32009300,AMAZON,654.6199951171875,664.25,643.8900146484375,644.1300048828125,3695900,NETFLIX,307.5199890136719,309.1549987792969,304.1000061035156,307.7099914550781,1102600,SPOTIFY
2024-05-30,190.18373107910156,191.06858345257766,189.52755949973073,189.6567973718936,49889100,APPLE,172.38035583496094,175.48908689657685,172.0525969396879,175.48908689657685,18826300,GOOGLE,410.83953857421875,420.3805569661453,410.4134876792539,420.3805569661453,28394500,MICROSOFT,179.32000732421875,181.33999633789062,178.36000061035156,181.30999755859375,29184700,AMAZON,647.6599731445312,656.489990234375,644.72998046875,653.52001953125,2388900,NETFLIX,304.69000244140625,307.2349853515625,301.5899963378906,305.45001220703125,703900,SPOTIFY
2024-05-31,191.13816833496094,191.45632497373828,188.81170480343985,190.33285520255313,75158300,APPLE,172.7776641845703,173.2345292459978,169.8079806649689,172.22145756944886,28085200,GOOGLE,411.2952880859375,412.90031868017155,400.7733939809139,412.90031868017155,47995300,MICROSOFT,176.44000244140625,179.2100067138672,173.8699951171875,178.3000030517578,58903900,AMAZON,641.6199951171875,648.5800170898438,628.2999877929688,644.010009765625,4071000,NETFLIX,296.7799987792969,304.6499938964844,292.2099914550781,301.8900146484375,1478300,SPOTIFY
2024-06-03,192.90786743164062,193.86232215027837,191.40660565779223,191.7843976924141,50080500,APPLE,173.23451232910156,174.66472746101607,171.2779006771184,172.6981892321732,20742800,GOOGLE,409.7001647949219,412.58328776743826,405.14268074171713,411.6916074194493,17484700,MICROSOFT,178.33999633789062,178.6999969482422,175.9199981689453,177.6999969482422,30786600,AMAZON,633.7899780273438,646.780029296875,627.27001953125,645.219970703125,2323500,NETFLIX,313.6199951171875,317.0,307.3550109863281,313.010009765625,2279200,SPOTIFY
2024-06-04,193.22601318359375,194.19040455366581,191.91363991566558,193.51432933882765,47471400,APPLE,173.93968200683594,173.99927177427736,172.04266024953338,173.26429594731727,14066600,GOOGLE,412.22662353515625,412.5932008783865,405.89563568095855,408.62023297171766,14348900,MICROSOFT,179.33999633789062,179.82000732421875,176.44000244140625,177.63999938964844,27198400,AMAZON,631.6199951171875,635.22998046875,626.4400024414062,633.780029296875,3008200,NETFLIX,326.67999267578125,326.760009765625,310.5,312.6400146484375,3484800,SPOTIFY
2024-06-05,194.7372283935547,195.76127042413225,193.74301165159252,194.269945311189,54156800,APPLE,175.8665008544922,176.7603776874857,174.0985851861043,175.33513349634194,15233900,GOOGLE,420.09326171875,420.16259212196985,412.4544602663816,413.9505214749818,16988000,MICROSOFT,181.27999877929688,181.5,178.75,180.10000610351562,32116400,AMAZON,650.27001953125,651.25,628.25,634.02001953125,2682600,NETFLIX,324.75,331.0799865722656,322.54998779296875,326.54998779296875,1822700,SPOTIFY
2024-06-06,193.35528564453125,195.36360789712964,193.047080853253,194.55829468881035,41181800,APPLE,177.13780212402344,177.4953558930094,176.00555104808095,176.22404181599816,14255800,GOOGLE,420.59857177734375,421.38128277867503,416.69496430881213,420.0933033590934,14861300,MICROSOFT,185.0,185.0,181.49000549316406,181.75,31371200,AMAZON,648.52001953125,657.989990234375,644.239990234375,644.8900146484375,2466700,NETFLIX,319.510009765625,328.6300048828125,318.1000061035156,325.0,1229200,SPOTIFY
2024-06-07,195.75132751464844,195.80104138427978,193.0172315608974,193.5242766218339,53103900,APPLE,174.75411987304688,178.2005365812026,174.59520370576436,177.24706988766712,14716300,GOOGLE,419.9347839355469,422.3423300829449,419.09262957838365,422.26308236922915,13621700,MICROSOFT,184.3000030517578,186.2899932861328,183.36000061035156,184.89999389648438,28021500,AMAZON,641.469970703125,650.4000244140625,640.239990234375,649.3800048828125,1876600,NETFLIX,308.2099914550781,319.04998779296875,307.6700134277344,318.989990234375,2137700,SPOTIFY
2024-06-10,192.00311279296875,196.15894623968046,191.0387214378687,195.76125048108446,97010200,APPLE,175.62911987304688,177.45868975619194,173.39186963927978,175.45013196473693,17099800,GOOGLE,423.9175720214844,424.1256236932488,419.97435638061353,420.7768716359503,13982900,MICROSOFT,187.05999755859375,187.22999572753906,183.7899932861328,184.07000732421875,34445600,AMAZON,644.5,644.7899780273438,635.5900268554688,641.010009765625,2064400,NETFLIX,309.0,312.1600036621094,305.3659973144531,309.4599914550781,1547700,SPOTIFY
2024-06-11,205.95199584960938,205.96194772636147,192.51019617172983,192.53006958414636,172373300,APPLE,177.1802978515625,177.3791615272651,174.4458805867554,176.7129598688821,14402400,GOOGLE,428.68316650390625,428.82188778491104,421.3218074365333,421.54969372575147,14551100,MICROSOFT,187.22999572753906,187.77000427246094,184.5399932861328,187.05999755859375,27265100,AMAZON,648.5499877929688,650.1900024414062,640.52001953125,640.719970703125,2167400,NETFLIX,310.0,319.375,306.0799865722656,319.0,1808800,SPOTIFY
2024-06-12,211.83778381347656,218.9265393804105,205.7034527218097,206.1707358379729,198134300,APPLE,178.54249572753906,181.0482200434598,176.77258356019271,178.7314214935462,18600400,GOOGLE,436.98577880859375,439.3041598174871,429.2479248102113,431.29881078427445,22366200,MICROSOFT,186.88999938964844,188.35000610351562,185.42999267578125,188.02000427246094,33984200,AMAZON,650.0599975585938,655.780029296875,643.1099853515625,652.2100219726562,2094400,NETFLIX,315.489990234375,316.1099853515625,309.2900085449219,311.0,1139400,SPOTIFY
2024-06-13,213.0010223388672,215.49650115847567,210.37629047483145,213.4981307613781,97862700,APPLE,175.73851013183594,177.49846952158737,175.658961630306,176.83226789014032,15956900,GOOGLE,437.5009765625,439.2942848532079,435.31139947750404,436.7777391476236,15960600,MICROSOFT,183.8300018310547,187.6699981689453,182.6699981689453,186.08999633789062,39721500,AMAZON,653.260009765625,655.25,642.3499755859375,644.0,1863600,NETFLIX,306.010009765625,314.8370056152344,300.7900085449219,313.1400146484375,2135600,SPOTIFY
2024-06-14,211.2611083984375,213.9256018265929,210.07798811856898,212.61324369392398,70122700,APPLE,177.3592529296875,177.7172135792028,174.8555311299011,174.8555311299011,12361600,GOOGLE,438.4818115234375,439.0465534624952,432.6858442612151,434.23143149971776,13582000,MICROSOFT,183.66000366210938,183.72000122070312,182.22999572753906,183.0800018310547,25456400,AMAZON,669.3800048828125,675.5800170898438,652.6400146484375,655.0499877929688,4447100,NETFLIX,313.0199890136719,316.70001220703125,305.8500061035156,307.2300109863281,2047100,SPOTIFY
2024-06-17,215.4169464111328,217.6837594401996,211.4897931914233,212.13602802573277,93728300,APPLE,177.76693725585938,178.9004768092494,175.48992027637692,175.977133968316,15272900,GOOGLE,444.228271484375,446.77453890586355,436.6489427993387,438.5016642294944,20790000,MICROSOFT,184.05999755859375,185.0,181.22000122070312,182.52000427246094,35601900,AMAZON,675.8300170898438,682.7100219726562,665.1099853515625,669.1099853515625,3631200,NETFLIX,311.2200012207031,317.4519958496094,310.8800048828125,312.6700134277344,1326000,SPOTIFY
2024-06-18,213.05068969726562,217.36560169939582,211.76815683093403,216.33160783720555,79943300,APPLE,175.45013427734375,177.89620124099332,174.62483569288585,177.7768709097724,15640300,GOOGLE,442.2170104980469,445.9819268194956,440.7804227549636,445.55587588842855,17112500,MICROSOFT,182.80999755859375,184.2899932861328,181.42999267578125,183.74000549316406,36659200,AMAZON,685.6699829101562,687.0599975585938,674.6400146484375,675.6300048828125,2943800,NETFLIX,309.8999938964844,312.30999755859375,305.489990234375,310.0,1218500,SPOTIFY
2024-06-20,208.4673614501953,213.00100258632773,207.64217489543017,212.6927826496957,86172500,APPLE,176.7030029296875,177.7271651627615,175.46008612524582,175.70866948613414,16753200,GOOGLE,441.5829162597656,442.4052359389207,437.1938148300054,442.17734964919055,19877400,MICROSOFT,186.10000610351562,186.50999450683594,182.72000122070312,182.91000366210938,44726800,AMAZON,679.030029296875,689.8800048828125,673.719970703125,681.7999877929688,2585100,NETFLIX,313.8900146484375,317.29998779296875,310.6499938964844,311.6400146484375,1476200,SPOTIFY
2024-06-21,206.29005432128906,210.66460227969185,205.91224707350656,209.17327704334386,241805100,APPLE,179.23855590820312,181.47779391601637,177.0510251857919,177.47859649151792,58903200,GOOGLE,445.625244140625,446.4178422030527,442.3854610099622,443.24741971766383,34187100,MICROSOFT,189.0800018310547,189.27999877929688,185.86000061035156,187.8000030517578,70792500,AMAZON,686.1199951171875,686.9000244140625,678.0999755859375,683.260009765625,4506400,NETFLIX,317.739990234375,319.0400085449219,308.3999938964844,311.7099914550781,1397900,SPOTIFY
2024-06-24,206.936279296875,211.46990537136972,205.39524025887107,206.51871007112354,80727000,APPLE,179.7655487060547,181.04824743123444,179.20872436768917,180.25277758828716,18198300,GOOGLE,443.53472900390625,448.5677899641911,442.286358388998,445.64502805126915,15913700,MICROSOFT,185.57000732421875,191.0,185.3300018310547,189.3300018310547,50610400,AMAZON,669.02001953125,685.5,664.5,685.0,3916300,NETFLIX,314.989990234375,319.5,310.6700134277344,317.739990234375,1484900,SPOTIFY
2024-06-25,207.8608856201172,210.1575236910433,207.40353927876774,207.9404096033113,55549700,APPLE,184.52842712402344,184.69746201151094,180.078778296,180.11856013560077,18797000,GOOGLE,446.7844543457031,447.2501140269302,442.6232388864113,444.1093829453472,16413400,MICROSOFT,186.33999633789062,188.83999633789062,185.4199981689453,186.80999755859375,45366400,AMAZON,672.4099731445312,673.6699829101562,662.2999877929688,673.4400024414062,2270600,NETFLIX,321.2799987792969,322.7300109863281,312.614990234375,317.9100036621094,1038600,SPOTIFY
2024-06-26,212.0167236328125,213.61741321993355,209.42181728774156,210.2768443064002,66213200,APPLE,184.31959533691406,184.87641966721847,182.94742542932823,183.15622696702985,13375700,GOOGLE,447.9832763671875,449.40997710686634,444.0499471482649,444.8524625348744,16507000,MICROSOFT,193.61000061035156,194.8000030517578,186.25999450683594,186.9199981689453,65103900,AMAZON,677.6900024414062,682.9600219726562,670.02001953125,672.4099731445312,3545800,NETFLIX,318.9599914550781,322.0,316.19000244140625,320.0,1245600,SPOTIFY
2024-06-27,212.86183166503906,214.49234667698786,211.12195219378995,213.44841596012938,49772700,APPLE,185.80116271972656,186.43753556757085,184.39914881090033,184.59305113060682,13025700,GOOGLE,448.6668701171875,451.9562093572158,447.5968295279366,448.00304584092294,14806300,MICROSOFT,197.85000610351562,199.83999633789062,194.1999969482422,195.00999450683594,74397500,AMAZON,684.3400268554688,688.5700073242188,678.1400146484375,679.3499755859375,2404800,NETFLIX,315.3800048828125,324.55999755859375,314.239990234375,319.2900085449219,1492600,SPOTIFY
2024-06-28,209.40191650390625,214.8204096554565,209.08377504858177,214.52214161134154,82542700,APPLE,182.38064575195312,185.5227432016718,182.2861828572196,184.66761579883254,23032400,GOOGLE,442.82135009765625,451.1734714446709,442.28632983499693,448.88481228887935,28362300,MICROSOFT,193.25,198.85000610351562,192.5,197.72999572753906,76930200,AMAZON,674.8800048828125,687.0,673.0800170898438,679.0,3412400,NETFLIX,313.7900085449219,317.989990234375,306.2099914550781,315.3900146484375,4935000,SPOTIFY
2024-07-01,215.49649047851562,216.2520897818886,210.69442153458442,210.86343656939636,60402900,APPLE,183.444580078125,184.28975439076217,181.6945435299368,183.43462703353134,11815900,GOOGLE,452.5110168457031,453.1450891922846,441.5432675183624,444.5155553424217,17662800,MICROSOFT,197.1999969482422,198.3000030517578,192.82000732421875,193.49000549316406,41192000,AMAZON,673.6099853515625,675.02001953125,663.780029296875,674.8900146484375,2212800,NETFLIX,313.8399963378906,314.4200134277344,306.80999755859375,313.6400146484375,1080500,SPOTIFY
2024-07-02,218.99612426757812,219.10548871515067,213.85602557275527,214.89994100712372,58046200,APPLE,185.5525665283203,185.89063626145088,182.0226797308145,182.43036008846724,12555500,GOOGLE,455.0374450683594,455.3445790550665,448.9244265313974,449.01362177266395,13979800,MICROSOFT,200.0,200.42999267578125,195.92999267578125,197.27999877929688,45600000,AMAZON,679.5800170898438,681.739990234375,670.0700073242188,673.5399780273438,2411400,NETFLIX,315.54998779296875,316.6449890136719,309.42999267578125,314.0199890136719,913200,SPOTIFY
2024-07-03,220.2687225341797,220.2687225341797,217.76329209306175,218.72768354780237,37369800,APPLE,186.32814025878906,186.55683269872398,184.33449688272273,185.24432046483227,7409100,GOOGLE,456.513671875,456.7613625247601,453.6503836863243,453.9575176731728,9932800,MICROSOFT,197.58999633789062,200.02999877929688,196.75999450683594,199.94000244140625,31597900,AMAZON,682.510009765625,683.75,675.5,677.47998046875,1403500,NETFLIX,314.79998779296875,316.0799865722656,311.010009765625,315.29998779296875,661800,SPOTIFY
2024-07-05,225.031005859375,225.14037030398515,220.36812707547224,220.36812707547224,60412400,APPLE,190.8722686767578,191.1705565941188,186.25856176289477,186.25856176289477,14303400,GOOGLE,463.240966796875,464.0236777303131,454.7303195449201,455.36439189726417,16000300,MICROSOFT,200.0,200.5500030517578,198.1699981689453,198.64999389648438,39858900,AMAZON,690.6500244140625,697.489990234375,677.22998046875,682.510009765625,2659100,NETFLIX,316.8500061035156,317.0899963378906,313.5299987792969,315.0,939700,SPOTIFY
2024-07-08,226.50247192382812,226.53229721329785,221.95889400104966,225.7766827586142,59085900,APPLE,189.400634765625,190.59284569184211,188.2472194735337,190.28062959522862,12097600,GOOGLE,461.93316650390625,463.3797017370924,460.1696102030399,462.24030050538414,12962300,MICROSOFT,199.2899932861328,201.1999969482422,197.9600067138672,200.0399932861328,34767300,AMAZON,685.739990234375,688.8599853515625,681.489990234375,687.0,1930800,NETFLIX,313.7099914550781,322.0,309.010009765625,321.94000244140625,1733300,SPOTIFY
2024-07-09,227.35748291015625,228.07332019577044,225.0608446065374,226.6118203351868,48076100,APPLE,189.36087036132812,191.76715556228163,189.15205365470237,190.66344479257373,10198500,GOOGLE,455.2950439453125,463.0130626647768,453.76926110791277,462.6861243174569,17207200,MICROSOFT,199.33999633789062,200.57000732421875,199.0500030517578,199.39999389648438,32700100,AMAZON,685.739990234375,695.27001953125,684.719970703125,690.0,2596100,NETFLIX,311.54998779296875,315.42999267578125,310.6400146484375,315.260009765625,1448600,SPOTIFY
2024-07-10,231.63262939453125,231.732057144285,227.92420492099558,227.97391879587246,62627700,APPLE,191.56829833984375,192.2146090546467,189.5398494759331,189.66911768782384,12052900,GOOGLE,461.94305419921875,462.1511058756038,454.6213041996988,456.9595196174992,18196100,MICROSOFT,199.7899932861328,200.11000061035156,197.69000244140625,200.0,32883800,AMAZON,677.6500244140625,687.219970703125,673.1599731445312,685.02001953125,2651900,NETFLIX,304.989990234375,312.30999755859375,304.8500061035156,308.0,2220300,SPOTIFY
2024-07-11,226.25392150878906,231.04603853364384,224.46432825800636,230.0518217466028,64710600,APPLE,186.23866271972656,191.31970737889765,185.7613869004445,190.25576327897286,16452000,GOOGLE,450.4997863769531,460.4866605260143,447.37885985942484,458.70329986086364,23111200,MICROSOFT,195.0500030517578,200.27000427246094,192.86000061035156,200.08999633789062,44565000,AMAZON,652.75,672.489990234375,647.4400024414062,672.489990234375,5106600,NETFLIX,300.9800109863281,314.0199890136719,297.1099853515625,312.7300109863281,2288400,SPOTIFY
2024-07-12,229.20672607421875,231.29458734662404,227.357482286545,227.59609977127653,53046500,APPLE,185.72158813476562,187.62076853838755,185.0852153762925,185.8607942015465,14449100,GOOGLE,449.3603515625,452.1443919655522,446.4871461564221,450.13314515773027,16324300,MICROSOFT,194.49000549316406,196.47000122070312,193.8300018310547,194.8000030517578,30598500,AMAZON,647.5999755859375,655.9199829101562,643.7100219726562,652.75,3355200,NETFLIX,302.2699890136719,307.44000244140625,300.3900146484375,302.1300048828125,1244500,SPOTIFY
2024-07-15,233.04440307617188,235.8580383346859,231.7419815445035,235.11237576276483,62631300,APPLE,187.12362670898438,188.82392852398232,185.43326276710425,185.43326276710425,12186000,GOOGLE,449.7666320800781,453.03616716967895,447.26000362922343,449.112725062158,14429400,MICROSOFT,192.72000122070312,196.19000244140625,190.8300018310547,194.55999755859375,40683200,AMAZON,656.4500122070312,667.5399780273438,646.6300048828125,647.5,3208800,NETFLIX,302.1499938964844,308.1199951171875,299.3999938964844,302.2699890136719,1145500,SPOTIFY
2024-07-16,233.46197509765625,234.9035862928846,230.98637002864072,233.64092682357534,43234300,APPLE,184.4488525390625,189.26142273214708,184.07100097790882,187.88925290644931,12760100,GOOGLE,445.3676452636719,450.10348983727977,442.5340784087055,450.024242123689,17175700,MICROSOFT,193.02000427246094,196.6199951171875,192.24000549316406,195.58999633789062,33994700,AMAZON,656.3200073242188,663.6799926757812,649.1300048828125,661.7999877929688,2685700,NETFLIX,298.5,304.8699951171875,294.8500061035156,303.7799987792969,1424700,SPOTIFY
2024-07-17,227.55633544921875,230.1214164943178,225.32928445945876,228.1230311101644,57345900,APPLE,181.58517456054688,184.18038554020822,180.59084108439043,183.6334990938572,17376600,GOOGLE,439.42303466796875,440.7407659095282,435.12312844393387,438.5016326704633,21778000,MICROSOFT,187.92999267578125,191.5800018310547,185.99000549316406,191.35000610351562,48076100,AMAZON,647.4600219726562,650.4500122070312,639.469970703125,650.0,4017300,NETFLIX,294.739990234375,299.3800048828125,290.8699951171875,294.7900085449219,1982100,SPOTIFY
2024-07-18,222.88351440429688,229.1073212664266,220.98457185049298,228.9482429378798,66034600,APPLE,178.20443725585938,183.007069508874,177.2001659608237,182.49994975293632,17877200,GOOGLE,436.3021545410156,440.5426175824252,430.38730015927666,440.23548357189634,20794800,MICROSOFT,183.75,189.67999267578125,181.4499969482422,189.58999633789062,51043600,AMAZON,643.0399780273438,657.0399780273438,639.1699829101562,656.5999755859375,7575800,NETFLIX,290.1600036621094,298.32000732421875,288.07000732421875,296.6600036621094,1817300,SPOTIFY
2024-07-19,223.0127410888672,225.48834608374398,221.9886991219942,223.5198013048721,49151500,APPLE,178.37347412109375,180.93885620153185,177.84647861485163,179.34791663817788,14485900,GOOGLE,433.072265625,437.06506829851725,428.00948278389916,429.0993277918271,20940400,MICROSOFT,183.1300048828125,184.92999267578125,180.11000061035156,181.13999938964844,43081800,AMAZON,633.3400268554688,678.969970703125,629.1199951171875,660.6400146484375,9815600,NETFLIX,295.0899963378906,298.3800048828125,290.5,292.2300109863281,1782400,SPOTIFY
2024-07-22,222.664794921875,226.4626951020567,221.799816014305,225.69714393989972,48201800,APPLE,182.31103515625,183.25564885280767,180.86923958683062,181.3167017551738,16303900,GOOGLE,438.848388671875,440.49305821693935,434.85561660140024,437.7090177284673,15808800,MICROSOFT,182.5500030517578,185.05999755859375,182.47999572753906,185.0,39931900,AMAZON,647.5,656.2899780273438,632.5999755859375,639.5,5219100,NETFLIX,295.45001220703125,300.7200012207031,290.1300048828125,298.0,3122100,SPOTIFY
2024-07-23,223.7086944580078,225.6275405798551,221.392167723929,223.0723963761116,39960300,APPLE,182.5596466064453,184.17046210898496,182.29117229858005,182.79827694914692,23772600,GOOGLE,440.74078369140625,444.2480920401895,439.00694900358457,439.7995470523178,13107100,MICROSOFT,186.41000366210938,189.38999938964844,183.55999755859375,184.10000610351562,47537700,AMAZON,642.760009765625,649.9099731445312,641.0,647.5,2463600,NETFLIX,330.7900085449219,343.3999938964844,326.5,339.5,6669200,SPOTIFY
2024-07-24,217.276123046875,223.4999296447353,215.8742889513949,222.70455320631825,61777600,APPLE,173.3819122314453,176.94162766782634,172.5864576395385,174.39613656014743,31250700,GOOGLE,424.9380798339844,437.4018904716854,423.64018322624884,436.3814061869237,26805800,MICROSOFT,180.8300018310547,185.4499969482422,180.41000366210938,183.1999969482422,41532400,AMAZON,635.989990234375,652.4199829101562,632.6699829101562,635.739990234375,4888200,NETFLIX,336.5199890136719,346.2300109863281,328.760009765625,333.6199951171875,5691200,SPOTIFY
2024-07-25,216.23220825195312,219.57277716709376,213.3787958392943,217.663867640833,51391200,APPLE,168.20144653320312,174.20721377004753,168.09206924909273,173.2626000467253,28967900,GOOGLE,414.53509521484375,425.8297836093588,413.65333216081086,424.83902093903856,29943800,MICROSOFT,179.85000610351562,183.89999389648438,176.8000030517578,182.91000366210938,44464200,AMAZON,634.0900268554688,649.97998046875,621.7000122070312,641.0,4554500,NETFLIX,328.95001220703125,341.0,324.0799865722656,336.82000732421875,2716300,SPOTIFY
2024-07-26,216.69947814941406,218.22062848355827,214.76074345207394,217.43518879671294,41601300,APPLE,167.7241668701172,168.87759736716222,164.92513082283665,167.81366841574962,25150100,GOOGLE,421.34161376953125,424.9579215661057,413.41551271082733,414.33694493801545,23583800,MICROSOFT,182.5,183.19000244140625,180.24000549316406,180.38999938964844,29506000,AMAZON,631.3699951171875,646.989990234375,629.77001953125,645.0,3120700,NETFLIX,321.8800048828125,331.3699951171875,320.20001220703125,330.4200134277344,1986600,SPOTIFY
2024-07-29,216.97787475585938,218.0317421116191,214.50226952108,215.70527849563507,36311800,APPLE,170.1602783203125,171.1844405008416,168.7582645954751,169.53384342786953,13768900,GOOGLE,422.78814697265625,428.15806348242296,420.77690004799786,427.59332152811265,15125800,MICROSOFT,183.1999969482422,184.75,182.3800048828125,183.83999633789062,33270100,AMAZON,626.9600219726562,634.6099853515625,623.9299926757812,634.6099853515625,2400500,NETFLIX,323.739990234375,328.07000732421875,319.7300109863281,323.739990234375,1736800,SPOTIFY
2024-07-30,217.5346221923828,219.05577256608925,214.87011348402856,217.92236610782675,41643800,APPLE,170.8861541748047,171.96997403739772,169.15600844040551,170.85632538389478,13681400,GOOGLE,419.01336669921875,425.0867165408092,413.5046983714735,423.7690154776861,32687600,MICROSOFT,181.7100067138672,185.86000061035156,179.3800048828125,184.72000122070312,39508600,AMAZON,622.5800170898438,634.6900024414062,617.0,630.1699829101562,3496600,NETFLIX,330.3500061035156,334.6499938964844,321.8299865722656,323.3500061035156,2508300,SPOTIFY
2024-07-31,220.795654296875,222.52559687691686,219.35404306544518,220.1593561933901,50036300,APPLE,172.1688232421875,174.9131931540264,170.74693375380906,173.92879761969414,15650200,GOOGLE,414.4855651855469,417.88387385546883,408.4022679352166,416.61569885909415,42891400,MICROSOFT,186.97999572753906,187.94000244140625,184.4600067138672,185.0500030517578,41667300,AMAZON,628.3499755859375,633.5999755859375,622.5800170898438,626.5700073242188,3134900,NETFLIX,343.94000244140625,344.3399963378906,330.1400146484375,334.04998779296875,2118000,SPOTIFY
2024-08-01,217.09716796875,223.1817695634113,215.76492117798517,223.07240511518174,62501000,APPLE,171.47279357910156,174.68448624625722,169.5437843354653,171.00545566245466,17177800,GOOGLE,413.2569885253906,423.5113878535516,409.2741336141255,416.9030180044247,30296400,MICROSOFT,184.07000732421875,190.60000610351562,181.8699951171875,189.2899932861328,70435600,AMAZON,624.8499755859375,646.7100219726562,617.6099853515625,629.25,3720600,NETFLIX,336.5,359.375,335.010009765625,345.0899963378906,2642500,SPOTIFY
2024-08-02,218.5885009765625,224.29531073215608,216.45094097639597,217.88260039056834,105568600,APPLE,167.44577026367188,169.245526803925,165.44716521247585,167.23696870655328,18907800,GOOGLE,404.7166442871094,411.1665191178448,400.60498514306653,408.6796950737874,29437900,MICROSOFT,167.89999389648438,168.77000427246094,160.5500030517578,166.75,141448400,AMAZON,613.6400146484375,625.27001953125,608.3499755859375,620.97998046875,3523000,NETFLIX,330.8500061035156,332.3999938964844,318.75,326.4100036621094,2977800,SPOTIFY
2024-08-05,208.0597381591797,212.26527065556354,194.866477978878,197.9386040162881,119548600,APPLE,159.72972106933594,164.9996912656783,155.7126207010103,156.47824651554944,34907800,GOOGLE,391.4998474121094,397.3354538191348,382.01824178124633,385.57510623229217,40709200,MICROSOFT,161.02000427246094,162.9600067138672,151.61000061035156,154.2100067138672,83149400,AMAZON,598.5499877929688,604.5599975585938,587.0399780273438,587.0399780273438,4044200,NETFLIX,324.0299987792969,325.5899963378906,300.57000732421875,302.010009765625,3183800,SPOTIFY
2024-08-06,206.0315399169922,208.77558795019922,199.90717605667754,204.11270880558044,69660500,APPLE,159.63027954101562,161.43003576435538,157.23394754524335,160.03299853205522,36146500,GOOGLE,395.9186706542969,401.92272047285906,394.8189385631437,396.30508262297985,24946500,MICROSOFT,161.92999267578125,165.0800018310547,158.5399932861328,161.7100067138672,59950800,AMAZON,609.5700073242188,622.4500122070312,600.6199951171875,600.6199951171875,4319100,NETFLIX,327.29998779296875,330.7200012207031,320.3800048828125,323.989990234375,1540300,SPOTIFY
2024-08-07,208.6065673828125,212.40446750854989,205.19639601521322,205.70344110024527,63516400,APPLE,159.83909606933594,163.8561963802638,159.3319914909659,162.3149917286518,19334200,GOOGLE,394.7495422363281,406.2919206772892,393.79841858999345,404.865250325625,20650900,MICROSOFT,162.77000427246094,167.5800018310547,161.42999267578125,166.5500030517578,48408200,AMAZON,611.47998046875,632.0,610.6400146484375,616.0700073242188,3187800,NETFLIX,323.3399963378906,335.3630065917969,323.1600036621094,329.0,1320700,SPOTIFY
2024-08-08,212.07635498046875,212.9612072079863,207.62226855649052,211.87751468101786,47161100,APPLE,162.91159057617188,164.56218776245834,161.11184943969516,161.42406553399982,15733600,GOOGLE,398.97021484375,402.11091551932753,396.24561755012843,398.7225241806935,20203000,MICROSOFT,165.8000030517578,166.69000244140625,162.5500030517578,165.1699981689453,44616200,AMAZON,630.3499755859375,632.2899780273438,616.02001953125,621.989990234375,3283500,NETFLIX,338.32000732421875,339.489990234375,324.3599853515625,328.20001220703125,1445100,SPOTIFY
2024-08-09,214.98944091796875,215.5263113015057,210.7441310403627,210.8733840757052,42201600,APPLE,164.4528045654297,164.58207276583246,160.01807081379508,160.72903074368634,13549200,GOOGLE,402.2694396972656,404.2806866644843,398.5441926988125,400.2978317019802,19276700,MICROSOFT,166.94000244140625,168.5500030517578,165.85000610351562,166.39999389648438,36401000,AMAZON,633.9400024414062,636.6199951171875,622.989990234375,622.989990234375,1980800,NETFLIX,339.8999938964844,343.2749938964844,333.6700134277344,337.2699890136719,1212900,SPOTIFY
2024-08-12,216.52230834960938,218.49313190431408,214.60125621149956,215.06908018890428,38028100,APPLE,163.02096557617188,165.7553825550023,162.62323826636265,165.05437565429597,12435000,GOOGLE,403.0521545410156,404.98415381866863,400.50588725302117,403.29984520555183,16762900,MICROSOFT,166.8000030517578,168.5500030517578,166.11000061035156,168.13999938964844,30072800,AMAZON,633.1400146484375,639.0,627.0700073242188,631.0,2331700,NETFLIX,340.3599853515625,343.42999267578125,336.510009765625,340.0,918900,SPOTIFY
2024-08-13,220.24497985839844,220.86210287308924,217.99543949730662,217.99543949730662,44155300,APPLE,164.98973083496094,165.5962748050298,163.83631564251016,164.24895732032397,12717600,GOOGLE,410.1856384277344,411.1169577013194,405.7866500141935,405.8064543815787,19414300,MICROSOFT,170.22999572753906,171.0399932861328,167.10000610351562,167.80999755859375,39237900,AMAZON,648.02001953125,650.969970703125,635.5,638.5599975585938,2639600,NETFLIX,334.739990234375,340.30999755859375,333.79998779296875,339.0,2081300,SPOTIFY
2024-08-14,220.69288635253906,221.99681536538918,218.68223972219693,219.54821978702563,41960600,APPLE,161.11184692382812,164.0252518080872,158.62601331064516,163.2795017241323,22515900,GOOGLE,413.0093078613281,413.8613794713292,408.6400711388976,410.9683392009438,18267000,MICROSOFT,170.10000610351562,172.27999877929688,168.86000061035156,172.11000061035156,28843800,AMAZON,661.6799926757812,663.5700073242188,648.7000122070312,648.7000122070312,4014300,NETFLIX,334.3500061035156,338.510009765625,332.3699951171875,335.989990234375,1831000,SPOTIFY
2024-08-15,223.67898559570312,224.30607198028108,221.72805861485108,223.55954635601313,46414000,APPLE,162.24539184570312,162.59341463206414,160.5749188847497,161.2908402029654,18392500,GOOGLE,417.89263916015625,417.972029702109,414.5477559984779,416.671793760154,20752100,MICROSOFT,177.58999633789062,177.91000366210938,173.99000549316406,174.86000061035156,51698500,AMAZON,663.219970703125,673.1900024414062,659.7999877929688,668.489990234375,3210200,NETFLIX,335.5899963378906,341.6369934082031,333.9100036621094,337.0,2115600,SPOTIFY
2024-08-16,225.00283813476562,225.77922361016536,222.6139468974481,222.88270038911833,44340200,APPLE,163.80650329589844,166.0039717947397,162.15590607432796,162.48403794408534,16853100,GOOGLE,415.3517150878906,418.20032404609645,414.19042017435385,417.4658479496036,22775600,MICROSOFT,177.05999755859375,178.33999633789062,176.25999450683594,177.0399932861328,31489200,AMAZON,674.0700073242188,680.22998046875,665.3599853515625,669.4299926757812,3511000,NETFLIX,337.3800048828125,338.9100036621094,332.82000732421875,335.2099914550781,1513200,SPOTIFY
2024-08-19,224.8435821533203,224.94312498661264,222.0067784736323,224.6743714872065,40687800,APPLE,167.44577026367188,167.51538089759572,165.14886210140853,166.0537093084597,13100800,GOOGLE,418.388916015625,418.60727787010427,413.3566884761521,415.8380594178836,15234000,MICROSOFT,178.22000122070312,178.3000030517578,176.16000366210938,177.63999938964844,31129800,AMAZON,688.530029296875,688.8400268554688,672.9099731445312,674.0700073242188,3016200,NETFLIX,344.69000244140625,346.1700134277344,334.56500244140625,335.0,2043200,SPOTIFY
2024-08-20,225.460693359375,226.11763957317405,224.4056062095116,224.72413110884563,30299000,APPLE,168.00259399414062,169.44437452745237,167.7042909111701,167.78383941145057,12622500,GOOGLE,421.63458251953125,422.68668148594463,418.4981559756192,418.557706461252,16387600,MICROSOFT,178.8800048828125,179.00999450683594,177.42999267578125,177.9199981689453,26255200,AMAZON,698.5399780273438,711.3300170898438,688.25,688.8599853515625,4813100,NETFLIX,346.2799987792969,348.8500061035156,342.7449951171875,346.54998779296875,1557000,SPOTIFY
2024-08-21,225.35121154785156,226.92389412945442,224.00747444255492,225.4706659840429,34765500,APPLE,166.6801300048828,167.68440138112788,165.6261389190102,166.04375716969605,15269600,GOOGLE,420.9795227050781,423.2226616504916,418.5775420794304,420.9199419299025,16067300,MICROSOFT,180.11000061035156,182.38999938964844,178.88999938964844,179.9199981689453,35599100,AMAZON,697.1199951171875,701.0,691.3800048828125,697.0,2235300,NETFLIX,343.69000244140625,347.8599853515625,343.30499267578125,345.1600036621094,1756400,SPOTIFY
2024-08-22,223.4898681640625,227.28221598709214,222.86278176595104,226.7347608131935,43695300,APPLE,164.55226135253906,168.4599848429793,164.09486125288578,168.0821332464103,19123800,GOOGLE,412.4534606933594,423.6097249060729,411.5204628076481,421.1978093601494,19361900,MICROSOFT,176.1300048828125,181.47000122070312,175.67999267578125,181.3800048828125,32047500,AMAZON,688.9600219726562,701.5,686.239990234375,691.0,2729400,NETFLIX,342.20001220703125,350.32000732421875,340.5199890136719,345.010009765625,1706700,SPOTIFY
2024-08-23,225.78915405273438,227.1627660264127,223.29078716186507,224.61462772424593,38677300,APPLE,166.48126220703125,166.9983199112622,164.721302713637,165.60625898332447,14281600,GOOGLE,413.6842346191406,416.13583025134443,409.0192452654988,413.87282122855413,18493800,MICROSOFT,177.0399932861328,178.97000122070312,175.24000549316406,177.33999633789062,29150100,AMAZON,686.72998046875,696.0700073242188,678.6300048828125,694.1300048828125,2354500,NETFLIX,342.489990234375,347.9800109863281,340.1759948730469,342.4100036621094,1490300,SPOTIFY
2024-08-26,226.12759399414062,226.22713682494347,222.85284141893553,225.7095414433551,30602200,APPLE,166.97840881347656,168.4202044524346,165.37754652596405,167.20213990843885,11990300,GOOGLE,410.4088439941406,414.17061105594456,408.274870910172,413.26738834241513,13152800,MICROSOFT,175.5,177.47000122070312,174.3000030517578,176.6999969482422,22366200,AMAZON,688.4400024414062,690.5900268554688,681.6400146484375,687.260009765625,1354200,NETFLIX,336.07000732421875,343.80999755859375,333.6099853515625,342.5,1184600,SPOTIFY
2024-08-27,226.97364807128906,227.78985670532606,223.84819475275475,224.95305327681544,35934600,APPLE,165.4372100830078,167.29163232217275,165.21845550253033,166.66023602125927,13718200,GOOGLE,410.7562255859375,411.27233984867695,407.19298047026894,409.7835172509794,13492900,MICROSOFT,173.1199951171875,174.88999938964844,172.25,174.14999389648438,29842000,AMAZON,695.719970703125,707.8900146484375,686.9199829101562,688.530029296875,3164900,NETFLIX,339.4700012207031,343.260009765625,333.0,333.510009765625,1412900,SPOTIFY
2024-08-28,225.44078063964844,228.79516410710562,224.6345202420592,226.864148811834,38052200,APPLE,163.56785583496094,166.44147895671864,162.35476778762694,165.83493493305164,15208700,GOOGLE,407.5403747558594,411.9075816112939,404.2748820734033,411.7884806509906,14882700,MICROSOFT,170.8000030517578,173.69000244140625,168.9199981689453,173.69000244140625,29045000,AMAZON,683.8400268554688,696.6699829101562,677.0999755859375,695.8300170898438,2430600,NETFLIX,337.55999755859375,339.5400085449219,334.0899963378906,338.30999755859375,976900,SPOTIFY
2024-08-29,228.72549438476562,231.84099956412553,227.819721489883,229.03407107214645,51906300,APPLE,162.47409057617188,166.68013227630968,161.06412637762125,165.11902137221767,17133800,GOOGLE,410.0415954589844,418.9050455158515,407.5403843631331,411.8480408399638,17045200,MICROSOFT,172.1199951171875,174.2899932861328,170.80999755859375,173.22000122070312,26407800,AMAZON,692.47998046875,699.7999877929688,686.0700073242188,690.0,2187000,NETFLIX,340.7300109863281,344.5,338.79998779296875,338.79998779296875,1453000,SPOTIFY
2024-08-30,227.93917846679688,229.3326870197365,226.42621547495946,229.12366833084764,52990800,APPLE,164.17440795898438,164.34344283656623,162.48404401084056,163.2894517338057,18498800,GOOGLE,414.03167724609375,414.37904497336154,409.05899979142845,412.50314414345024,24308300,MICROSOFT,178.5,178.89999389648438,172.60000610351562,172.77999877929688,43429400,AMAZON,701.3499755859375,701.8599853515625,688.1599731445312,700.3599853515625,3266700,NETFLIX,342.8800048828125,343.5050048828125,337.4700012207031,341.1700134277344,1077100,SPOTIFY
2024-09-03,221.73802185058594,227.93915711237167,220.14542777805318,227.49124477575393,50190600,APPLE,157.7112274169922,162.45420217078595,156.96050081516395,162.38956806965845,26533100,GOOGLE,406.3890380859375,416.7512462836699,403.99699269665393,414.79592463376775,20313600,MICROSOFT,176.25,178.25999450683594,175.25999450683594,177.5500030517578,37817500,AMAZON,675.3200073242188,703.8599853515625,671.010009765625,700.0999755859375,3161000,NETFLIX,328.6000061035156,342.3999938964844,326.0950012207031,340.04998779296875,1632800,SPOTIFY
2024-09-04,219.82693481445312,220.75261936807303,216.47253576183732,220.63318011937469,43840200,APPLE,156.91575622558594,159.4910761689926,156.54785771147758,157.17925397775187,17410700,GOOGLE,405.8530578613281,408.1756176150405,401.356814564364,402.8853476688359,15135800,MICROSOFT,173.3300018310547,175.97999572753906,172.5399932861328,174.47999572753906,30309200,AMAZON,679.6799926757812,684.6500244140625,673.0599975585938,673.3099975585938,1785300,NETFLIX,329.25,336.3800048828125,327.07000732421875,327.79998779296875,825800,SPOTIFY
2024-09-05,221.34983825683594,224.43546851590304,220.49382156548631,220.60331260233696,36615400,APPLE,157.7012939453125,160.10260259244973,156.62741198020422,156.88593321960403,14139500,GOOGLE,405.34686279296875,410.021757358501,403.10369367639237,404.5825811257243,14195500,MICROSOFT,177.88999938964844,179.8800048828125,175.0,175.0,40170500,AMAZON,683.6199951171875,687.3099975585938,671.8599853515625,673.1400146484375,1810100,NETFLIX,328.6300048828125,329.6000061035156,322.6199951171875,323.3800048828125,1542600,SPOTIFY
2024-09-06,219.79705810546875,224.1965806221913,218.75191919539128,222.91254804497814,48423000,APPLE,151.26795959472656,158.31778043968708,151.07405728029937,157.79078490061713,24999100,GOOGLE,398.7066955566406,407.5899853655918,397.813377784307,406.01183707940055,19609500,MICROSOFT,171.38999938964844,178.3800048828125,171.16000366210938,177.24000549316406,41466500,AMAZON,665.77001953125,683.1500244140625,662.3400268554688,681.8599853515625,2991300,NETFLIX,322.7699890136719,331.9200134277344,319.07000732421875,331.260009765625,1162300,SPOTIFY
2024-09-09,219.8866424560547,220.24497537072617,215.7061019102892,219.79706302441255,67180000,APPLE,148.8883514404297,153.96613354006942,147.55419432766988,152.960540228326,28057700,GOOGLE,402.6967468261719,405.6049064318399,399.1533416913916,404.2054095225525,15295100,MICROSOFT,175.39999389648438,175.85000610351562,173.50999450683594,174.52999877929688,29037400,AMAZON,675.4199829101562,683.5,672.1400146484375,674.0,2683100,NETFLIX,324.07000732421875,329.0400085449219,322.3500061035156,324.5,828000,SPOTIFY
2024-09-10,219.09034729003906,220.45399594379384,215.72600018375593,217.905857501112,51591000,APPLE,149.35630798339844,151.63633754172483,148.89134773184537,150.79003544164266,20401800,GOOGLE,411.1135559082031,413.2276585385216,404.6619913629379,405.1582655587275,19594300,MICROSOFT,179.5500030517578,180.5,176.7899932861328,177.49000549316406,36233800,AMAZON,673.6199951171875,680.5900268554688,665.8099975585938,676.8699951171875,2079200,NETFLIX,327.0,328.1499938964844,324.1600036621094,326.5199890136719,741400,SPOTIFY
2024-09-11,221.6285400390625,222.05654079085224,216.88063262193214,220.43410202901993,44587100,APPLE,151.4869842529297,151.81554806620483,148.0520210302128,150.43160574548077,18991500,GOOGLE,419.8876647949219,420.83056755855034,406.52794212087406,412.4038417131511,19266900,MICROSOFT,184.52000427246094,184.99000549316406,175.72999572753906,180.10000610351562,42564700,AMAZON,681.469970703125,682.969970703125,660.7999877929688,677.4600219726562,2391900,NETFLIX,336.6600036621094,337.2300109863281,326.0,328.1099853515625,1058700,SPOTIFY
2024-09-12,221.73802185058594,222.5144072842174,218.80169076819996,221.46926837337423,37455600,APPLE,154.8622283935547,154.93193066114088,152.83112436992744,154.13541361945022,20980800,GOOGLE,423.81817626953125,424.18541433930886,416.62220020874884,420.1556701684846,17395700,MICROSOFT,187.0,187.41000366210938,183.5399932861328,184.8000030517578,33544200,AMAZON,686.7999877929688,694.8800048828125,682.2000122070312,684.9199829101562,2582100,NETFLIX,337.510009765625,342.1700134277344,337.1300048828125,338.25,944000,SPOTIFY
2024-09-13,221.4692840576172,223.00214343080088,220.8820208371711,222.54428285449177,36766600,APPLE,157.6798858642578,158.58094104280494,155.42973945471823,155.68064025177955,16733900,GOOGLE,427.38140869140625,428.61215900524985,422.2896305914577,422.65686865025475,15874600,MICROSOFT,186.49000549316406,188.5,185.91000366210938,187.0,26495400,AMAZON,697.0599975585938,699.6400146484375,680.0,680.010009765625,2276500,NETFLIX,337.8999938964844,344.51800537109375,337.5299987792969,337.7900085449219,994400,SPOTIFY
2024-09-16,215.3179168701172,216.21374159471785,212.92902562434276,215.5368837592455,59357400,APPLE,158.2971954345703,158.5461060421012,156.92320401946452,157.64006778453728,14157600,GOOGLE,428.1258544921875,430.29953807017074,425.02910810442387,427.3913783153956,13834700,MICROSOFT,184.88999938964844,185.80999755859375,183.36000061035156,185.2899932861328,26065500,AMAZON,696.5,703.02001953125,688.6300048828125,700.0,1843700,NETFLIX,338.8299865722656,344.0,337.1499938964844,343.0199890136719,1129600,SPOTIFY
2024-09-17,215.7857208251953,215.8952118613641,213.50633585708556,214.75054527350213,45519300,APPLE,159.58155822753906,160.88584730457183,158.7153542251151,159.3923837460219,12064800,GOOGLE,431.90740966796875,438.55749574787575,429.0488655654436,436.94957226274835,18874200,MICROSOFT,186.8800048828125,189.4499969482422,186.13999938964844,186.85000610351562,26091700,AMAZON,706.9099731445312,707.6300048828125,698.3699951171875,700.8200073242188,2298600,NETFLIX,342.1499938964844,346.9800109863281,339.2799987792969,341.0400085449219,950600,SPOTIFY
2024-09-18,219.66766357421875,221.67831024616868,216.5322467283196,216.54221012404864,59894900,APPLE,160.1092529296875,160.92568699517338,158.9642702393375,160.14908713362692,16756500,GOOGLE,427.5997619628906,432.78086567930353,427.2027486718979,431.7585420671652,18898000,MICROSOFT,186.42999267578125,188.8000030517578,185.05999755859375,186.4499969482422,34448100,AMAZON,690.469970703125,707.5499877929688,688.0,707.5499877929688,2984400,NETFLIX,343.9700012207031,346.82000732421875,340.3699951171875,342.8500061035156,1150200,SPOTIFY
2024-09-19,227.80975341796875,228.75536468744528,223.58940496515828,223.94773787040657,66781300,APPLE,162.52865600585938,164.27103004677525,161.81378251870032,164.10177267730464,17548200,GOOGLE,435.4210510253906,438.21010954856746,433.64438094484007,437.94213239056506,21706600,MICROSOFT,189.8699951171875,190.99000549316406,188.47000122070312,190.0399932861328,39543200,AMAZON,704.3200073242188,715.6599731445312,695.3699951171875,705.0,4228500,NETFLIX,360.2200012207031,368.2900085449219,348.9599914550781,350.0,2811800,SPOTIFY
2024-09-20,227.1428680419922,232.01021467188832,226.56555305015522,228.90467282845125,318679900,APPLE,163.9225616455078,164.03208291554088,162.46891707891413,163.80308942085253,46362700,GOOGLE,432.0265197753906,435.9669380311288,430.9843560989312,433.962001220441,55167100,MICROSOFT,191.60000610351562,191.83999633789062,187.41000366210938,190.22999572753906,100378600,AMAZON,701.030029296875,706.6699829101562,696.3099975585938,705.5499877929688,3998100,NETFLIX,365.1700134277344,366.7900085449219,362.0,363.82000732421875,1434100,SPOTIFY
2024-09-23,225.4208984375,228.3870895913876,224.76395218553373,226.28686337720748,54146000,APPLE,162.3594207763672,165.8839883465766,162.23993335222076,164.61951818775515,15648400,GOOGLE,430.2796630859375,433.2076626680782,427.1829169494896,431.0439144432746,15128900,MICROSOFT,193.8800048828125,194.4499969482422,190.57000732421875,191.63999938964844,36993100,AMAZON,705.3699951171875,712.25,699.1599731445312,702.3900146484375,3224300,NETFLIX,369.010009765625,371.1099853515625,363.5299987792969,367.0,1777600,SPOTIFY
2024-09-24,226.31671142578125,228.28755007923567,224.6843092769655,227.59078065470555,43556100,APPLE,162.92691040039062,163.83294856754733,161.3239256401504,163.53425282985546,18774100,GOOGLE,425.9720153808594,430.1208604741096,422.9248844858402,429.77346247181356,17015800,MICROSOFT,193.9600067138672,195.3699951171875,190.1300048828125,194.27000427246094,43478900,AMAZON,722.260009765625,722.4400024414062,704.4500122070312,706.6300048828125,3565700,NETFLIX,380.3599853515625,382.6000061035156,371.0,374.8299865722656,2547800,SPOTIFY
2024-09-25,225.3213348388672,226.23707111110926,222.9822303399746,223.88800321688734,42308700,APPLE,162.27975463867188,163.50139761204187,162.06567998392188,162.25983753751672,13607900,GOOGLE,428.89007568359375,429.89255926301774,425.3764761475162,426.6270665374025,13396400,MICROSOFT,192.52999877929688,193.9499969482422,192.16000366210938,193.75,26391100,AMAZON,721.5599975585938,725.1199951171875,716.2100219726562,721.0,2259800,NETFLIX,383.9599914550781,386.9599914550781,375.71099853515625,377.79998779296875,1667500,SPOTIFY
2024-09-26,226.4660186767578,227.44147457763864,224.36579263659118,226.24703661091274,36636700,APPLE,163.1160888671875,164.77880977721125,162.78752506691262,164.31085665490733,18234500,GOOGLE,428.0960388183594,432.05629715674354,425.93229062231114,431.847870478453,14492000,MICROSOFT,191.16000366210938,194.52999877929688,189.5399932861328,194.30999755859375,36334900,AMAZON,711.4299926757812,725.260009765625,701.719970703125,724.72998046875,2833000,NETFLIX,379.1600036621094,389.2300109863281,373.0799865722656,386.7200012207031,1781100,SPOTIFY
2024-09-27,226.73477172851562,228.4567685573237,226.24705134037433,227.40168136489095,34026000,APPLE,164.56973266601562,166.2424198697135,163.11610320738927,163.19575642587947,13604300,GOOGLE,424.8305358886719,428.6320130497984,424.2846464096371,428.30445513023994,14896100,MICROSOFT,187.97000122070312,190.89999389648438,187.33999633789062,190.67999267578125,36002300,AMAZON,707.3499755859375,710.7100219726562,701.25,708.3599853515625,2395600,NETFLIX,369.20001220703125,377.4100036621094,365.9100036621094,376.760009765625,2904200,SPOTIFY
2024-09-30,231.92063903808594,231.92063903808594,228.58615167195362,228.97434440874213,54541900,APPLE,166.46145629882812,166.63071368478148,163.92256512493256,164.06195445408815,14070100,GOOGLE,427.09356689453125,427.21269814697155,422.20031052363777,425.01914436125503,16807300,MICROSOFT,186.3300018310547,188.49000549316406,184.64999389648438,187.13999938964844,41583900,AMAZON,709.27001953125,711.2100219726562,702.8200073242188,707.0,1709900,NETFLIX,368.5299987792969,373.3800048828125,366.25,369.04998779296875,1553300,SPOTIFY
2024-10-01,225.16209411621094,228.5861456381701,222.70353511874544,228.45675818805825,63285000,APPLE,167.68609619140625,169.69729815329652,165.1770730146529,168.12418129125342,18629500,GOOGLE,417.5552062988281,425.28716713975047,415.68921038228643,425.257391898111,19092900,MICROSOFT,185.1300048828125,186.19000244140625,183.4499969482422,184.89999389648438,36044900,AMAZON,706.1300048828125,717.760009765625,698.5900268554688,713.6400146484375,2813500,NETFLIX,375.3999938964844,375.6600036621094,367.92999267578125,370.489990234375,1565900,SPOTIFY
2024-10-02,225.7294464111328,226.31670960653594,221.98686997976517,224.84356992020335,32880600,APPLE,166.58094787597656,168.14411392735968,165.52556923373535,167.02898397228472,12745000,GOOGLE,414.021728515625,419.66933146547984,413.6048448503053,419.4310992466512,16582300,MICROSOFT,184.75999450683594,186.60000610351562,184.0399932861328,184.44000244140625,23704100,AMAZON,711.0900268554688,716.2100219726562,704.6900024414062,706.1300048828125,1758200,NETFLIX,374.75,377.3680114746094,371.5299987792969,374.4599914550781,1504500,SPOTIFY
2024-10-03,224.62457275390625,225.75929105016726,222.28546833703504,224.09702921544027,34044200,APPLE,166.4813690185547,167.17831564598703,164.64937549349344,165.09742671826152,11004300,GOOGLE,413.4361267089844,416.4236768512481,411.20289276743637,414.51800085029123,13686400,MICROSOFT,181.9600067138672,183.44000244140625,180.8800048828125,183.0500030517578,30204300,AMAZON,706.7999877929688,708.8099975585938,700.0,704.260009765625,2256400,NETFLIX,372.6000061035156,376.69000244140625,371.739990234375,372.57000732421875,947000,SPOTIFY
2024-10-04,225.74935913085938,226.9437971307691,223.09172964492672,226.8442543024003,37245100,APPLE,167.8254852294922,168.8111767024193,166.23246646010332,168.60208510793254,11422100,GOOGLE,412.959716796875,416.62222309915006,411.87784259208183,415.1234652064613,19169700,MICROSOFT,186.50999450683594,187.60000610351562,183.60000610351562,185.75,40890300,AMAZON,719.7000122070312,721.010009765625,708.8200073242188,713.3200073242188,2229000,NETFLIX,371.45001220703125,379.4800109863281,368.1099853515625,376.3800048828125,1095000,SPOTIFY
2024-10-07,220.6630401611328,224.64451046166124,220.3047072265611,223.4600206171574,39505400,APPLE,163.67364501953125,169.15962888910855,163.41478347821553,168.4029461736727,14034700,GOOGLE,406.48828125,414.0018496365578,405.95229663138974,412.90013544904184,20919800,MICROSOFT,180.8000030517578,183.60000610351562,180.25,182.9499969482422,42364200,AMAZON,701.9199829101562,715.8800048828125,696.4299926757812,714.760009765625,3360500,NETFLIX,362.95001220703125,371.0,362.30999755859375,369.3599853515625,1749200,SPOTIFY
2024-10-08,224.72413635253906,224.93315503301397,222.2158058701156,223.26094483680066,31855700,APPLE,164.97793579101562,165.37620184985647,163.59399352017417,164.70910810033513,11723900,GOOGLE,411.6197509765625,412.5626841012525,405.1285060524599,407.83814388099404,19229300,MICROSOFT,182.72000122070312,183.08999633789062,180.9199981689453,181.9199981689453,26372100,AMAZON,721.760009765625,725.0599975585938,703.5499877929688,703.8800048828125,3187400,NETFLIX,370.3800048828125,371.9530029296875,365.0299987792969,366.5799865722656,1023500,SPOTIFY
2024-10-09,228.47666931152344,228.68570318762718,223.78849648056692,224.1866374402548,33591100,APPLE,162.34942626953125,165.5354784980963,160.4178778331306,164.13660232280216,19666400,GOOGLE,414.3492431640625,417.247497795826,411.2127866111198,412.7611596791307,14974300,MICROSOFT,185.1699981689453,185.85000610351562,182.0500030517578,182.82000732421875,26343100,AMAZON,727.4299926757812,728.5900268554688,718.8699951171875,719.25,1981100,NETFLIX,373.9800109863281,376.1400146484375,368.3500061035156,370.0,1061200,SPOTIFY
2024-10-10,227.97898864746094,228.43686442668115,226.11765609380726,226.72483093793394,28183500,APPLE,162.4689178466797,163.5950013001064,160.9356352512682,161.40358838977565,12900500,GOOGLE,412.7413024902344,414.24006019253727,410.0713450038319,412.1358625356339,13848400,MICROSOFT,186.64999389648438,188.1300048828125,185.8300018310547,187.1300048828125,27785000,AMAZON,730.2899780273438,733.8499755859375,722.5,723.2899780273438,2767900,NETFLIX,378.0,382.76800537109375,375.0,375.0,1681000,SPOTIFY
2024-10-11,226.49588012695312,228.34726430462075,226.28684626691359,228.23777327090536,31759200,APPLE,163.8031005859375,164.54983242552584,161.79189857746948,162.61828363635632,10946000,GOOGLE,413.2177734375,414.02173524996044,410.1706424598083,413.03912198810315,14144900,MICROSOFT,188.82000732421875,189.92999267578125,186.3000030517578,186.6300048828125,25751600,AMAZON,722.7899780273438,736.0,721.219970703125,734.9000244140625,2299500,NETFLIX,373.70001220703125,380.0,373.3900146484375,379.1099853515625,1260700,SPOTIFY
2024-10-14,230.228515625,230.65651637799863,227.54102629778745,227.64055393917852,39882100,APPLE,165.6251220703125,166.88957700087903,164.0619561840233,164.1913945597103,9981800,GOOGLE,416.0167541503906,420.8802352901763,414.40880028614094,414.65693738807056,16653100,MICROSOFT,187.5399932861328,189.8300018310547,187.36000061035156,189.77999877929688,22614400,AMAZON,713.0,726.6199951171875,711.3099975585938,725.0,2797100,NETFLIX,372.5,377.17999267578125,370.2300109863281,375.0,949500,SPOTIFY
2024-10-15,232.76669311523438,236.38983016358188,231.29353829774286,232.527799450427,64751400,APPLE,166.17271423339844,168.35317356937637,165.32642728967718,166.41167388401854,14829300,GOOGLE,415.61968994140625,419.3318413994773,412.16564103956983,419.03405871782695,18900200,MICROSOFT,187.69000244140625,188.41000366210938,184.5800018310547,187.6300048828125,32178900,AMAZON,705.97998046875,713.4000244140625,699.780029296875,712.510009765625,2932800,NETFLIX,372.6000061035156,374.20001220703125,364.2560119628906,373.6099853515625,1085300,SPOTIFY
2024-10-16,230.70628356933594,231.0447048824563,228.7752681420796,230.52712470524975,34082200,APPLE,166.013427734375,166.55106797325655,164.4960665730318,165.30651490961594,9968500,GOOGLE,413.01922607421875,413.25742799200697,407.4212689749873,412.0763232895253,15508900,MICROSOFT,186.88999938964844,187.77999877929688,185.61000061035156,187.0500030517578,23456800,AMAZON,702.0,705.5900268554688,697.8200073242188,703.4299926757812,2494300,NETFLIX,371.69000244140625,376.8599853515625,368.4100036621094,375.0,997000,SPOTIFY
2024-10-17,231.07456970214844,232.76670668063704,229.4521309302649,232.348638945834,32993800,APPLE,163.7931365966797,167.1982320069964,163.65374725914504,166.65064080458777,15113400,GOOGLE,413.6147766113281,419.35170523704693,412.49319205621896,419.2127339196968,14820000,MICROSOFT,187.52999877929688,188.94000244140625,186.0,188.22000122070312,25039400,AMAZON,687.6500244140625,704.4099731445312,677.8800048828125,704.3499755859375,8926700,NETFLIX,366.75,373.989990234375,366.6499938964844,372.3800048828125,1242600,SPOTIFY
2024-10-18,233.91136169433594,235.0858880500012,232.92594240501305,235.0858880500012,46431500,APPLE,164.33078002929688,165.64502008827174,164.03208427288982,164.15155649853372,13091300,GOOGLE,415.0440673828125,416.52295489433874,413.1582313681452,414.0316788587722,17145300,MICROSOFT,188.99000549316406,190.74000549316406,186.27999877929688,187.14999389648438,37417700,AMAZON,763.8900146484375,766.280029296875,736.22998046875,737.6400146484375,15974100,NETFLIX,378.8800048828125,384.2099914550781,369.4200134277344,370.0,1681000,SPOTIFY
2024-10-21,235.384521484375,235.75281781754072,233.36392650842956,233.36392650842956,36254500,APPLE,165.0775146484375,165.4956826376428,163.58901891443685,163.8628296926184,11384000,GOOGLE,415.659423828125,415.8380752730999,410.6669065146117,413.01924141063614,14206100,MICROSOFT,189.07000732421875,189.4600067138672,186.39999389648438,188.0500030517578,24639400,AMAZON,772.0700073242188,773.0,756.5999755859375,765.760009765625,6057100,NETFLIX,381.9700012207031,382.54998779296875,376.05999755859375,377.42999267578125,1092000,SPOTIFY
2024-10-22,234.76739501953125,235.12572795126604,231.52250221800776,232.80651969699693,38846600,APPLE,166.0930633544922,166.74022480209356,163.95242319647124,163.98229125145,11958600,GOOGLE,424.3243713378906,427.37147187061,414.92493688547415,415.37156548627684,25482200,MICROSOFT,189.6999969482422,191.52000427246094,186.97999572753906,188.35000610351562,29650600,AMAZON,764.239990234375,769.7000122070312,761.1199951171875,765.27001953125,2987300,NETFLIX,387.6300048828125,389.4800109863281,381.79998779296875,381.989990234375,1945600,SPOTIFY
2024-10-23,229.69100952148438,234.05072423456664,226.7049068825192,232.99563706556216,52287000,APPLE,163.7632598876953,166.86967454799074,162.91995064208177,165.704759555194,12754300,GOOGLE,421.4360656738281,427.86776005710016,419.3814831724278,427.6493981928425,19654400,MICROSOFT,184.7100067138672,189.16000366210938,183.69000244140625,188.85000610351562,31937100,AMAZON,749.2899780273438,763.7899780273438,744.260009765625,762.8300170898438,3749000,NETFLIX,379.8399963378906,388.7300109863281,378.8999938964844,387.6300048828125,1289800,SPOTIFY
2024-10-24,229.50189208984375,229.75073396519565,227.35189464165862,228.91461372105516,31109500,APPLE,163.8130340576172,164.33077233165082,162.06070899696806,163.87277016764097,12764400,GOOGLE,421.5650939941406,422.80577949754775,419.2524392532927,422.1605988036373,13581600,MICROSOFT,186.3800048828125,187.11000061035156,183.86000061035156,185.25,21647400,AMAZON,754.5499877929688,755.8200073242188,746.25,751.969970703125,2643000,NETFLIX,376.8699951171875,383.5899963378906,376.0299987792969,382.0,897600,SPOTIFY
2024-10-25,230.33799743652344,232.1396101862481,228.50652487676712,228.6757355296476,38802300,APPLE,166.26231384277344,166.67051564133874,164.50997366436278,164.64439509849527,14566400,GOOGLE,424.9595947265625,429.29702642206786,423.3913815699701,423.5799681906594,16899100,MICROSOFT,187.8300018310547,190.4499969482422,187.52999877929688,187.85000610351562,29362100,AMAZON,754.6799926757812,768.5,753.530029296875,756.1699829101562,2819500,NETFLIX,379.1600036621094,383.0,376.0,376.70001220703125,789800,SPOTIFY
2024-10-28,232.31878662109375,233.6426273223557,231.4727332926884,232.23917058038825,36087100,APPLE,167.60643005371094,169.86256206708674,165.06753901516458,169.84662534790536,20858300,GOOGLE,423.4112243652344,428.72136443906953,423.12337684387694,428.44345209470936,14882400,MICROSOFT,188.38999938964844,190.2100067138672,188.2100067138672,189.57000732421875,27930800,AMAZON,749.1199951171875,758.6799926757812,747.8800048828125,758.6799926757812,2862400,NETFLIX,384.3599853515625,388.55499267578125,381.1000061035156,388.0,1301100,SPOTIFY
2024-10-29,232.58753967285156,233.24448591818899,231.24380255804743,232.02018805231754,35417200,APPLE,170.3942413330078,171.11110508314272,167.9250524115973,168.6468840430168,28916100,GOOGLE,428.7312927246094,429.94220298203743,422.62709584345464,424.8107144355948,17644100,MICROSOFT,190.8300018310547,191.4600067138672,187.82000732421875,188.5800018310547,35690200,AMAZON,759.4400024414062,763.8800048828125,748.010009765625,751.1300048828125,3660400,NETFLIX,391.2300109863281,397.19500732421875,384.2200012207031,386.70001220703125,1922900,SPOTIFY
2024-10-30,229.03407287597656,232.38845656475567,228.48661770128336,231.5324398883544,47070900,APPLE,175.3724365234375,182.98909414615085,174.97915355569205,181.61511808403742,49698300,GOOGLE,429.3069763183594,435.2324917274877,428.880187758029,434.18039280239805,29749100,MICROSOFT,192.72999572753906,195.61000061035156,192.4199981689453,194.6999969482422,37707600,AMAZON,753.739990234375,759.7899780273438,752.280029296875,758.0800170898438,1722000,NETFLIX,394.0199890136719,395.67999267578125,389.1400146484375,391.67999267578125,1345900,SPOTIFY
2024-10-31,224.8634796142578,228.76531846185907,224.32597264925337,228.27758291037028,64370100,APPLE,171.93748474121094,177.64251131508703,171.80804637049553,173.95863755379753,32801900,GOOGLE,403.3220520019531,413.05894946974416,403.2724064074055,412.2648925685448,53971000,MICROSOFT,186.39999389648438,190.60000610351562,185.22999572753906,190.50999450683594,75146800,AMAZON,756.030029296875,760.7899780273438,752.22998046875,753.9299926757812,3057700,NETFLIX,385.1000061035156,393.739990234375,381.6700134277344,390.0799865722656,1786500,SPOTIFY
2024-11-01,221.8773651123047,224.30606415529357,219.2495956140762,219.94634980146594,65276700,APPLE,171.89764404296875,173.0625589507953,169.56784461190855,170.79248043711254,21752900,GOOGLE,407.3121032714844,412.4038816750557,404.46349406157685,405.96225191647693,24230400,MICROSOFT,197.92999267578125,200.5,197.02000427246094,199.0,99687800,AMAZON,756.0999755859375,763.7999877929688,747.77001953125,753.47998046875,2996800,NETFLIX,384.5,389.3299865722656,380.6300048828125,382.510009765625,1545700,SPOTIFY
2024-11-04,220.98153686523438,221.75792231303782,218.69220372782075,219.96627293386246,44944500,APPLE,169.9362335205078,171.1708355365351,168.74644878064223,170.49380601285034,16194000,GOOGLE,405.41632080078125,407.3617375208185,402.5478716062057,406.74633205416956,19672300,MICROSOFT,195.77999877929688,197.3300018310547,194.30999755859375,196.4499969482422,38492100,AMAZON,755.510009765625,762.47998046875,749.6900024414062,753.1400146484375,1902200,NETFLIX,377.7300109863281,383.7449951171875,377.1099853515625,380.94000244140625,1235300,SPOTIFY
2024-11-05,222.4148712158203,222.91255498009295,220.11557465497725,220.7725208689619,28111300,APPLE,170.66307067871094,171.3470734959179,169.6275940553142,170.0855962526431,12518300,GOOGLE,408.39398193359375,411.808351068097,405.0391632836315,405.32701081903,17626000,MICROSOFT,199.5,199.82000732421875,195.99000549316406,196.0399932861328,30564800,AMAZON,763.9099731445312,767.530029296875,756.27001953125,757.3499755859375,2200600,NETFLIX,382.6300048828125,384.07000732421875,378.3800048828125,380.2699890136719,1019500,SPOTIFY
2024-11-06,221.68824768066406,225.02273483375984,220.16533664224426,221.57875664968802,54561100,APPLE,177.55288696289062,177.86153363431225,174.27721540294266,174.5858772666596,27061500,GOOGLE,417.0489807128906,417.31698816741806,407.4609595048601,409.346825702744,26681800,MICROSOFT,207.08999633789062,207.5500030517578,199.13999938964844,200.00999450683594,72292200,AMAZON,780.2100219726562,781.489990234375,757.3800048828125,771.5,3690800,NETFLIX,391.1600036621094,392.1199951171875,376.0400085449219,386.1000061035156,2029700,SPOTIFY
2024-11-07,226.4261932373047,226.82434934768688,223.52968537330023,223.5894049928319,42137700,APPLE,181.48568725585938,181.78438300082175,178.11046028006697,178.32950281355292,16730400,GOOGLE,422.2598571777344,423.66928922885575,416.75122569160607,418.14078738908074,19901800,MICROSOFT,210.0500030517578,212.25,207.19000244140625,207.44000244140625,52878400,AMAZON,796.5399780273438,798.219970703125,779.9400024414062,781.3699951171875,3295100,NETFLIX,399.8399963378906,403.760009765625,391.4200134277344,399.0,2694500,SPOTIFY
2024-11-08,226.15716552734375,227.8511489598711,225.60910803907555,226.366414165256,38328800,APPLE,179.0762481689453,181.55540329027707,178.7875185486928,181.20692236266052,15021500,GOOGLE,419.3913879394531,423.3218709209174,418.6370415012291,422.15067113853826,16891400,MICROSOFT,208.17999267578125,209.9600067138672,207.44000244140625,209.72000122070312,36075800,AMAZON,795.0399780273438,799.0599975585938,788.6500244140625,797.3599853515625,1910600,NETFLIX,400.67999267578125,405.92999267578125,397.3299865722656,399.1499938964844,2038300,SPOTIFY
2024-11-11,223.4368133544922,224.90161465065876,220.7164746065314,224.20409384410638,42005600,APPLE,181.17706298828125,181.29156734251112,179.20569513512734,179.28534835646568,12503400,GOOGLE,414.8951721191406,421.6444892164841,412.90014011467326,419.37154486777723,24503300,MICROSOFT,206.83999633789062,209.64999389648438,205.58999633789062,208.5,35456000,AMAZON,805.4400024414062,806.8200073242188,795.5700073242188,795.9000244140625,2399200,NETFLIX,410.19000244140625,412.95001220703125,404.7900085449219,405.1099853515625,3289900,SPOTIFY
2024-11-12,223.4368133544922,224.79200315214243,222.5698957238352,223.75568869738083,40398300,APPLE,182.52117919921875,183.22309374945092,180.20133049340726,180.58963043690287,14065800,GOOGLE,419.87774658203125,421.27724345465793,414.09120276331856,415.1333664626366,19401200,MICROSOFT,208.91000366210938,209.5399932861328,206.00999450683594,208.3699951171875,38942900,AMAZON,819.5,820.3699951171875,803.75,807.5,2814100,NETFLIX,419.3900146484375,420.0,411.3999938964844,415.80999755859375,6596700,SPOTIFY
2024-11-13,224.3236541748047,225.84824072641777,221.97200184604,223.2175800878685,48566200,APPLE,179.70350646972656,181.8192466194637,179.33510844230398,181.3562613464338,13969700,GOOGLE,422.0315856933594,426.13078508233804,415.0936518803662,418.4981158636683,21502200,MICROSOFT,214.10000610351562,215.08999633789062,209.13999938964844,209.39999389648438,46212900,AMAZON,830.469970703125,836.989990234375,820.5399780273438,822.6199951171875,2767800,NETFLIX,467.3699951171875,473.0,445.0,460.260009765625,12048800,SPOTIFY
2024-11-14,227.41270446777344,228.06039910056816,224.20409355692922,224.22402706703753,44923900,APPLE,176.57717895507812,179.6586932804585,175.26292374510342,178.96671454665437,17925800,GOOGLE,423.7090148925781,424.9794756745813,416.87034165331505,421.83308381585454,30246900,MICROSOFT,211.47999572753906,215.89999389648438,210.8800048828125,214.16000366210938,42620300,AMAZON,837.260009765625,841.0,830.02001953125,833.6699829101562,3038200,NETFLIX,477.5,489.69000244140625,466.3599853515625,471.0,5040200,SPOTIFY
2024-11-15,224.20408630371094,226.1172926822584,223.47667285882866,225.59912786989784,47923700,APPLE,173.1322479248047,175.11358167386166,171.99223317829555,174.87462204023322,21708900,GOOGLE,411.9075927734375,419.64945830467593,410.5577414665236,416.69168340974903,28247600,MICROSOFT,202.61000061035156,207.33999633789062,199.61000061035156,206.75999450683594,86591100,AMAZON,823.9600219726562,832.0399780273438,816.489990234375,832.0399780273438,3673700,NETFLIX,458.32000732421875,474.0,457.5400085449219,474.0,3024200,SPOTIFY
2024-11-18,227.21339416503906,228.92731096181708,224.37346982490487,224.4531886532215,44633700,APPLE,176.0295867919922,176.13910806830904,173.65995291839005,174.19262527103558,18662800,GOOGLE,412.6619567871094,415.28226896658396,409.0292257942814,411.77857411978533,24727000,MICROSOFT,201.6999969482422,204.6699981689453,200.9499969482422,204.14999389648438,36409900,AMAZON,847.0499877929688,848.4500122070312,809.3300170898438,815.5,4081200,NETFLIX,454.3599853515625,460.6400146484375,452.489990234375,460.6400146484375,2949700,SPOTIFY
2024-11-19,227.4724884033203,229.34584301691135,225.8582238051146,226.17708394083317,36211800,APPLE,178.7974395751953,179.38486486474858,174.3528880122025,174.471372723143,15392900,GOOGLE,414.67681884765625,414.82569505476647,408.48329602030253,410.03166915459735,18133500,MICROSOFT,204.61000061035156,205.3000030517578,198.77999877929688,199.3300018310547,31197900,AMAZON,871.3200073242188,874.489990234375,839.1599731445312,839.75,3814200,NETFLIX,463.8299865722656,465.2099914550781,450.0,454.29998779296875,2799600,SPOTIFY
2024-11-20,228.18994140625,229.11664435033194,225.0909420304879,227.25326410482543,35169600,APPLE,176.55726623535156,178.32950846808063,174.56598146219105,178.05072981522193,15729800,GOOGLE,412.3939208984375,414.18052617467214,407.52050466835993,413.76364252316546,19191700,MICROSOFT,202.8800048828125,203.1300048828125,199.4499969482422,202.97999572753906,32769000,AMAZON,883.8499755859375,890.5999755859375,868.4000244140625,879.97998046875,4093800,NETFLIX,470.010009765625,473.0,460.64898681640625,467.7799987792969,2386400,SPOTIFY
2024-11-21,227.71163940429688,229.34583747298603,224.9115819089953,228.07036655131708,42108300,APPLE,168.5025177001953,174.8148865873952,164.58963534340768,174.69043129296793,38839400,GOOGLE,410.61370849609375,417.48594978990576,408.047821251109,417.2074811714516,20780200,MICROSOFT,198.3800048828125,203.49000549316406,195.75,203.49000549316406,58800000,AMAZON,897.47998046875,908.0,877.239990234375,883.9299926757812,4511300,NETFLIX,470.70001220703125,473.6199951171875,465.5039978027344,468.2200012207031,2181500,SPOTIFY
2024-11-22,229.05685424804688,229.9038535446,227.2532593649619,227.2532593649619,38168300,APPLE,165.84417724609375,167.53178337066268,164.98792409496505,166.43160267043936,24497000,GOOGLE,414.7211608886719,415.11896888171356,408.81361962204943,409.1219230929671,24814600,MICROSOFT,197.1199951171875,199.25999450683594,196.75,198.25,31530800,AMAZON,897.7899780273438,906.0,893.0,896.0,3214000,NETFLIX,475.0400085449219,480.0899963378906,469.489990234375,471.80999755859375,2296200,SPOTIFY
2024-11-25,232.04624938964844,232.42491005721112,228.92733167542056,230.64124862727573,90152800,APPLE,168.69168090820312,169.7172065350398,166.6705280950971,167.257968644597,21395700,GOOGLE,416.5013732910156,418.778836873561,412.58290247238904,416.09361024787086,27691100,MICROSOFT,201.4499969482422,201.9499969482422,199.0,199.27999877929688,40685700,AMAZON,865.5900268554688,902.0499877929688,864.219970703125,902.0499877929688,6014200,NETFLIX,481.3800048828125,485.4599914550781,466.8800048828125,483.3500061035156,27687700,SPOTIFY
2024-11-26,234.22850036621094,234.73670603206307,232.50462429580293,232.50462429580293,45986200,APPLE,169.87649536132812,170.74768243022393,168.6916785168623,168.75142982025878,14937500,GOOGLE,425.6510925292969,426.69537265560376,416.5610569682543,417.29700327286355,23458900,MICROSOFT,207.86000061035156,208.0,201.7899932861328,201.89999389648438,41673700,AMAZON,872.5999755859375,886.3599853515625,867.25,867.489990234375,3138300,NETFLIX,476.6099853515625,482.7200012207031,474.3349914550781,477.54998779296875,2660800,SPOTIFY
2024-11-27,234.0989532470703,234.85627456038557,232.98291999142185,233.6405889619916,33498400,APPLE,170.0756378173828,170.39423547744005,168.93063997056893,169.9362333002551,12433400,GOOGLE,420.67840576171875,424.8952553598379,419.71370546967114,422.78681538537654,18332400,MICROSOFT,205.74000549316406,207.63999938964844,205.0500030517578,206.97999572753906,28061600,AMAZON,877.3400268554688,880.9500122070312,858.9099731445312,872.0599975585938,2578200,NETFLIX,475.239990234375,484.2900085449219,473.17498779296875,480.29998779296875,2045400,SPOTIFY
2024-11-29,236.49046325683594,236.96876103246996,233.1423484177734,233.979373326336,28481400,APPLE,169.7470703125,170.12540407605727,168.01464714823365,169.3189362005132,9250700,GOOGLE,421.1458435058594,422.55809676444443,415.51677094971404,417.7942649272981,16271900,MICROSOFT,207.88999938964844,208.1999969482422,204.58999633789062,205.8300018310547,24892400,AMAZON,886.8099975585938,892.4099731445312,876.6799926757812,882.1699829101562,2027200,NETFLIX,476.9599914550781,478.8699951171875,473.3299865722656,475.7200012207031,981200,SPOTIFY
2024-12-02,238.7424774169922,239.93822952974793,236.32108052902282,236.4306920263062,48137100,APPLE,172.22622680664062,172.84353545661656,169.5280442738957,169.57782943487248,16593400,GOOGLE,428.624755859375,430.63370587040276,419.0075879189551,419.26617676175783,20207200,MICROSOFT,210.7100067138672,212.99000549316406,209.50999450683594,209.9600067138672,39523200,AMAZON,897.739990234375,902.3400268554688,884.1199951171875,887.510009765625,2389000,NETFLIX,480.2699890136719,482.3800048828125,473.010009765625,478.7650146484375,2040000,SPOTIFY
2024-12-03,241.79165649414062,241.90126799408412,238.05492154808562,238.96170621081686,38861000,APPLE,172.26605224609375,173.56039040413435,171.75826489918776,172.3656073706831,15721500,GOOGLE,428.8435363769531,430.10658499561004,425.4024231657053,427.4909528928622,18302000,MICROSOFT,213.44000244140625,214.02000427246094,209.64999389648438,210.30999755859375,32214800,AMAZON,902.1699829101562,902.6900024414062,888.030029296875,894.3599853515625,2401600,NETFLIX,493.32000732421875,494.0,477.0,477.2799987792969,2160300,SPOTIFY
2024-12-04,242.150390625,243.2465056559754,240.3966217802532,242.01088645785893,44383900,APPLE,175.32266235351562,175.66117711522332,171.99722046364053,172.02708851953844,18239800,GOOGLE,435.0295715332031,437.2672755840065,430.26573974460115,430.6635477279166,26009400,MICROSOFT,218.16000366210938,220.0,215.75,215.9600067138672,48745700,AMAZON,911.0599975585938,915.969970703125,898.0499877929688,898.0499877929688,2689600,NETFLIX,502.3800048828125,506.4729919433594,490.2279968261719,493.5,2489000,SPOTIFY
2024-12-05,242.18026733398438,243.6749612569442,241.27349790971317,243.12691898237586,40033900,APPLE,173.5504150390625,176.9356081335433,173.2517192965647,176.54730822598512,16145500,GOOGLE,440.2011413574219,442.2300015529848,433.7864078777922,435.5268443828614,21697800,MICROSOFT,220.5500030517578,222.14999389648438,217.3000030517578,218.02999877929688,41140200,AMAZON,917.8699951171875,927.0,911.1099853515625,917.8499755859375,2835300,NETFLIX,493.510009765625,495.05999755859375,480.6600036621094,492.6000061035156,2241000,SPOTIFY
2024-12-06,241.98097229003906,243.7646488451358,241.2236661935451,242.0507319698173,36870600,APPLE,175.72093200683594,176.06841023086653,172.7937409307028,173.1223047445848,13319500,GOOGLE,441.1459655761719,443.66213830194334,439.35578408835863,439.8828865059849,18821000,MICROSOFT,227.02999877929688,227.14999389648438,220.60000610351562,220.75,44178100,AMAZON,934.739990234375,935.27001953125,912.7100219726562,915.22998046875,2955400,NETFLIX,498.6300048828125,499.0199890136719,487.69000244140625,495.2200012207031,1841200,SPOTIFY
2024-12-09,245.8771514892578,246.36542364679892,240.89483838917155,240.97455722335047,44649200,APPLE,176.52830505371094,177.46525783971273,174.8337806994744,175.14776627345978,19887800,GOOGLE,443.5825500488281,445.8799237829371,438.09272702914495,440.1812568830996,19144400,MICROSOFT,226.08999633789062,230.0800018310547,225.6699981689453,227.2100067138672,46819400,AMAZON,913.6900024414062,930.2999877929688,902.5900268554688,928.0,3350100,NETFLIX,482.5199890136719,497.0,481.0,496.5199890136719,2903300,SPOTIFY
2024-12-10,246.8935546875,247.33200068563022,244.47214254503118,246.0166626912396,36914800,APPLE,185.92787170410156,187.4230296378457,182.08033134621863,183.9393165192724,34317400,GOOGLE,440.9072570800781,447.16289170564096,439.1867306857862,441.96149226752044,18469500,MICROSOFT,225.0399932861328,229.05999755859375,224.1999969482422,226.08999633789062,31199900,AMAZON,913.3499755859375,922.8800048828125,909.5800170898438,913.760009765625,2388600,NETFLIX,471.5799865722656,488.4289855957031,465.3399963378906,480.0,2783800,SPOTIFY
2024-12-11,245.6180877685547,249.91283942191654,245.38889040813984,247.08288910248365,45205800,APPLE,196.07501220703125,196.25442385309114,185.65873341528825,186.0973154961447,41664500,GOOGLE,446.5363464355469,447.8889300799693,441.62334015579273,441.62334015579273,19200200,MICROSOFT,230.25999450683594,231.1999969482422,226.25999450683594,226.41000366210938,35385800,AMAZON,936.5599975585938,941.75,923.0800170898438,924.7100219726562,3501700,NETFLIX,476.9100036621094,478.94000244140625,469.5050048828125,474.9800109863281,1949000,SPOTIFY
2024-12-12,247.0828857421875,247.8601253939288,244.81093690846672,246.01666340683192,32777500,APPLE,193.0049591064453,196.07002983557697,192.65608283731066,195.66633840932482,25197800,GOOGLE,447.1032409667969,453.66717934055725,446.65568798759284,446.65568798759284,20834800,MICROSOFT,228.97000122070312,231.08999633789062,227.6300048828125,229.8300018310547,28204100,AMAZON,925.5499877929688,934.0900268554688,922.5999755859375,933.3499755859375,2486200,NETFLIX,480.1099853515625,487.82000732421875,475.0,477.0,1607400,SPOTIFY
2024-12-13,247.2522735595703,248.40815863747187,245.36895982515324,246.9433725816478,33155300,APPLE,190.76222229003906,193.7126587699419,190.6425993125333,192.08793082002458,18883200,GOOGLE,444.8257141113281,448.9629838704377,443.14494732322726,445.98933356109154,20177800,MICROSOFT,227.4600067138672,230.1999969482422,225.86000061035156,228.39999389648438,28768100,AMAZON,918.8699951171875,925.5499877929688,909.6099853515625,916.8099975585938,2485800,NETFLIX,483.30999755859375,484.6000061035156,474.5400085449219,479.5849914550781,1431700,SPOTIFY
2024-12-16,250.1519775390625,250.490786396497,246.7739697560149,247.1127786134494,51694800,APPLE,197.5203399658203,199.99233022704658,193.48341038940663,193.73759211233372,32248600,GOOGLE,449.12213134765625,449.7089034526842,442.8466168869823,444.82573215231423,23598800,MICROSOFT,232.92999267578125,233.0,228.00999450683594,230.22999572753906,37552100,AMAZON,921.0800170898438,928.9400024414062,919.5,923.9400024414062,2674900,NETFLIX,484.8999938964844,490.6650085449219,481.74200439453125,483.0400085449219,1398500,SPOTIFY
2024-12-17,252.58334350585938,252.93211150871377,248.89643481128522,249.1953766416157,51356400,APPLE,196.4836883544922,202.2251047087036,196.0550837025253,197.88914050032798,24129500,GOOGLE,451.9764099121094,452.80189103583194,447.11314908926647,448.545282051395,22733500,MICROSOFT,231.14999389648438,232.72999572753906,227.85000610351562,232.38999938964844,35948100,AMAZON,919.1300048828125,928.4500122070312,916.4199829101562,921.5399780273438,2459500,NETFLIX,474.3699951171875,483.82000732421875,471.70001220703125,479.9100036621094,1915400,SPOTIFY
2024-12-18,247.1725616455078,253.38051965426092,246.86366065893745,251.26802371656945,56774100,APPLE,189.5361785888672,198.04861948645635,188.6689918668289,196.19462306691972,27638400,GOOGLE,434.9997253417969,450.1763104473289,434.6317218572595,448.85359210839096,24444500,MICROSOFT,220.52000427246094,231.39999389648438,220.11000061035156,230.77000427246094,43281400,AMAZON,889.5499877929688,922.4400024414062,886.5599975585938,919.1300048828125,2938200,NETFLIX,448.6499938964844,482.6700134277344,446.7799987792969,479.5,3386800,SPOTIFY
2024-12-19,248.90640258789062,251.1085917693189,246.21595643132494,246.6245097734382,60882300,APPLE,189.08763122558594,193.97182278625914,188.90821957957144,192.65607654402254,26981200,GOOGLE,434.6416931152344,440.7580781855559,433.9355816606558,439.2066057877418,22963700,MICROSOFT,223.2899932861328,226.08999633789062,222.9199981689453,224.91000366210938,39918700,AMAZON,902.0399780273438,912.6199951171875,899.0,908.1799926757812,2815500,NETFLIX,454.1600036621094,460.7799987792969,450.010009765625,453.9200134277344,1858000,SPOTIFY
2024-12-20,253.5897979736328,254.09798847685343,244.82092317346877,247.16260139536695,147495300,APPLE,192.33712768554688,193.50832259279161,185.76838878723544,186.40632224516705,45319700,GOOGLE,434.2140808105469,441.3150464611244,426.28763393531244,430.7431322726768,64263700,MICROSOFT,224.9199981689453,226.2100067138672,218.72999572753906,219.83999633789062,88279200,AMAZON,909.0499877929688,919.9199829101562,890.489990234375,893.2100219726562,4530500,NETFLIX,460.8800048828125,464.4649963378906,444.1700134277344,445.2699890136719,1834600,SPOTIFY
2024-12-23,254.36703491210938,254.74568039470608,252.55346551957817,253.8688035675433,40858800,APPLE,195.35733032226562,195.85571627268868,191.0114042261952,193.40365070441305,15235900,GOOGLE,432.8714294433594,435.25830776300677,430.4646409959487,434.35327712310794,19152500,MICROSOFT,225.05999755859375,226.8800048828125,223.89999389648438,225.00999450683594,28070000,AMAZON,911.4500122070312,915.0,899.0999755859375,913.4199829101562,2339400,NETFLIX,456.2900085449219,462.5,451.0,462.0,1658900,SPOTIFY
2024-12-24,257.28668212890625,257.2966260773909,254.386956808638,254.58626151312842,23234700,APPLE,196.93223571777344,197.03190378414646,194.56788347394306,195.53674590275864,6809800,GOOGLE,436.9291076660156,437.1976515770788,431.817212852652,432.27469051669533,7164500,MICROSOFT,229.0500030517578,229.13999938964844,226.1300048828125,226.94000244140625,15007500,AMAZON,932.1199951171875,935.8499755859375,911.7000122070312,915.0,2320300,NETFLIX,461.6400146484375,462.69000244140625,455.8999938964844,456.82000732421875,522300,SPOTIFY
2024-12-26,258.1037292480469,259.1799258751944,256.7186620602343,257.27667867815336,27237100,APPLE,196.4637451171875,197.52032088445068,195.23770474465502,196.1049066292932,7907900,GOOGLE,435.7157897949219,438.5303413291557,434.24389716434194,436.6804901261448,8194200,MICROSOFT,227.0500030517578,228.5,226.6699981689453,228.5,16146700,AMAZON,924.1400146484375,930.489990234375,915.2999877929688,928.4000244140625,2340300,NETFLIX,457.9800109863281,460.9100036621094,455.2799987792969,458.0,1145900,SPOTIFY
2024-12-27,254.68588256835938,257.78489719249416,252.16483330495137,256.917949151404,42355300,APPLE,193.4136199951172,196.1647202757909,191.3523024429326,195.83578371138285,14693000,GOOGLE,428.17718505859375,432.84155699312345,424.0200357250834,432.2249501021284,18117700,MICROSOFT,223.75,226.02999877929688,220.89999389648438,225.60000610351562,27367100,AMAZON,907.5499877929688,918.1300048828125,894.5,916.010009765625,3226200,NETFLIX,456.4800109863281,459.0,449.4949951171875,456.1199951171875,963700,SPOTIFY
2024-12-30,251.307861328125,252.60326573181473,249.86299361835324,251.33775398934142,35557500,APPLE,192.0679931640625,193.15447096011988,189.74551265085918,190.24888736231753,12209500,GOOGLE,422.50836181640625,425.21349868579347,419.59438106008827,423.7316509986102,13158700,MICROSOFT,221.3000030517578,223.0,218.42999267578125,220.05999755859375,28321200,AMAZON,900.4299926757812,908.22998046875,889.7100219726562,894.510009765625,2203000,NETFLIX,451.7900085449219,455.1700134277344,444.8500061035156,450.0,1604800,SPOTIFY
2024-12-31,249.53416442871094,252.38404809530297,248.54766097322468,251.54702315387914,39480700,APPLE,189.82525634765625,192.6261831490538,188.96803184531277,191.82378901400236,14355200,GOOGLE,419.1965637207031,424.3979934566231,418.36115784079396,423.77143145899026,13246500,MICROSOFT,219.38999938964844,223.22999572753906,218.94000244140625,222.97000122070312,24819700,AMAZON,891.3200073242188,902.6799926757812,889.469970703125,901.7999877929688,1875900,NETFLIX,447.3800048828125,453.1099853515625,446.2099914550781,451.760009765625,763800,SPOTIFY
2025-01-02,242.9874267578125,248.21885574509324,240.96460876578237,248.0494437119358,55740700,APPLE,190.0146484375,192.57634453093496,188.10084805074,190.86688422631914,17545200,GOOGLE,416.2925109863281,423.74159992080814,412.5829142901712,423.2045424399656,16896500,MICROSOFT,220.22000122070312,225.14999389648438,218.19000244140625,222.02999877929688,33956600,AMAZON,886.72998046875,898.5800170898438,877.0,895.5,2312300,NETFLIX,457.7900085449219,460.2699890136719,443.2099914550781,450.5799865722656,1092300,SPOTIFY
2025-01-03,242.49916076660156,243.31625226562878,241.03435939639962,242.49916076660156,40244100,APPLE,192.50656127929688,193.87213391074388,190.7323085199097,192.10286987789056,12875000,GOOGLE,421.0364685058594,421.712745134401,417.2472919522773,418.77885425500915,16662900,MICROSOFT,224.19000244140625,225.36000061035156,221.6199951171875,222.50999450683594,27515600,AMAZON,881.0499877929688,898.8300170898438,879.8900146484375,893.1300048828125,2967300,NETFLIX,466.69000244140625,472.79998779296875,459.5,459.95001220703125,1185700,SPOTIFY
2025-01-06,244.1333465576172,246.45510633108967,242.33971076643533,243.4457849039297,45045600,APPLE,197.3209686279297,198.9157945148251,194.43032104184667,194.52002686101858,19483300,GOOGLE,425.5118713378906,431.9465149926899,423.15482788109534,425.66104554069966,20573600,MICROSOFT,227.61000061035156,228.83999633789062,224.83999633789062,226.77999877929688,31849800,AMAZON,881.7899780273438,892.8300170898438,871.6900024414062,888.760009765625,3457700,NETFLIX,468.92999267578125,474.31298828125,460.6000061035156,469.44000244140625,1751900,SPOTIFY
2025-01-07,241.3532257080078,244.681407317594,240.496267218822,242.12049100282684,40856000,APPLE,196.07501220703125,201.48747646329343,195.30749356553247,197.62997397768044,16966800,GOOGLE,420.0617980957031,428.29654775990844,418.50037065706186,426.655570865203,18139100,MICROSOFT,222.11000061035156,228.3800048828125,221.4600067138672,227.89999389648438,28084200,AMAZON,879.1900024414062,888.0,869.1099853515625,879.3800048828125,2649800,NETFLIX,463.92999267578125,472.9700012207031,454.7130126953125,472.0,1261000,SPOTIFY
2025-01-08,241.8414764404297,242.84791342439922,239.20085656180404,241.06423680804883,37628900,APPLE,194.75927734375,197.00201430773126,193.124571898385,193.32392325327666,14335300,GOOGLE,422.23980712890625,424.6366402910522,419.2363221421035,421.14581248112984,15054600,MICROSOFT,222.1300048828125,223.52000427246094,220.1999969482422,223.19000244140625,25033300,AMAZON,875.0,886.219970703125,873.0,880.0,2347900,NETFLIX,479.7300109863281,482.05999755859375,460.92999267578125,462.7099914550781,2154800,SPOTIFY
2025-01-10,236.01219177246094,239.3104808095479,232.17580437363205,239.16100228470233,61710900,APPLE,192.5464324951172,196.98206455558247,190.98150846908007,194.78916934463103,20753800,GOOGLE,416.6605224609375,422.3890244132644,412.7519761682606,422.3094749538564,20201100,MICROSOFT,218.94000244140625,221.7100067138672,216.5,221.4600067138672,36811500,AMAZON,837.6900024414062,866.4099731445312,834.4000244140625,866.4000244140625,4803300,NETFLIX,459.5299987792969,479.42999267578125,456.25,476.0,2966200,SPOTIFY
2025-01-13,233.5708465576172,233.8398957390806,228.90740850459227,232.7039288898965,49630700,APPLE,191.6692657470703,191.86863229863644,188.05099402103852,190.73231291855885,13169100,GOOGLE,414.9101257324219,416.21296436365594,410.03690951971083,412.97077003054903,17604800,MICROSOFT,218.4600067138672,219.39999389648438,216.47000122070312,218.05999755859375,27262700,AMAZON,840.2899780273438,847.0700073242188,829.1400146484375,831.530029296875,3024500,NETFLIX,458.5400085449219,463.5,451.4280090332031,452.42999267578125,1344900,SPOTIFY
2025-01-14,232.45480346679688,235.28475371553364,231.6476711610837,233.91960476413306,39435300,APPLE,190.43328857421875,192.6461235720949,189.02783644133166,191.87860489385017,13651200,GOOGLE,413.3984375,417.4461724776856,408.4754763868852,415.5267269300622,16935900,MICROSOFT,217.75999450683594,221.82000732421875,216.1999969482422,220.44000244140625,24711700,AMAZON,828.4000244140625,844.8900146484375,823.52001953125,843.2000122070312,3037700,NETFLIX,463.5899963378906,469.3900146484375,460.3299865722656,463.3900146484375,1140500,SPOTIFY
2025-01-15,237.02854919433594,238.11470496290485,233.60071548412043,233.80997931617492,39832000,APPLE,196.34413146972656,197.16149175688608,192.7059199913067,193.72263162353136,12894900,GOOGLE,423.9802551269531,425.8101960648602,415.984184442192,416.83950040874134,19637800,MICROSOFT,223.35000610351562,223.57000732421875,220.75,222.8300018310547,31291300,AMAZON,848.260009765625,850.8400268554688,830.4099731445312,836.4400024414062,3181400,NETFLIX,490.69000244140625,492.17999267578125,476.05999755859375,476.1199951171875,2053700,SPOTIFY
2025-01-16,227.4525604248047,237.1680713225123,227.22337827123218,236.51041752509497,71759100,APPLE,193.78244018554688,196.3441362110355,193.6727946616834,195.19286581523593,13449600,GOOGLE,422.25970458984375,427.1428756329152,422.07077084126166,426.35721474684357,15300000,MICROSOFT,220.66000366210938,224.64999389648438,220.30999755859375,224.4199981689453,24757300,AMAZON,842.3699951171875,868.97998046875,842.02001953125,860.9600219726562,4028500,NETFLIX,490.3399963378906,500.4800109863281,488.2300109863281,490.80999755859375,1376900,SPOTIFY
2025-01-17,229.16647338867188,231.4682996512766,227.67177943063626,231.2989028272768,68488300,APPLE,196.9123077392578,198.16823495893416,194.67953302807754,197.4106937293802,22109100,GOOGLE,426.6853942871094,432.1056227420966,425.8301086663914,431.717739483304,26197500,MICROSOFT,225.94000244140625,226.50999450683594,223.0800018310547,225.83999633789062,42370100,AMAZON,858.0999755859375,865.0,852.1300048828125,859.7899780273438,3617600,NETFLIX,485.5299987792969,490.7799987792969,480.0050048828125,487.0,2021300,SPOTIFY
2025-01-21,221.85243225097656,223.62613445935494,218.6039696546368,223.20762199269615,98070400,APPLE,198.98558044433594,203.18198165088893,198.79619134868744,199.8627293790569,19005200,GOOGLE,426.1583251953125,428.54520356031776,423.2741792396476,427.8490471438773,26085700,MICROSOFT,230.7100067138672,231.77999877929688,226.94000244140625,228.89999389648438,39951500,AMAZON,869.6799926757812,916.4000244140625,854.75,863.530029296875,9851400,NETFLIX,487.510009765625,500.8599853515625,476.5199890136719,497.3599853515625,2133300,SPOTIFY
2025-01-22,223.03823852539062,223.3272060060417,219.01252087308487,219.01252087308487,64126500,APPLE,199.38429260253906,201.4675423346555,198.55697005615318,199.90261827692612,15477400,GOOGLE,443.7615966796875,444.8257262250376,433.6173259954359,435.168798403502,27803800,MICROSOFT,235.00999450683594,235.44000244140625,231.19000244140625,232.02000427246094,41448200,AMAZON,953.989990234375,999.0,950.760009765625,998.030029296875,14273200,NETFLIX,493.55999755859375,510.8399963378906,493.0299987792969,509.0,1867100,SPOTIFY
2025-01-23,222.8688507080078,226.2269251350915,221.51366083038826,223.94503224654224,60234800,APPLE,198.9357452392578,201.28812762165109,196.18466016542135,199.33444793070097,15170800,GOOGLE,444.2687683105469,444.3085582129765,439.08724891108926,439.58451646364995,18389300,MICROSOFT,235.4199981689453,235.52000427246094,231.50999450683594,234.10000610351562,26404400,AMAZON,984.8599853515625,985.0,953.9000244140625,957.8099975585938,7752100,NETFLIX,501.5,501.6099853515625,488.00201416015625,490.0,892700,SPOTIFY
2025-01-24,221.991943359375,224.831867935065,220.6267944226493,223.9848686181573,54697900,APPLE,201.2482452392578,201.91609581228664,199.1390785263405,199.20487496402947,12732400,GOOGLE,441.6332702636719,444.20911262497947,438.98780315861995,442.727264983927,15549500,MICROSOFT,234.85000610351562,236.39999389648438,232.92999267578125,234.5,25890700,AMAZON,977.5900268554688,986.280029296875,967.6799926757812,984.4099731445312,4550400,NETFLIX,510.42999267578125,512.010009765625,501.4750061035156,507.82000732421875,1778100,SPOTIFY
2025-01-27,229.04690551757812,231.32879829775732,223.18770026542342,223.2275672861503,94863400,APPLE,193.14450073242188,198.0286770954344,192.077947468968,193.56314311700586,24970200,GOOGLE,432.1852111816406,432.82172827375285,421.18565437157145,421.69287703242304,35647800,MICROSOFT,235.4199981689453,235.61000061035156,225.86000061035156,226.2100067138672,49428300,AMAZON,971.8900146484375,982.27001953125,960.260009765625,971.0999755859375,4634200,NETFLIX,513.97998046875,516.5830078125,488.0400085449219,495.1099853515625,2445400,SPOTIFY
2025-01-28,237.4171905517578,239.3403714135585,229.99354669273774,230.03341371427896,75707600,APPLE,196.43385314941406,196.59332510027124,191.98824361312455,194.0216516747315,15939200,GOOGLE,444.7561340332031,445.9296782334323,429.02258057650255,432.22498499378844,23491700,MICROSOFT,238.14999389648438,241.77000427246094,233.97999572753906,234.2899932861328,41587200,AMAZON,971.8300170898438,977.9299926757812,957.2999877929688,966.7100219726562,3434000,NETFLIX,530.7999877929688,536.9949951171875,510.718994140625,518.0,2243400,SPOTIFY
2025-01-29,238.51329040527344,239.01152170916106,233.18220937175082,233.29182086679862,45486100,APPLE,196.54347229003906,197.81935429110533,194.55990597999036,196.73286138104575,12287800,GOOGLE,439.9127197265625,444.4378728714111,437.9932741704639,444.2489087647689,23581400,MICROSOFT,237.07000732421875,240.38999938964844,236.14999389648438,239.02000427246094,26091700,AMAZON,978.1500244140625,987.6400146484375,968.22998046875,980.0,2930700,NETFLIX,538.8300170898438,543.8599853515625,528.1900024414062,529.969970703125,1902100,SPOTIFY
2025-01-30,236.74954223632812,239.93821947161274,236.37089679279623,237.825723654139,55658300,APPLE,201.97589111328125,202.58193012039442,198.82808076772176,199.11514547234088,14571500,GOOGLE,412.7221374511719,420.5491243253889,410.9021514578089,416.4814791520961,54586300,MICROSOFT,234.63999938964844,237.9499969482422,232.22000122070312,237.13999938964844,32020700,AMAZON,973.239990234375,994.5900268554688,970.010009765625,986.75,3867800,NETFLIX,550.1300048828125,558.3099975585938,541.5850219726562,544.0,2045500,SPOTIFY
2025-01-31,235.16519165039062,246.31561143302469,232.61424963135997,246.31561143302469,100959800,APPLE,204.9363250732422,206.4115433442633,202.9228414159413,203.05740015774455,17060300,GOOGLE,412.791748046875,418.39098567699745,412.64257384774635,416.69033910532374,34161900,MICROSOFT,237.67999267578125,240.2899932861328,236.41000366210938,236.5,36110200,AMAZON,976.760009765625,990.2899780273438,974.0,974.0,3615100,NETFLIX,548.5499877929688,560.3599853515625,546.5599975585938,550.0,1561400,SPOTIFY
2025-02-03,227.20343017578125,231.00992457632861,224.90160402054906,229.17643705581955,73063300,APPLE,201.98587036132812,204.55754385594432,201.00903809438392,201.56223923433402,16719500,GOOGLE,408.6744079589844,413.1398611878705,406.4267487485119,409.350684594608,25679100,MICROSOFT,237.4199981689453,239.25,232.89999389648438,234.05999755859375,37285900,AMAZON,978.9400024414062,987.6900024414062,964.3800048828125,973.0,3724200,NETFLIX,549.0800170898438,554.6959838867188,534.8939819335938,538.9199829101562,2536300,SPOTIFY
2025-02-04,231.97650146484375,232.3053359547129,225.84824721606736,226.44613087124998,45067300,APPLE,207.0395050048828,208.02629948497267,203.6006296665919,203.83986040606993,28285400,GOOGLE,410.116455078125,411.65800277159144,407.5008227766752,410.43471361041793,20532100,MICROSOFT,242.05999755859375,242.52000427246094,238.02999877929688,239.00999450683594,29713800,AMAZON,994.8699951171875,1008.0,978.510009765625,980.469970703125,6000100,NETFLIX,621.77001953125,623.4000244140625,581.0700073242188,595.989990234375,6757300,SPOTIFY
2025-02-05,231.64768981933594,231.84697932244578,227.46254943477126,227.72162426833262,39620300,APPLE,192.67601013183594,193.92197499920485,189.29695401991273,192.47665879496333,43666400,GOOGLE,411.0314636230469,411.5684907814938,408.1572423104593,410.0965981017129,16316700,MICROSOFT,236.1699981689453,238.32000732421875,235.1999969482422,237.02000427246094,38727300,AMAZON,1011.1099853515625,1011.8300170898438,986.6799926757812,987.72998046875,3993400,NETFLIX,626.0,630.77001953125,607.2999877929688,608.8499755859375,4609100,SPOTIFY
2025-02-06,232.39501953125,232.9729696905443,229.61488023403817,230.47183871784506,29925300,APPLE,192.68597412109375,193.2042997692843,189.87508526379926,190.37347121526227,20816600,GOOGLE,413.5475769042969,415.9145752087822,411.737515806655,411.737515806655,16309800,MICROSOFT,238.8300018310547,239.66000366210938,236.00999450683594,238.00999450683594,60897100,AMAZON,1015.6799926757812,1016.3499755859375,1002.6099853515625,1007.8699951171875,3134300,NETFLIX,625.8699951171875,628.5,618.010009765625,628.5,1857100,SPOTIFY
2025-02-07,226.8247833251953,233.1722451327125,226.4560818290891,231.77720359418535,39707200,APPLE,186.53590393066406,192.39193919392628,184.50249582506203,192.11783298882085,29565700,GOOGLE,407.5107727050781,416.36212936115334,405.86979579790295,414.2040051086223,22886800,MICROSOFT,229.14999389648438,234.80999755859375,228.05999755859375,232.5,77539300,AMAZON,1013.9299926757812,1027.760009765625,1005.6699829101562,1017.0,3212900,NETFLIX,622.989990234375,632.4500122070312,620.6900024414062,628.3699951171875,2318500,SPOTIFY
2025-02-10,227.0941162109375,230.02693972945139,226.64521806905947,229.0094413336025,33115600,APPLE,187.5924835205078,189.37671388134663,187.00439170282652,188.44970803135288,16606000,GOOGLE,409.96728515625,413.1895693646485,408.6744015876666,411.44913283343,20817900,MICROSOFT,233.13999938964844,233.9199981689453,229.1999969482422,230.5500030517578,35419900,AMAZON,1027.5999755859375,1032.8499755859375,1015.8800048828125,1023.0499877929688,3296600,NETFLIX,637.6900024414062,642.27001953125,621.22998046875,629.5900268554688,2133500,SPOTIFY
2025-02-11,232.052001953125,234.6556296697615,227.57297502290857,227.64279618723114,53718400,APPLE,186.4661407470703,188.1905520059208,185.47933101594776,186.2318987244594,13028100,GOOGLE,409.1915588378906,410.23580864154656,407.0632389741584,407.40140764567894,18140600,MICROSOFT,232.75999450683594,233.44000244140625,230.1300048828125,231.9199981689453,23713700,AMAZON,1008.0800170898438,1022.6900024414062,1002.9500122070312,1020.7899780273438,3331800,NETFLIX,623.1500244140625,635.4500122070312,619.0020141601562,628.0,1662100,SPOTIFY
2025-02-12,236.29161071777344,236.38140252594314,230.11672290007743,230.63545743654387,45243300,APPLE,184.83140563964844,186.22689542176803,183.03722839190226,184.6320543020691,17632300,GOOGLE,406.8046569824219,408.5053035519359,402.1601645834243,404.98464070295296,19121700,MICROSOFT,228.92999267578125,231.17999267578125,228.16000366210938,230.4600067138672,32285200,AMAZON,1027.31005859375,1027.739990234375,998.3499755859375,1005.489990234375,3389000,NETFLIX,640.5900268554688,648.27197265625,623.7100219726562,626.5599975585938,1804700,SPOTIFY
2025-02-13,240.94024658203125,241.74826634141837,234.99480784534867,236.33153226758247,53614100,APPLE,187.27352905273438,187.38317458159915,184.28321303955016,185.32981147653763,12729300,GOOGLE,408.29644775390625,408.7539254008991,404.13926797640636,404.775785007703,23891700,MICROSOFT,230.3699951171875,230.4199981689453,227.52000427246094,228.85000610351562,31346500,AMAZON,1043.68994140625,1045.989990234375,1025.0999755859375,1026.6300048828125,3476100,NETFLIX,648.3200073242188,652.6279907226562,640.0499877929688,647.1199951171875,1630100,SPOTIFY
2025-02-14,244.00274658203125,244.9504238462646,240.40156080072015,240.66092045804314,40896200,APPLE,186.2667694091797,187.5426362882782,185.50922820269398,186.2269052233785,12714200,GOOGLE,406.1979675292969,406.6753553081934,403.66191514014076,405.5614808415711,22758500,MICROSOFT,228.67999267578125,229.88999938964844,227.22999572753906,229.1999969482422,27031100,AMAZON,1058.5999755859375,1064.5,1041.68994140625,1044.949951171875,3145400,NETFLIX,638.1799926757812,648.0,626.0999755859375,643.760009765625,2120600,SPOTIFY
2025-02-18,243.87306213378906,244.58131995427482,241.2494791133952,243.55383619329416,48822500,APPLE,185.20021057128906,187.17381455216918,182.98737587382027,186.83491577748364,19796000,GOOGLE,407.4013977050781,408.3561429609082,404.2785427328027,405.7703454735141,21423100,MICROSOFT,226.64999389648438,229.3000030517578,223.72000122070312,228.82000732421875,42975100,AMAZON,1035.8499755859375,1062.0,1023.75,1060.0,4229300,NETFLIX,630.5599975585938,646.97998046875,625.6400146484375,639.0399780273438,1934400,SPOTIFY
2025-02-19,244.27207946777344,245.40929524371262,242.56626341463,244.06260076305156,32204200,APPLE,186.52593994140625,186.7551932313241,184.90119679523852,185.58398314772262,13120500,GOOGLE,412.5033264160156,413.21939292620334,405.4222411212721,405.65099512827777,24114200,MICROSOFT,226.6300048828125,226.8300018310547,223.7100067138672,225.52000427246094,28566700,AMAZON,1043.3299560546875,1045.0,1024.510009765625,1035.1800537109375,2600000,NETFLIX,642.72998046875,643.0,624.25,638.0,1474400,SPOTIFY
2025-02-20,245.229736328125,246.1774135823035,243.69348816231408,244.34191013103748,32316900,APPLE,186.03750610351562,186.5159523550358,184.00409812740568,185.89795864642505,12063800,GOOGLE,414.6857604980469,417.8547165109783,411.10822380495836,413.84867949906476,23508700,MICROSOFT,222.8800048828125,225.1300048828125,221.80999755859375,224.77999877929688,30001700,AMAZON,1024.5400390625,1045.0,1015.5900268554688,1042.0,3111800,NETFLIX,636.77001953125,638.7899780273438,615.1500244140625,635.5,1907700,SPOTIFY
2025-02-21,244.95042419433594,248.08275639920348,244.6212281548445,245.34944139409683,53197400,APPLE,180.99383544921875,186.8648210730536,180.5452911558963,186.68539423000573,19520800,GOOGLE,406.793212890625,416.59905745325864,406.4743466307379,415.8915301727366,27524800,MICROSOFT,216.5800018310547,223.30999755859375,214.74000549316406,223.27999877929688,55323900,AMAZON,1003.1500244140625,1032.3800048828125,999.3900146484375,1029.4200439453125,3738700,NETFLIX,607.3800048828125,639.0120239257812,605.5570068359375,636.3699951171875,2198700,SPOTIFY
2025-02-24,246.49664306640625,248.25234005966587,243.82317911276243,244.3319283268952,51326400,APPLE,180.6051025390625,184.49250685544612,180.2961056843669,183.20667779988295,18734000,GOOGLE,402.59783935546875,407.9491968592537,397.93408950529806,407.09219625426255,26443700,MICROSOFT,212.7100067138672,217.72000122070312,212.4199981689453,217.4499969482422,42387600,AMAZON,988.469970703125,1015.1699829101562,984.47998046875,1008.0,4426200,NETFLIX,601.6099853515625,621.9099731445312,592.97998046875,612.2999877929688,2078600,SPOTIFY
2025-02-25,246.43678283691406,249.38956194785018,244.3119941197594,247.3944454522674,48013300,APPLE,176.7974395751953,180.17649594747144,176.19938551849802,179.57345316387003,20832500,GOOGLE,396.5190124511719,400.52507980230723,395.3231955078189,399.7079184567694,29387400,MICROSOFT,212.8000030517578,213.33999633789062,204.16000366210938,211.6300048828125,58958000,AMAZON,977.239990234375,994.4000244140625,955.0,989.4000244140625,4738300,NETFLIX,588.5700073242188,599.1199951171875,575.5349731445312,597.219970703125,2822800,SPOTIFY
2025-02-26,239.77308654785156,244.3818005030484,238.5460942392985,243.7333937698084,44433600,APPLE,174.13604736328125,177.50514124217776,173.0296299492345,176.37381061451893,23637200,GOOGLE,398.3426818847656,402.19924554396545,392.88169018272754,396.6286502127144,19619000,MICROSOFT,214.35000610351562,218.16000366210938,213.08999633789062,214.94000244140625,39120600,AMAZON,990.0599975585938,1000.8900146484375,976.9000244140625,977.5999755859375,3397200,NETFLIX,603.1300048828125,608.5289916992188,592.8900146484375,595.6199951171875,2628900,SPOTIFY
2025-02-27,236.72056579589844,241.86796980219768,236.48114634623442,238.82541422357912,41153600,APPLE,169.6605682373047,176.01996323327316,169.20403887557038,175.372067519282,25930500,GOOGLE,391.1676330566406,404.33177619538384,390.80889711711075,399.87728914292836,21127400,MICROSOFT,208.74000549316406,219.97000122070312,208.3699951171875,218.35000610351562,40548600,AMAZON,963.0700073242188,1000.72998046875,961.8300170898438,995.0,3766600,NETFLIX,590.760009765625,613.0,586.0,611.0,1191800,SPOTIFY
2025-02-28,241.24948120117188,241.49887076126774,229.63790389196947,236.37142201455794,56833400,APPLE,171.6640625,171.94315742282225,167.84642419410588,169.75026222513335,30049800,GOOGLE,395.6121520996094,396.24994544118493,385.2283339547379,391.29719366600983,32845700,MICROSOFT,212.27999877929688,212.6199951171875,206.99000549316406,208.64999389648438,51771700,AMAZON,980.5599975585938,982.27001953125,958.1699829101562,969.5599975585938,4717400,NETFLIX,608.010009765625,609.9199829101562,580.0,584.25,4531900,SPOTIFY
2025-03-03,237.4487762451172,243.43412542285543,235.53346633482454,241.19958958341564,47184000,APPLE,168.1155548095703,174.43508509945715,167.0988431977501,173.16918050892346,24122000,GOOGLE,387.14166259765625,397.4358274187669,384.8197626823639,397.4358274187669,23007700,MICROSOFT,205.02000427246094,214.00999450683594,202.5500030517578,213.35000610351562,42948400,AMAZON,973.7000122070312,994.9299926757812,964.8099975585938,983.0,3907400,NETFLIX,599.8599853515625,626.5599975585938,593.77001953125,610.5999755859375,1576800,SPOTIFY
2025-03-04,235.35391235351562,239.4838181516717,234.10696453181083,237.1295800554318,53798100,APPLE,172.05279541015625,174.59954027178784,166.99915466050498,167.3978725396029,30711400,GOOGLE,387.26123046875,391.21745294280987,379.67765721488945,382.06932141422595,29342900,MICROSOFT,203.8000030517578,206.8000030517578,197.42999267578125,200.11000061035156,60853100,AMAZON,972.5800170898438,986.3099975585938,948.2100219726562,971.6099853515625,4392800,NETFLIX,584.1400146484375,590.7100219726562,560.0999755859375,588.25,2987500,SPOTIFY
2025-03-05,235.1643829345703,235.97240266650644,228.67026910680244,234.84515699420854,47227600,APPLE,174.4251251220703,175.18266631177056,170.37821831917367,171.76374589997425,18848000,GOOGLE,399.628173828125,400.27594221038044,387.4605594414927,387.9887187604894,23433100,MICROSOFT,208.36000061035156,209.97999572753906,203.25999450683594,204.8000030517578,38610100,AMAZON,990.9199829101562,995.5999755859375,969.47998046875,973.6199951171875,3807900,NETFLIX,586.8300170898438,587.27001953125,569.0800170898438,584.27001953125,1790200,SPOTIFY
2025-03-06,234.75538635253906,237.27920752401755,232.59068676229822,233.86756011302523,45170400,APPLE,173.64764404296875,176.15949834739462,171.95112715118205,171.99299899435542,19082400,GOOGLE,395.5125427246094,400.7542663515353,391.3171323240562,392.91158534383527,23304600,MICROSOFT,200.6999969482422,205.77000427246094,198.3000030517578,204.39999389648438,49863800,AMAZON,906.3599853515625,973.6900024414062,899.0,972.989990234375,7852600,NETFLIX,543.4099731445312,581.3400268554688,534.219970703125,570.010009765625,2964300,SPOTIFY
2025-03-07,238.4862518310547,240.78062356819368,234.1867631010968,234.53591456798168,46273600,APPLE,175.1826629638672,176.32894457512367,171.6939612832212,172.68276339705244,16395300,GOOGLE,391.9449462890625,393.42976525122566,384.20192438386283,390.9583919892802,22034100,MICROSOFT,199.25,202.27000427246094,192.52999877929688,199.49000549316406,59802800,AMAZON,891.1099853515625,904.8900146484375,858.0700073242188,897.6400146484375,7737500,NETFLIX,532.0999755859375,548.8400268554688,506.489990234375,540.52001953125,3827000,SPOTIFY
2025-03-10,226.92454528808594,235.583358769024,223.6725108894593,234.96486230654432,72071200,APPLE,167.4588623046875,170.09333760834892,165.21856474391475,169.80395112078375,28990700,GOOGLE,378.840576171875,385.05890917094194,375.9107776446238,384.50085520495696,32840100,MICROSOFT,194.5399932861328,196.72999572753906,190.85000610351562,195.60000610351562,62350900,AMAZON,866.6799926757812,881.27001953125,854.5,875.0700073242188,6995300,NETFLIX,489.239990234375,513.2000122070312,483.6499938964844,508.1199951171875,5814600,SPOTIFY
2025-03-11,220.30076599121094,225.2885573705892,216.91904404485373,223.26351528828414,76137400,APPLE,165.63267517089844,168.30208065925785,162.89841848850494,166.33120734425228,23705900,GOOGLE,379.1296081542969,384.6603339518935,375.6018856955347,377.6846284139058,30380200,MICROSOFT,196.58999633789062,200.17999267578125,193.39999389648438,193.89999389648438,54002900,AMAZON,895.0999755859375,910.6799926757812,866.0,867.4099731445312,7398900,NETFLIX,508.44000244140625,513.780029296875,487.1600036621094,490.3999938964844,4055800,SPOTIFY
2025-03-12,216.45018005371094,221.20853706339403,214.38524243690583,219.60246770742089,62547500,APPLE,168.64637756347656,169.1752673518877,165.13373869034936,168.11748777506543,19880100,GOOGLE,381.9397888183594,383.883033194115,377.634805186652,381.62092254273574,24253600,MICROSOFT,198.88999938964844,201.52000427246094,195.2899932861328,200.72000122070312,43679300,AMAZON,919.6799926757812,927.1799926757812,901.0,914.5999755859375,6865800,NETFLIX,535.8400268554688,552.655029296875,524.14501953125,544.4600219726562,3695500,SPOTIFY
2025-03-13,209.1680145263672,216.31053552178076,207.9110965632093,215.4227092543014,61368300,APPLE,164.3852996826172,167.76820552881753,163.72669229913674,167.62849908664165,15206200,GOOGLE,377.45538330078125,383.9826683121219,376.139987768004,381.8301614244045,20473000,MICROSOFT,193.88999938964844,198.8800048828125,191.82000732421875,198.1699981689453,41270800,AMAZON,890.1699829101562,921.8900146484375,887.510009765625,913.0,5001700,NETFLIX,537.9099731445312,545.39501953125,525.489990234375,534.5999755859375,2532100,SPOTIFY
2025-03-14,212.96871948242188,213.42758776028128,209.06826301296118,210.7341834889886,60107600,APPLE,167.2692413330078,167.89792789698524,164.16574856488666,164.9690719773977,18611100,GOOGLE,387.21142578125,388.87564310802037,378.19284770158055,378.46189966674945,19952800,MICROSOFT,197.9499969482422,198.64999389648438,195.32000732421875,197.41000366210938,38096700,AMAZON,918.0,919.6300048828125,901.0,901.4600219726562,5200700,NETFLIX,574.7899780273438,576.6199951171875,546.9500122070312,548.2550048828125,3240400,SPOTIFY
2025-03-17,213.4774627685547,214.69448503570536,209.4573042902151,212.78914514941675,48073400,APPLE,166.22146606445312,168.1075107039109,165.46304658969382,166.97487590206185,17839100,GOOGLE,387.3509521484375,391.3470139725856,384.23181056492524,385.35789354291256,22474300,MICROSOFT,195.74000549316406,199.0,194.32000732421875,198.77000427246094,47341800,AMAZON,950.02001953125,967.6300048828125,934.4199829101562,939.9500122070312,7543100,NETFLIX,597.4600219726562,604.1099853515625,570.0700073242188,570.0700073242188,2802900,SPOTIFY
2025-03-18,212.170654296875,214.62463892519543,210.97358751075308,213.63706605687162,42432400,APPLE,162.32962036132812,166.0917361122214,158.4677229909182,165.61274474870302,24616800,GOOGLE,382.1889343261719,386.02557849597406,379.7773502731509,385.72663184862864,19486900,MICROSOFT,192.82000732421875,194.0,189.3800048828125,192.52000427246094,40414900,AMAZON,929.97998046875,948.25,916.2999877929688,940.0,6009400,NETFLIX,569.47998046875,603.2000122070312,564.0,593.2999877929688,2288700,SPOTIFY
2025-03-19,214.7144317626953,218.22582565599035,213.22806456968678,213.6969181399133,54385400,APPLE,165.93206787109375,167.78118741272533,162.70883071557313,163.57201100984685,24955700,GOOGLE,386.4739990234375,388.3275289171194,382.66724981244226,384.1919384194473,19185500,MICROSOFT,195.5399932861328,195.97000122070312,191.9600067138672,193.3800048828125,39442900,AMAZON,959.489990234375,968.0,924.0,935.77001953125,6662400,NETFLIX,586.22998046875,594.6890258789062,557.4099731445312,571.969970703125,2239700,SPOTIFY
2025-03-20,213.5772247314453,216.9589465476154,211.70181037410745,213.46749271646212,48862900,APPLE,164.70465087890625,166.68050364483307,162.7986437263556,163.48220798963953,19981500,GOOGLE,385.4974060058594,390.4302384005767,381.9497639905121,384.40121765018193,18470500,MICROSOFT,194.9499969482422,199.32000732421875,192.3000030517578,193.07000732421875,38921100,AMAZON,950.8400268554688,967.0,945.5,950.010009765625,4466300,NETFLIX,594.5499877929688,598.1599731445312,580.0,580.0,2526700,SPOTIFY
2025-03-21,217.73703002929688,218.30563028145062,210.764092813104,211.04340788811464,94127800,APPLE,165.90211486816406,166.1216557270406,162.68885163572668,163.0381253367192,29882100,GOOGLE,389.9020690917969,390.38038369901005,381.47140919973003,381.8899648927027,39675900,MICROSOFT,196.2100067138672,196.99000549316406,192.52000427246094,192.89999389648438,60056900,AMAZON,960.2899780273438,963.6500244140625,940.9500122070312,941.6400146484375,5905400,NETFLIX,599.9400024414062,603.2100219726562,586.6500244140625,591.8699951171875,2544200,SPOTIFY
2025-03-24,220.19102478027344,220.93919345594836,218.04628066528426,220.460369765545,44299500,APPLE,169.5744171142578,170.14323170803982,167.0896371412489,168.91081531503914,18742800,GOOGLE,391.7157287597656,394.02768406346627,388.45708885622673,394.02768406346627,21004500,MICROSOFT,203.25999450683594,203.63999938964844,199.9499969482422,200.0,41625400,AMAZON,971.989990234375,977.0,951.5499877929688,969.6699829101562,4677900,NETFLIX,604.7100219726562,618.1370239257812,597.0900268554688,617.0,1923100,SPOTIFY
2025-03-25,223.2036590576172,223.55281053469957,219.54262209652958,220.23093972638688,34493600,APPLE,172.42843627929688,172.54819553776656,170.19313314600385,170.82180453881222,13841600,GOOGLE,393.7885437011719,394.98436068056907,391.2773006739415,392.552857032296,15775000,MICROSOFT,205.7100067138672,206.2100067138672,203.22000122070312,203.60000610351562,31171200,AMAZON,997.280029296875,998.7000122070312,977.1099853515625,978.1799926757812,3782200,NETFLIX,615.8800048828125,621.2000122070312,606.0,606.8699951171875,1573400,SPOTIFY
2025-03-26,220.9890594482422,224.47054292972726,219.93165022699972,222.96422035625233,34466100,APPLE,166.79025268554688,171.58021155127406,166.5118295600408,170.94155138430105,22498000,GOOGLE,388.6165466308594,393.93800963918454,387.2214116418782,393.6290879777552,16108400,MICROSOFT,201.1300048828125,206.00999450683594,199.92999267578125,205.83999633789062,32855300,AMAZON,970.6500244140625,996.7899780273438,966.3200073242188,993.8099975585938,3527400,NETFLIX,576.3499755859375,610.0150146484375,574.9600219726562,607.5800170898438,2825600,SPOTIFY
2025-03-27,223.30340576171875,224.4406214835582,220.0214308095873,220.84940592957574,37094800,APPLE,163.73666381835938,167.08963361496558,163.50714935773365,166.36116540619523,21571200,GOOGLE,389.2243957519531,390.87863801869304,386.05543991632794,388.7759758195498,13766800,MICROSOFT,201.36000061035156,203.7899932861328,199.27999877929688,200.88999938964844,27317700,AMAZON,976.719970703125,989.0,966.3699951171875,974.219970703125,3047200,NETFLIX,580.219970703125,588.72998046875,562.5700073242188,569.1500244140625,2206100,SPOTIFY
2025-03-28,217.36793518066406,223.26350805320467,217.1484711493609,221.12873402087155,39818600,APPLE,155.7334442138672,163.46722744812823,155.01395983965068,162.02026459805788,34866500,GOOGLE,377.48529052734375,387.77945533191945,375.6217855831935,386.7330813092454,21632000,MICROSOFT,192.72000122070312,199.25999450683594,191.8800048828125,198.4199981689453,52548200,AMAZON,933.8499755859375,974.97998046875,929.22998046875,972.0,4422700,NETFLIX,561.1599731445312,590.8300170898438,556.0,576.6699829101562,1921300,SPOTIFY
2025-03-31,221.58761596679688,225.06908447075043,215.7020132379398,216.48010744476517,65299300,APPLE,155.90309143066406,156.80121735692813,151.89151406467764,154.4860645445433,33591600,GOOGLE,374.087158203125,375.761320171641,365.96541986866765,371.2470435423123,35184700,MICROSOFT,190.25999450683594,191.3300018310547,184.39999389648438,188.19000244140625,63547600,AMAZON,932.530029296875,934.47998046875,900.5900268554688,920.530029296875,4634100,NETFLIX,550.030029296875,551.3900146484375,525.8060302734375,545.0,3179600,SPOTIFY
2025-04-01,222.64501953125,223.13381331282267,218.36548628233527,219.27326790744206,36412700,APPLE,158.5475616455078,159.74504769962883,154.93014665745514,154.97505067146278,20111400,GOOGLE,380.863525390625,381.52123836039385,371.93463161723514,373.34968615477356,19689500,MICROSOFT,192.1699981689453,193.92999267578125,187.1999969482422,187.86000061035156,41267300,AMAZON,928.3800048828125,932.2899780273438,911.5,927.5,3520000,NETFLIX,551.72998046875,552.8599853515625,540.0,547.2000122070312,1612700,SPOTIFY
2025-04-02,223.3433074951172,224.6401362151353,220.4803202973195,220.77959080525144,35905900,APPLE,158.527587890625,159.93962031962053,156.20246156153843,156.63156970946335,17113300,GOOGLE,380.813720703125,383.74348886180815,375.3128595122782,376.6581801475031,16092600,MICROSOFT,196.00999450683594,198.33999633789062,187.66000366210938,187.66000366210938,53679200,AMAZON,935.52001953125,949.5499877929688,916.1099853515625,923.0,3256900,NETFLIX,565.4099731445312,578.9400024414062,542.97998046875,545.1799926757812,1933100,SPOTIFY
2025-04-03,202.69386291503906,206.9833664271943,200.75859747782033,205.03811566571247,103419000,APPLE,152.31063842773438,154.36332590944218,151.8615678363665,152.51521130834698,28416100,GOOGLE,371.8150329589844,376.16989155085776,368.06810346654436,373.4892252977989,30198000,MICROSOFT,178.41000366210938,184.1300048828125,176.9199981689453,183.0,95553600,AMAZON,917.0499877929688,946.5900268554688,900.469970703125,901.7999877929688,5864600,NETFLIX,558.4199829101562,569.72998046875,540.6699829101562,544.6900024414062,2962600,SPOTIFY
2025-04-04,187.92002868652344,199.39194860307396,186.88255957870848,193.4165691841804,125910900,APPLE,147.4308624267578,152.7696585204793,147.23126874135036,149.58633109667096,39832200,GOOGLE,358.5910949707031,373.28990195338014,358.2323590249941,362.86621412703136,49209900,MICROSOFT,171.0,178.13999938964844,166.0,167.14999389648438,123159400,AMAZON,855.8599853515625,906.6300048828125,853.8699951171875,896.5,6798800,NETFLIX,503.29998779296875,539.4000244140625,495.19000244140625,535.0,4150300,SPOTIFY
2025-04-07,181.0169219970703,193.6759230716255,174.19361217758157,176.76731422169505,160466300,APPLE,148.92771911621094,154.60579993715052,142.3614860124179,143.08995421575065,47823000,GOOGLE,356.61798095703125,369.7123913004176,343.5933653790687,349.66222551139305,50425000,MICROSOFT,175.25999450683594,183.41000366210938,161.3800048828125,162.0,109327100,AMAZON,867.8300170898438,906.739990234375,821.0999755859375,827.8499755859375,6656800,NETFLIX,518.969970703125,555.0,475.010009765625,477.510009765625,3893900,SPOTIFY
2025-04-08,171.99899291992188,189.87523506652792,168.79683943762106,186.244123618335,120859500,APPLE,146.27328491210938,154.11683856421288,144.90615649348965,153.25364308480528,35304400,GOOGLE,353.3294372558594,372.35317854006513,349.0343982710952,366.98190125867967,35868900,MICROSOFT,170.66000366210938,185.89999389648438,168.57000732421875,185.22999572753906,87710400,AMAZON,870.4000244140625,922.4199829101562,857.7000122070312,912.4400024414062,5625400,NETFLIX,518.3499755859375,558.0,507.79998779296875,558.0,3305900,SPOTIFY
2025-04-09,198.3644561767578,200.1201531468693,171.47028013366514,171.53013119082922,184395900,APPLE,160.7229766845703,161.53127930904452,145.50488757744728,146.02380373183385,46479500,GOOGLE,389.1347351074219,391.8652461990382,351.8745186247924,352.3129939705509,50199700,MICROSOFT,191.10000610351562,192.64999389648438,169.92999267578125,172.1199951171875,116804300,AMAZON,945.469970703125,951.4299926757812,854.4000244140625,855.9299926757812,7498000,NETFLIX,569.0599975585938,577.3060302734375,511.70001220703125,513.989990234375,3519000,SPOTIFY
2025-04-10,189.95504760742188,194.30440235729913,182.55316692796467,188.6083530498886,121880000,APPLE,155.0448760986328,159.6951284840176,151.88151129987415,158.42778175519828,35270500,GOOGLE,380.0264587402344,382.56759631800514,366.5234683324548,380.7339860356081,38024400,MICROSOFT,181.22000122070312,186.8699951171875,175.85000610351562,185.44000244140625,68302000,AMAZON,921.1699829101562,941.239990234375,894.0,931.9400024414062,5129800,NETFLIX,553.02001953125,566.0,537.0,560.9000244140625,1990400,SPOTIFY
2025-04-11,197.66615295410156,199.05275825525484,185.60567786476867,185.64558871717136,87435900,APPLE,159.0664520263672,159.52549618373823,155.2594476417932,155.2594476417932,22582000,GOOGLE,387.101806640625,388.6962291414208,377.57498926356885,379.3189154840166,23839200,MICROSOFT,184.8699951171875,185.86000061035156,178.0,179.92999267578125,50594300,AMAZON,918.2899780273438,944.8599853515625,906.6799926757812,920.0,4073600,NETFLIX,543.6599731445312,567.0900268554688,542.0,552.4099731445312,2154400,SPOTIFY
2025-04-14,202.02549743652344,212.42005238891582,200.66881763194172,210.9237150406947,101352900,APPLE,161.1321258544922,163.686766627887,159.5853661782517,161.9703645032261,18255900,GOOGLE,386.4640197753906,393.28027643878613,382.8765082652718,391.8552468593249,19251200,MICROSOFT,182.1199951171875,187.44000244140625,179.22999572753906,186.83999633789062,48002500,AMAZON,931.280029296875,948.97998046875,919.5,932.7000122070312,4035900,NETFLIX,549.1699829101562,565.0,539.655029296875,562.0,2124800,SPOTIFY
2025-04-15,201.64642333984375,203.01307326666696,199.31214069618733,201.36710824854455,51343900,APPLE,158.34796142578125,161.71092019595181,157.3151386924203,161.2319288394032,15690800,GOOGLE,384.3912658691406,390.5298901348079,382.82670753665025,387.16161616456134,17199900,MICROSOFT,179.58999633789062,182.35000610351562,177.92999267578125,181.41000366210938,43642000,AMAZON,976.280029296875,993.4500122070312,948.0,950.0,7712000,NETFLIX,572.3900146484375,577.8099975585938,548.5449829101562,556.0,2285000,SPOTIFY
2025-04-16,193.79563903808594,200.2099310657198,191.9002692932641,197.8756484915953,59732400,APPLE,155.17462158203125,157.84900646503428,153.58795225695732,155.1446855741514,16921500,GOOGLE,370.32025146484375,380.2855448116978,366.72279516422714,379.34883521582236,21967800,MICROSOFT,174.3300018310547,179.10000610351562,171.41000366210938,176.2899932861328,51875300,AMAZON,961.6300048828125,981.2100219726562,949.1699829101562,976.280029296875,6066100,NETFLIX,563.0700073242188,573.6799926757812,553.0,564.47998046875,1895800,SPOTIFY
2025-04-17,196.4990234375,198.34451232255947,193.9452767059697,196.71848747425943,52164700,APPLE,153.03909301757812,156.74133649905758,150.5842338964966,156.2822923546128,19513400,GOOGLE,366.5035400390625,373.02085009277744,365.61664478749583,372.45282110026085,21120200,MICROSOFT,172.61000061035156,176.2100067138672,172.0,176.0,44726500,AMAZON,973.030029296875,984.7000122070312,956.0,969.0,8893700,NETFLIX,574.25,578.4500122070312,560.1610107421875,565.7899780273438,1733200,SPOTIFY
2025-04-21,192.68833923339844,193.32677585155812,189.3465132845993,192.79807124065385,46742500,APPLE,149.5464324951172,150.74391856133738,148.08948070952727,150.64911612185406,16147800,GOOGLE,357.87359619140625,363.21500903617533,354.43558836453434,361.5607667541322,20807300,MICROSOFT,167.32000732421875,169.60000610351562,165.2899932861328,169.60000610351562,48126100,AMAZON,987.9099731445312,1019.0,973.0499877929688,984.4000244140625,9775700,NETFLIX,558.8200073242188,593.8400268554688,555.60498046875,584.0,1854600,SPOTIFY
2025-04-22,199.25228881835938,201.097762433896,195.49148998245192,195.64111763020085,52976400,APPLE,153.5779571533203,154.28647817349793,150.55429866627406,150.75389234645476,15910300,GOOGLE,365.5469055175781,366.4935901583944,358.611039306251,362.1188421014038,19485000,MICROSOFT,173.17999267578125,176.77999877929688,169.35000610351562,169.85000610351562,56607200,AMAZON,1040.3399658203125,1064.969970703125,1004.52001953125,1005.2999877929688,9368900,NETFLIX,590.3900146484375,598.9000244140625,572.25,573.8499755859375,2593000,SPOTIFY
2025-04-23,204.10043334960938,207.4921254657249,202.30482537338813,205.49700887470834,52929200,APPLE,157.38998413085938,159.68517460141064,156.0228556241092,157.57958900662848,18575700,GOOGLE,373.09063720703125,379.069813295219,371.7253664544321,374.75482418771264,20545500,MICROSOFT,180.60000610351562,187.3800048828125,180.19000244140625,183.4499969482422,63470100,AMAZON,1049.5899658203125,1061.25,1032.0,1047.219970703125,6471900,NETFLIX,592.7000122070312,614.0999755859375,587.3599853515625,610.0,1921700,SPOTIFY
2025-04-24,207.8612060546875,208.32008954356945,202.44447210591895,204.38970763388747,47311000,APPLE,161.1321258544922,161.3716291370705,157.7591936190999,158.19328094694924,30787500,GOOGLE,385.9557800292969,387.10181303671203,373.8878249819962,374.3960646492269,22232300,MICROSOFT,186.5399932861328,186.74000549316406,180.17999267578125,180.9199981689453,43763200,AMAZON,1096.8699951171875,1101.0,1047.02001953125,1048.0,6381900,NETFLIX,605.9500122070312,611.8619995117188,593.8699951171875,593.8699951171875,1556600,SPOTIFY
2025-04-25,208.76898193359375,209.2378355121778,205.69650080604464,205.86608387594285,38222300,APPLE,163.5071563720703,167.8879698596393,162.65892887309212,166.75035587414118,35148100,GOOGLE,390.4900207519531,390.79894240871675,383.2651831703409,385.65684745985266,18973200,MICROSOFT,188.99000549316406,189.94000244140625,185.49000549316406,187.6199951171875,36414300,AMAZON,1101.530029296875,1106.800048828125,1091.0,1097.0400390625,3950000,NETFLIX,620.719970703125,624.0900268554688,599.27001953125,604.989990234375,2586400,SPOTIFY
2025-04-28,209.62689208984375,210.98357193193158,206.95344326011445,209.48723454234343,38743100,APPLE,162.08013916015625,164.60484399235878,160.04441449921725,163.91628536051073,20871200,GOOGLE,389.80242919921875,391.37693221129894,385.2981274275963,390.59964052478745,16579400,MICROSOFT,187.6999969482422,190.22000122070312,184.88999938964844,190.11000061035156,33224700,AMAZON,1110.3800048828125,1114.0,1082.6199951171875,1100.0,3831100,NETFLIX,597.72998046875,627.5,595.0,627.5,3939400,SPOTIFY
2025-04-29,210.69427490234375,211.72175863443914,207.86119803545407,208.18042396697467,36827600,APPLE,161.7209014892578,162.33959932204192,159.0564900529909,161.70593348449245,15955200,GOOGLE,392.67242431640625,393.7287429695286,389.02512333213684,389.9419132819562,14974000,MICROSOFT,187.38999938964844,188.02000427246094,183.67999267578125,183.99000549316406,41667300,AMAZON,1125.6400146484375,1127.81005859375,1095.47998046875,1103.9200439453125,3777300,NETFLIX,576.9400024414062,591.0,540.0999755859375,558.0,10270300,SPOTIFY
2025-04-30,211.9811248779297,213.0584895980106,206.16535854293033,208.78894157113288,52286500,APPLE,160.5533447265625,161.03632552341878,156.82615942714932,159.5255011706688,20639500,GOOGLE,393.88818359375,395.2833185411371,383.10572919383554,388.94537633492024,36461100,MICROSOFT,184.4199981689453,185.0500030517578,178.85000610351562,182.1699981689453,55176500,AMAZON,1131.719970703125,1133.199951171875,1101.1099853515625,1112.6500244140625,4266700,NETFLIX,613.97998046875,615.25,565.02001953125,571.7999877929688,4234000,SPOTIFY
2025-05-01,212.79913330078125,214.0360957896086,208.3899124386699,208.56948083895412,57365700,APPLE,162.44935607910156,163.59695884625,160.59324751027046,162.17993201602457,21904300,GOOGLE,423.9235534667969,435.47332427713997,423.4252888222868,429.6137271918364,58938100,MICROSOFT,190.1999969482422,191.80999755859375,187.5,190.6300048828125,74266000,AMAZON,1133.469970703125,1142.4200439453125,1111.8299560546875,1122.52001953125,3499500,NETFLIX,602.260009765625,610.8800048828125,594.0,606.0999755859375,2329200,SPOTIFY
2025-05-02,204.8485870361328,206.48458191182934,201.66637387157866,205.58677037884885,101010600,APPLE,165.46304321289062,166.3511802953172,163.31754813877285,164.60983654805946,16844900,GOOGLE,433.769287109375,437.91485278651635,428.49763841940904,430.2415647531947,30757400,MICROSOFT,189.97999572753906,192.8800048828125,186.39999389648438,191.44000244140625,77903500,AMAZON,1156.489990234375,1159.43994140625,1133.3199462890625,1136.6600341796875,3774300,NETFLIX,644.0,653.3200073242188,612.0,614.97998046875,4851700,SPOTIFY
2025-05-05,198.40435791015625,203.60164304236298,197.72602561272546,202.6040848015313,69018500,APPLE,165.70254516601562,166.75035109742606,164.12584947218224,164.1707534829321,15309300,GOOGLE,434.65618896484375,437.97461808249534,430.6102521137275,431.367624097433,20136100,MICROSOFT,186.35000610351562,188.17999267578125,185.52999877929688,186.50999450683594,35217500,AMAZON,1134.06005859375,1144.02001953125,1107.010009765625,1114.800048828125,5662300,NETFLIX,637.6500244140625,646.0,625.6099853515625,628.5800170898438,1720000,SPOTIFY
2025-05-06,198.0252685546875,200.16004244803628,196.53891661034845,197.72601327833053,51216500,APPLE,164.8543243408203,166.39111049603875,162.7886636287067,163.61692872306404,10691900,GOOGLE,431.8061218261719,436.2107948487266,429.6735648726689,430.6999888667604,15104200,MICROSOFT,185.00999450683594,187.92999267578125,183.85000610351562,184.57000732421875,29314100,AMAZON,1137.68994140625,1147.6600341796875,1126.4000244140625,1129.4300537109375,3256700,NETFLIX,632.8499755859375,639.97998046875,627.9199829101562,632.2000122070312,1421700,SPOTIFY
2025-05-07,195.7707977294922,198.95301083885846,192.77812311451905,198.6836658614824,68536700,APPLE,152.4802703857422,166.64058037151528,149.1771989680043,165.7225072906682,78729800,GOOGLE,431.8459777832031,436.5994115910065,429.6137314736212,432.3342674079582,23295300,MICROSOFT,188.7100067138672,190.99000549316406,185.00999450683594,185.55999755859375,43948600,AMAZON,1155.4100341796875,1164.0,1138.0,1139.1800537109375,4349700,NETFLIX,657.0999755859375,660.0,633.0900268554688,633.0900268554688,2593200,SPOTIFY
2025-05-08,197.00778198242188,199.56152863729463,194.20463054641704,197.2372161152265,50478900,APPLE,155.42410278320312,157.08063299058793,153.7775613966295,155.59374524152167,38387500,GOOGLE,436.6492614746094,442.1301726837614,434.147963172883,436.41007376009867,23491300,MICROSOFT,192.0800018310547,194.3300018310547,188.82000732421875,191.42999267578125,41043600,AMAZON,1144.4300537109375,1162.2900390625,1139.199951171875,1161.6199951171875,3760900,NETFLIX,655.260009765625,663.5499877929688,643.6300048828125,659.0,1633100,SPOTIFY
2025-05-09,198.0452423095703,200.0503289543839,197.05765414160055,198.51409591462888,36453900,APPLE,154.0569610595703,156.10265920444155,153.5081089022484,155.22451097958617,22871000,GOOGLE,437.2073059082031,439.21030909915044,434.3671913522403,438.4728871570268,15324200,MICROSOFT,193.05999755859375,194.69000244140625,191.16000366210938,193.3800048828125,29663100,AMAZON,1140.219970703125,1151.0,1133.219970703125,1147.0999755859375,2569600,NETFLIX,648.25,660.8070068359375,638.4299926757812,659.0,1211500,SPOTIFY
2025-05-12,210.55104064941406,211.03050749278242,206.5156271207593,210.7308445260501,63775800,APPLE,159.24609375,160.10429487952555,157.55962750025756,158.7671023741996,31884900,GOOGLE,447.7007751464844,447.8103787748487,438.2536661790282,444.39229048229146,22821900,MICROSOFT,208.63999938964844,211.66000366210938,205.75,210.7100067138672,75205000,AMAZON,1110.0,1130.0,1102.9300537109375,1124.260009765625,6479100,NETFLIX,620.8099975585938,632.2100219726562,602.0,627.9299926757812,3746500,SPOTIFY
2025-05-13,212.68861389160156,213.1580823159532,208.76307628033234,210.19144790738707,51909300,APPLE,160.5533447265625,161.72089473004775,157.25027318025747,159.58537318722793,24944300,GOOGLE,447.5812072753906,449.1058959658508,443.8142971336702,446.22591154405814,23618800,MICROSOFT,211.3699951171875,214.83999633789062,210.10000610351562,211.0800018310547,56193700,AMAZON,1138.43994140625,1147.8800048828125,1106.300048828125,1114.4599609375,3997900,NETFLIX,620.0700073242188,635.4580078125,615.1199951171875,626.5399780273438,2404200,SPOTIFY
2025-05-14,212.08929443359375,213.69746987061376,210.34127831689767,212.18917192393894,49325800,APPLE,166.46095275878906,167.98775006260223,160.59325160571225,160.97246133997137,31769200,GOOGLE,451.36798095703125,452.32464056421765,446.5846525094385,446.5846525094385,19902800,MICROSOFT,210.25,211.92999267578125,208.85000610351562,211.4499969482422,38492100,AMAZON,1150.989990234375,1152.9000244140625,1128.4000244140625,1129.5999755859375,3910100,NETFLIX,633.22998046875,640.219970703125,617.5,617.5,2293100,SPOTIFY
2025-05-15,211.21029663085938,212.71859464512332,209.30245815432872,210.71086343228015,45029500,APPLE,165.05389404296875,167.15947947237044,163.49716078272107,166.79025857078503,22717600,GOOGLE,452.3863220214844,455.44129747226026,449.6907411096269,450.0301794411029,21992300,MICROSOFT,205.1699981689453,206.8800048828125,202.6699981689453,206.4499969482422,64347300,AMAZON,1177.97998046875,1187.800048828125,1147.6500244140625,1147.739990234375,4464000,NETFLIX,640.1799926757812,647.469970703125,626.0,628.6199951171875,1462100,SPOTIFY
2025-05-16,211.0205078125,212.32903558469047,209.53220664773164,212.11926693678467,54737900,APPLE,167.0796356201172,170.29289879987024,166.6006443117216,168.57649678235524,36271400,GOOGLE,453.5244445800781,453.6142932166669,447.99355872232604,451.30808680840903,23849800,MICROSOFT,205.58999633789062,206.85000610351562,204.3699951171875,206.85000610351562,43318500,AMAZON,1191.530029296875,1196.5,1179.3900146484375,1193.1400146484375,4698400,NETFLIX,656.2999877929688,658.5230102539062,646.0,648.5,2231400,SPOTIFY
2025-05-19,208.54331970214844,209.24252311349682,204.02843943795537,207.67431083672193,46140500,APPLE,167.51873779296875,167.59857222526293,165.06887289763344,165.36824821202137,21374700,GOOGLE,458.11688232421875,458.83570185482216,450.0601197660991,450.14000552921704,21336500,MICROSOFT,206.16000366210938,206.6199951171875,201.25999450683594,201.64999389648438,34314800,AMAZON,1191.6400146484375,1191.6400146484375,1171.7099609375,1173.5799560546875,2853400,NETFLIX,664.6199951171875,669.0,646.0800170898438,649.0,1977300,SPOTIFY
2025-05-20,206.62550354003906,208.2336790492342,204.79757620413463,207.4345828831543,42496600,APPLE,164.9740753173828,169.32493740245837,163.91628057612473,167.4089568284216,33563300,GOOGLE,457.4180603027344,457.58776423526933,453.57437286704067,454.8422775622727,15441800,MICROSOFT,204.07000732421875,205.58999633789062,202.64999389648438,204.6300048828125,29470400,AMAZON,1192.02001953125,1193.0,1179.02001953125,1186.7900390625,2133100,NETFLIX,658.6099853515625,663.8900146484375,651.1199951171875,662.6599731445312,1390200,SPOTIFY
2025-05-21,201.86090087890625,206.80528635778637,200.4824756537251,204.93741112479617,59211800,APPLE,169.70416259765625,174.1648107504269,164.5449821761113,164.60485419531173,45567600,GOOGLE,451.8272399902344,457.02868069868646,451.06847756848606,453.8239575485261,19216900,MICROSOFT,201.1199951171875,203.4600067138672,200.05999755859375,201.61000061035156,42460900,AMAZON,1194.6300048828125,1211.219970703125,1186.5,1186.5,2976600,NETFLIX,643.0,663.3900146484375,638.0,656.1199951171875,2158600,SPOTIFY
2025-05-22,201.13172912597656,202.52015274475195,199.4736073247078,200.48247209416806,46742400,APPLE,171.62013244628906,177.75727288119202,171.52035082957954,172.98727611426764,45024100,GOOGLE,454.11346435546875,459.49463285512667,453.1550484484722,454.2033434579146,18025600,MICROSOFT,203.10000610351562,205.75999450683594,200.16000366210938,201.3800048828125,38938900,AMAZON,1187.969970703125,1198.75,1187.2099609375,1192.4000244140625,1861600,NETFLIX,636.75,651.010009765625,635.25,646.0999755859375,2505100,SPOTIFY
2025-05-23,195.04864501953125,197.4758830409797,193.24069928507132,193.45045269257122,78432900,APPLE,169.23513793945312,170.84676411617667,168.90582662036127,169.92369658602146,24963600,GOOGLE,449.441162109375,452.94541128469075,448.17325738802526,449.24150862772166,16883500,MICROSOFT,200.99000549316406,202.3699951171875,197.85000610351562,198.89999389648438,33393500,AMAZON,1185.3900146484375,1191.449951171875,1179.43994140625,1184.0,2186500,NETFLIX,653.8200073242188,658.5189819335938,628.9000244140625,634.1099853515625,1885100,SPOTIFY
2025-05-27,199.98304748535156,200.51244545494848,197.20618488735448,198.07520901450675,56288500,APPLE,173.61595153808594,173.92530044273832,170.8517585839039,170.94156660908797,24341300,GOOGLE,459.93389892578125,460.19348195260824,455.3713920868909,455.7308170830738,20974300,MICROSOFT,206.02000427246094,206.69000244140625,202.19000244140625,203.08999633789062,34892000,AMAZON,1211.5699462890625,1211.77001953125,1193.0899658203125,1195.3299560546875,2920500,NETFLIX,653.4000244140625,671.239990234375,652.6900024414062,655.97998046875,1706100,SPOTIFY
2025-05-28,200.1927947998047,202.50017366149785,199.67338002302156,200.36260025266836,45339700,APPLE,173.0172119140625,176.1107161118287,172.65297018501624,173.61594729418155,25999200,GOOGLE,456.609375,461.7609101640183,456.1800880198718,460.4630558858422,17086300,MICROSOFT,204.72000122070312,207.66000366210938,204.41000366210938,205.9199981689453,28549800,AMAZON,1208.550048828125,1215.9100341796875,1206.02001953125,1210.27001953125,1855900,NETFLIX,663.9600219726562,664.5399780273438,651.1290283203125,652.8800048828125,1299400,SPOTIFY
2025-05-29,199.72332763671875,203.57895243464628,198.28495762525483,203.3492174371598,51396800,APPLE,172.5980987548828,175.0329804174553,171.42055991285764,174.63382348309548,21174700,GOOGLE,457.9272155761719,460.9622349154345,454.56275123248776,460.79250051058557,13974800,MICROSOFT,205.6999969482422,208.80999755859375,204.22999572753906,208.02999877929688,34650000,AMAZON,1184.8599853515625,1209.0,1176.280029296875,1208.0,3300700,NETFLIX,636.6699829101562,665.0,634.260009765625,659.8499755859375,1939900,SPOTIFY
2025-05-30,200.622314453125,201.73105672211125,196.55692105301176,199.14398126681596,70819900,APPLE,172.48831176757812,173.0770735186819,168.17234979116824,172.04923004578563,36258300,GOOGLE,459.60443115234375,460.9222720478794,454.79236501090486,458.96549737927586,34770500,MICROSOFT,205.00999450683594,205.99000549316406,201.6999969482422,204.83999633789062,51679400,AMAZON,1207.22998046875,1211.81005859375,1180.9300537109375,1198.3299560546875,4696800,NETFLIX,665.1400146484375,669.260009765625,637.2000122070312,645.0,3167400,SPOTIFY
2025-06-02,201.47134399414062,201.9008644592711,199.89313329888972,200.05295557621693,35423300,APPLE,170.01348876953125,170.70404207052295,168.29708672339368,168.65633401739595,24742900,GOOGLE,461.2118225097656,461.35157690062545,456.1401731404802,456.3897628439735,16626500,MICROSOFT,206.64999389648438,207.0,202.67999267578125,204.97999572753906,29113300,AMAZON,1218.97998046875,1219.4000244140625,1196.25,1201.199951171875,2294200,NETFLIX,672.0,674.9990234375,656.8400268554688,660.0,1861400,SPOTIFY
2025-06-03,203.03956604003906,203.5389992121068,200.7321872237246,201.1217444882778,46381600,APPLE,167.35906982421875,169.4446927986556,166.33121111323524,168.51165174308437,25386700,GOOGLE,462.2101745605469,463.3782677615003,460.1036216507913,460.7126363614999,15743800,MICROSOFT,205.7100067138672,208.9499969482422,205.02999877929688,207.11000061035156,33139100,AMAZON,1217.93994140625,1229.5699462890625,1211.1800537109375,1219.8699951171875,2363800,NETFLIX,671.0700073242188,678.5700073242188,665.9000244140625,675.760009765625,1496700,SPOTIFY
2025-06-04,202.590087890625,206.00620910456834,201.8709028727957,202.67998220748078,43604000,APPLE,169.03555297851562,169.22515784223899,167.44388927750356,167.92787503026992,18508700,GOOGLE,463.1086730957031,464.9256933509807,462.2600620562611,463.2384646092932,14162700,MICROSOFT,207.22999572753906,208.17999267578125,205.17999267578125,206.5500030517578,29915600,AMAZON,1239.6600341796875,1242.56005859375,1219.8800048828125,1220.72998046875,2359400,NETFLIX,701.0800170898438,708.1900024414062,676.0250244140625,677.0,2524700,SPOTIFY
2025-06-05,200.40257263183594,204.5178973620389,199.92310578136215,203.26931435006063,55126100,APPLE,169.4546661376953,171.999333247985,168.9956372255751,171.26087623375113,25375400,GOOGLE,466.91241455078125,468.8791825139859,463.26841119380083,464.1968775224098,20131700,MICROSOFT,207.91000366210938,212.80999755859375,207.55999755859375,209.5500030517578,51864200,AMAZON,1250.52001953125,1262.81005859375,1237.2900390625,1240.5999755859375,2817200,NETFLIX,712.8200073242188,717.8699951171875,700.9199829101562,704.1799926757812,2005700,SPOTIFY
2025-06-06,203.68882751464844,205.4668084267123,201.82095228760733,202.76987228695742,46607700,APPLE,174.55398559570312,175.4620851142868,171.93947270561807,171.93947270561807,22258100,GOOGLE,469.6080017089844,472.56313512848675,468.0106215882427,469.31846913564885,15285600,MICROSOFT,213.57000732421875,213.8699951171875,210.5,212.39999389648438,39832500,AMAZON,1241.469970703125,1260.0,1235.550048828125,1259.4100341796875,2557000,NETFLIX,712.260009765625,716.6400146484375,707.47998046875,714.25,937200,SPOTIFY
2025-06-09,201.2216339111328,205.76647909477697,199.79326227022588,204.15830357568726,72862600,APPLE,177.47137451171875,177.75610840952234,175.5031325772629,175.71293650196031,18817600,GOOGLE,471.97412109375,472.6529977632414,467.8508943889836,468.92913895110996,16469900,MICROSOFT,216.97999572753906,217.85000610351562,212.8800048828125,214.75,38102500,AMAZON,1224.4599609375,1238.8800048828125,1221.5699462890625,1238.8800048828125,2403100,NETFLIX,699.1099853515625,710.85498046875,689.5900268554688,708.6900024414062,1145500,SPOTIFY
2025-06-10,202.44024658203125,204.11835001917973,200.34263633745982,200.3726011094186,54672600,APPLE,179.8492431640625,182.2820814822952,176.3174115528641,177.6012524442818,32908000,GOOGLE,470.1471252441406,472.02401413852874,466.19360257943936,470.4166711436691,15375900,MICROSOFT,217.61000061035156,217.69000244140625,214.14999389648438,216.77999877929688,31303300,AMAZON,1203.6199951171875,1227.52001953125,1180.6099853515625,1227.52001953125,4454400,NETFLIX,693.3200073242188,706.0250244140625,672.3599853515625,704.22998046875,1695200,SPOTIFY
2025-06-11,198.55465698242188,204.26817387189894,198.18508130061548,203.26930749599725,60989900,APPLE,178.63034057617188,181.587704115862,177.84105272420047,181.06816418757248,18994400,GOOGLE,471.8443298339844,474.68965849935887,468.88919632531986,469.24859086789724,16399200,MICROSOFT,213.1999969482422,218.39999389648438,212.88999938964844,217.41000366210938,39326000,AMAZON,1219.8800048828125,1228.2900390625,1196.010009765625,1202.5999755859375,2382300,NETFLIX,709.1400146484375,714.7100219726562,692.0,695.0,1238600,SPOTIFY
2025-06-12,198.97418212890625,199.45363372918547,197.13627162659284,198.85432303920933,43904600,APPLE,176.8119659423828,177.97093371422645,175.95273331776258,177.32150502104858,17345900,GOOGLE,478.0840759277344,479.6315503555016,472.7428502291372,474.2403884361742,18950600,MICROSOFT,213.24000549316406,213.5800018310547,211.3300018310547,211.77999877929688,27640000,AMAZON,1215.030029296875,1230.0,1211.9599609375,1222.5899658203125,2084600,NETFLIX,702.8200073242188,710.0,696.0,707.010009765625,1021400,SPOTIFY
2025-06-13,196.227294921875,200.1428492549886,195.47814514596445,199.50357538920457,51447300,APPLE,175.7229461669922,178.18374417661255,173.41501140826213,173.4249969901244,20873200,GOOGLE,474.18048095703125,478.3935562569989,471.98410990605987,475.62811338522215,16814500,MICROSOFT,212.10000610351562,214.0500030517578,209.6199951171875,209.9600067138672,29337800,AMAZON,1212.1500244140625,1220.6199951171875,1201.8900146484375,1206.5899658203125,2210300,NETFLIX,710.8499755859375,710.8900146484375,691.2100219726562,694.760009765625,1125800,SPOTIFY
2025-06-16,198.195068359375,198.46476655376847,196.33717625414866,197.07634287373045,43020700,APPLE,177.78109741210938,178.08581772153445,175.66299550545116,175.74791106095938,18132500,GOOGLE,478.3536376953125,479.90108160832807,474.2204177457221,474.4300645574067,15626100,MICROSOFT,216.10000610351562,217.05999755859375,211.60000610351562,212.30999755859375,33284200,AMAZON,1225.3499755859375,1226.25,1212.199951171875,1212.199951171875,2112800,NETFLIX,715.5700073242188,723.7000122070312,709.1500244140625,709.1500244140625,1340000,SPOTIFY
2025-06-17,195.418212890625,198.16509536417735,194.98870767431248,196.97644196425614,38856200,APPLE,177.0717315673828,178.5554060908411,175.78289022905207,176.84194122313968,17656100,GOOGLE,477.25543212890625,477.9542649832925,473.30190948641297,474.6197503672441,15414100,MICROSOFT,214.82000732421875,217.41000366210938,214.55999755859375,215.1999969482422,32086300,AMAZON,1220.6700439453125,1232.3599853515625,1216.0899658203125,1219.949951171875,1892100,NETFLIX,721.280029296875,728.7999877929688,710.7050170898438,717.5499877929688,1099400,SPOTIFY
2025-06-18,196.35714721679688,197.3460303816964,194.84886452825484,195.71787336797544,45394700,APPLE,173.8246307373047,177.66520741745524,172.68564937270733,177.12168687013792,32531800,GOOGLE,479.4518127441406,480.2105751696819,473.68130019053103,477.21549881727225,17526500,MICROSOFT,212.52000427246094,217.9600067138672,212.33999633789062,215.08999633789062,44360500,AMAZON,1222.2900390625,1242.0,1220.5,1229.989990234375,2281000,NETFLIX,710.1900024414062,723.989990234375,703.47998046875,719.469970703125,1602400,SPOTIFY
2025-06-20,200.7721405029297,201.47134391409438,196.6368343380514,198.01527480684123,96813500,APPLE,167.58021545410156,175.2084072749372,166.1215277486504,174.70885376714864,55402600,GOOGLE,476.6164855957031,482.666537493529,476.0873566497709,481.4385756672578,37576200,MICROSOFT,209.69000244140625,214.88999938964844,208.27000427246094,214.67999267578125,75350700,AMAZON,1231.4100341796875,1248.5,1224.3499755859375,1234.449951171875,5348200,NETFLIX,707.4199829101562,723.7100219726562,706.9099731445312,714.5,1528500,SPOTIFY
2025-06-23,201.27157592773438,202.07067208145295,198.73446202428119,201.40143343464243,55814300,APPLE,165.86175537109375,168.32955099660168,163.18415580302408,167.17059840849774,36975600,GOOGLE,485.2023620605469,486.94948990747275,471.7345120072702,477.425138713905,24864000,MICROSOFT,208.47000122070312,210.38999938964844,207.30999755859375,209.7899932861328,37311700,AMAZON,1253.5400390625,1254.8399658203125,1215.010009765625,1238.030029296875,2667300,NETFLIX,731.1500244140625,732.8599853515625,702.0,707.1799926757812,1855500,SPOTIFY
2025-06-24,200.07293701171875,203.2093768046809,199.9730442780961,202.36033429336192,54064000,APPLE,167.5902099609375,169.09885600930554,166.7609493398623,167.5352511496685,27310300,GOOGLE,489.30560302734375,491.0427680081874,486.0010379300524,488.1475336634371,22305600,MICROSOFT,212.77000427246094,214.33999633789062,211.0500030517578,212.13999938964844,38378800,AMAZON,1279.1099853515625,1282.5699462890625,1255.0,1260.550048828125,2663300,NETFLIX,749.9099731445312,754.2119750976562,729.7949829101562,733.9000244140625,1591100,SPOTIFY
2025-06-25,201.33151245117188,203.43912119943792,200.39257558111612,201.2216365357081,39525700,APPLE,171.3368682861328,173.2051935344053,168.41048297188135,168.49939276403427,23627400,GOOGLE,491.4620666503906,493.7483167920849,488.58681895090325,491.2324636297239,17495100,MICROSOFT,211.99000549316406,216.02999877929688,211.11000061035156,214.6199951171875,31755700,AMAZON,1275.25,1298.0,1273.81005859375,1286.8399658203125,2146500,NETFLIX,736.2999877929688,759.1699829101562,735.6069946289062,752.7000122070312,1159600,SPOTIFY
2025-06-26,200.7721405029297,202.41028074115465,199.23389299836737,201.20164572639828,50799100,APPLE,174.27423095703125,174.4940357220232,170.70742680723183,173.23016594590123,25909100,GOOGLE,496.6335754394531,497.2226034494893,492.0011761864687,492.1709105807123,21578900,MICROSOFT,217.1199951171875,218.0399932861328,212.00999450683594,213.1199951171875,50480800,AMAZON,1306.6700439453125,1307.3399658203125,1280.0,1280.0,2605900,NETFLIX,775.9000244140625,777.385009765625,742.625,744.5800170898438,2555300,SPOTIFY
2025-06-27,200.85205078125,202.98962419564972,199.77327327657756,201.66113009938155,73188600,APPLE,178.11080932617188,178.68029238922279,172.55577684017305,174.47406045255778,74053100,GOOGLE,495.1260681152344,498.4805390751374,492.22084033701867,496.73341116664807,34539200,MICROSOFT,223.3000030517578,223.3000030517578,216.74000549316406,219.9199981689453,119217100,AMAZON,1323.1199951171875,1331.3499755859375,1301.0,1306.8800048828125,4070900,NETFLIX,772.5999755859375,785.0,767.0170288085938,780.2999877929688,2793900,SPOTIFY
2025-06-30,204.93740844726562,207.15489297707504,199.0341046248948,201.78098710410558,91912800,APPLE,177.23159790039062,181.41785885338717,175.34328619730314,180.6235705829387,43964600,GOOGLE,496.5936584472656,499.9381665482639,494.51705506439515,496.22427056302723,28369000,MICROSOFT,219.38999938964844,223.82000732421875,219.1199951171875,223.52000427246094,58887800,AMAZON,1339.1300048828125,1341.1500244140625,1321.2099609375,1331.0,3282900,NETFLIX,767.3400268554688,778.3300170898438,750.280029296875,776.989990234375,1933300,SPOTIFY
2025-07-01,207.58441162109375,209.95171998702364,205.90630823197938,206.4357061767528,78788900,APPLE,176.7520294189453,177.06175016091657,174.50403858767385,176.64711220363492,25778500,GOOGLE,491.242431640625,497.2325843953567,490.1742108879921,495.655190908974,19945400,MICROSOFT,220.4600067138672,221.8800048828125,217.92999267578125,219.5,39256800,AMAZON,1293.5999755859375,1338.77001953125,1282.219970703125,1338.22998046875,4993600,NETFLIX,722.3499755859375,769.7100219726562,718.030029296875,766.9299926757812,2725700,SPOTIFY
2025-07-02,212.1991729736328,213.09814660534315,207.9040445567577,208.6731759252599,67941800,APPLE,179.59947204589844,179.77431882306013,175.93275111969743,176.38734664225254,19325900,GOOGLE,490.2840270996094,492.69007550131784,487.8979653734086,489.1858263089447,16319600,MICROSOFT,219.9199981689453,221.60000610351562,219.05999755859375,219.72999572753906,30894200,AMAZON,1284.8599853515625,1299.949951171875,1271.5899658203125,1296.9599609375,3048800,NETFLIX,709.5,734.0,703.97998046875,725.0,2788500,SPOTIFY
2025-07-03,213.30792236328125,214.40666625629999,211.56988934364432,211.90950026104147,34955800,APPLE,180.38877868652344,180.60858345440707,178.03088546799643,179.65943481772604,13287400,GOOGLE,498.02130126953125,499.3091926553608,492.6301698307581,492.99955771280014,13984800,MICROSOFT,223.41000366210938,224.00999450683594,221.36000061035156,221.82000732421875,29632400,AMAZON,1297.1800537109375,1302.260009765625,1279.760009765625,1292.0,2006200,NETFLIX,725.0499877929688,725.5499877929688,704.5499877929688,713.0,1078900,SPOTIFY
2025-07-07,209.7119903564453,215.9848699115094,208.56330013289198,212.43889126622693,50229000,APPLE,177.4014434814453,180.1789598314395,176.48226683459202,179.9741410589373,20991400,GOOGLE,496.90313720703125,497.9314455400232,494.41723357438383,496.56369887519327,13981600,MICROSOFT,223.47000122070312,224.2899932861328,222.3699951171875,223.0,36604100,AMAZON,1289.6199951171875,1295.0,1276.02001953125,1295.0,2273700,NETFLIX,736.2899780273438,737.6900024414062,712.0,721.719970703125,1556400,SPOTIFY
2025-07-08,209.7719268798828,211.1903153368944,208.213697736729,209.86183643928914,42848900,APPLE,175.0035858154297,178.63033385947716,173.76468764691197,178.62034827773374,24108600,GOOGLE,495.804931640625,497.3823555722493,493.2990413573122,496.42390920841734,11846600,MICROSOFT,219.36000061035156,224.0,218.42999267578125,223.9199981689453,45692000,AMAZON,1275.31005859375,1293.25,1260.0,1290.9000244140625,3292500,NETFLIX,721.3900146484375,743.989990234375,709.989990234375,738.4500122070312,1774500,SPOTIFY
2025-07-09,210.90065002441406,211.09043707809712,206.98509558510867,209.2924745188519,48749400,APPLE,177.50135803222656,180.11901356387378,173.72473469070374,175.95273909172283,31288000,GOOGLE,502.68365478515625,505.94827712953634,498.919822567675,499.47890106455674,18659500,MICROSOFT,222.5399932861328,224.2899932861328,220.47000122070312,221.07000732421875,38155100,AMAZON,1288.280029296875,1288.2900390625,1266.239990234375,1273.989990234375,2384500,NETFLIX,722.1199951171875,731.97998046875,713.5,722.4400024414062,1362400,SPOTIFY
2025-07-10,212.16920471191406,213.23798377907798,209.7918979255535,210.27134950514616,44443600,APPLE,178.54042053222656,179.4296251657738,175.5830723051054,176.512234511381,24693700,GOOGLE,500.656982421875,503.6121159415126,496.93309312638246,502.22438258392543,16492100,MICROSOFT,222.25999450683594,222.7899932861328,219.6999969482422,221.5500030517578,30370600,AMAZON,1250.5899658203125,1289.5999755859375,1246.010009765625,1285.5,4230800,NETFLIX,709.9500122070312,726.823974609375,699.0,720.5700073242188,1337800,SPOTIFY
2025-07-11,210.92062377929688,211.88952536572023,209.6220944658076,210.33129628612954,39765800,APPLE,181.14808654785156,182.44692868840252,177.38245509455163,177.75112886809936,23975700,GOOGLE,502.49395751953125,504.20114253320645,496.9829974553982,497.6519112557523,16459500,MICROSOFT,225.02000427246094,226.67999267578125,222.3699951171875,223.5800018310547,50518300,AMAZON,1245.1099853515625,1261.0,1231.300048828125,1259.7900390625,3957200,NETFLIX,709.1500244140625,714.0999755859375,699.8250122070312,709.0,1267500,SPOTIFY
2025-07-14,208.3834991455078,210.67091168904602,207.3047216270235,209.69201166358403,38840100,APPLE,182.64674377441406,184.5650273381907,180.5496192082718,181.9074143693571,20990400,GOOGLE,502.1944274902344,503.14288052756655,500.20770324807717,500.6968893054946,12058800,MICROSOFT,225.69000244140625,226.66000366210938,224.24000549316406,225.07000732421875,35702600,AMAZON,1261.949951171875,1270.489990234375,1240.0,1244.9100341796875,2781000,NETFLIX,717.489990234375,723.8699951171875,707.1500244140625,711.8900146484375,1256700,SPOTIFY
2025-07-15,208.87295532226562,211.64980271899068,208.6831682659836,208.9828312368767,42296300,APPLE,182.93649291992188,185.24442758915293,182.22712026096616,183.77573911870363,23911600,GOOGLE,504.9898376464844,507.465747883617,501.9648118083004,502.19441482497484,14927200,MICROSOFT,226.35000610351562,227.27000427246094,225.4600067138672,226.1999969482422,34907300,AMAZON,1260.27001953125,1271.219970703125,1243.239990234375,1262.0,2801700,NETFLIX,710.4600219726562,718.239990234375,696.6599731445312,717.489990234375,1809700,SPOTIFY
2025-07-16,209.92176818847656,212.1592191902425,208.40348697906978,210.06160887608695,47490500,APPLE,183.60589599609375,185.16950087616138,182.91650973311008,184.1554078901505,21152600,GOOGLE,504.7901611328125,505.88836188358,501.06630238508603,504.35088083250554,15154400,MICROSOFT,223.19000244140625,226.10000610351562,222.17999267578125,225.8800048828125,39535900,AMAZON,1250.31005859375,1271.0,1249.8199462890625,1261.7099609375,3227000,NETFLIX,705.5499877929688,712.8499755859375,698.635009765625,705.489990234375,1335900,SPOTIFY
2025-07-17,209.78192138671875,211.5599023237274,209.35240091776063,210.33130094399476,48068100,APPLE,184.53506469726562,185.02162933119868,181.33792526233427,182.95148859796868,21654400,GOOGLE,510.8601989746094,512.5274410723513,504.7901605415637,504.85005963085433,17503100,MICROSOFT,223.8800048828125,224.5,222.50999450683594,223.32000732421875,31855800,AMAZON,1274.1700439453125,1277.5,1244.800048828125,1253.0,6469900,NETFLIX,720.9099731445312,724.7750244140625,693.47998046875,703.0800170898438,1658800,SPOTIFY
2025-07-18,210.9405975341797,211.54990664350106,209.46227954032304,210.63095139102305,48974600,APPLE,185.77395629882812,187.19268639627012,184.56503013215195,186.45334173485833,21033400,GOOGLE,509.212890625,513.7953843002441,506.59719545986655,513.6356127696338,21209700,MICROSOFT,226.1300048828125,226.39999389648438,222.97999572753906,225.13999938964844,37833800,AMAZON,1209.239990234375,1246.5,1201.010009765625,1241.9599609375,10693300,NETFLIX,695.47998046875,719.0,685.469970703125,713.1500244140625,2149900,SPOTIFY
2025-07-21,212.23912048339844,215.53538252867688,211.39009321998003,211.8595616297783,51377400,APPLE,190.9792938232422,191.08919620124823,186.88296433744753,186.9329227356617,24665000,GOOGLE,509.2228698730469,511.24956741731427,504.7202620876888,505.8783619126309,14066800,MICROSOFT,229.3000030517578,229.69000244140625,225.64999389648438,225.83999633789062,40297600,AMAZON,1233.27001953125,1237.0999755859375,1198.0,1206.0,5627600,NETFLIX,706.8800048828125,707.510009765625,689.1329956054688,692.75,1296400,SPOTIFY
2025-07-22,214.15695190429688,214.7063314773177,211.9894136266437,212.89838571641525,46404100,APPLE,191.93844604492188,193.18732979274287,188.32666875796485,192.2481667751554,26212900,GOOGLE,504.44073486328125,510.3610256433726,504.44073486328125,510.13139215337156,13868600,MICROSOFT,227.47000122070312,230.0,226.35000610351562,229.67999267578125,37483700,AMAZON,1190.0799560546875,1232.3699951171875,1187.5,1230.3800048828125,5063000,NETFLIX,675.739990234375,713.1699829101562,674.989990234375,709.489990234375,2041700,SPOTIFY
2025-07-23,213.9072265625,214.90609293027538,212.1692088371252,214.75626907170553,46989300,APPLE,191.33897399902344,193.18732802696937,190.010159874068,192.1882210378446,34068100,GOOGLE,505.0397644042969,505.95826791167354,499.87826643817476,505.9183250285286,16396600,MICROSOFT,228.2899932861328,228.7899932861328,227.08999633789062,228.47000122070312,28294900,AMAZON,1176.780029296875,1192.6199951171875,1173.5999755859375,1189.81005859375,4504300,NETFLIX,674.4600219726562,680.0,665.25,680.0,2190300,SPOTIFY
2025-07-24,213.51766967773438,215.44548969662856,213.28793468034502,213.65751035981805,46022600,APPLE,193.0274658203125,198.79231737351353,191.77858209315576,197.9330847594232,45252100,GOOGLE,510.0415344238281,512.826933461713,506.4673929575042,507.93498157135946,16107000,MICROSOFT,232.22999572753906,236.0,228.63999938964844,229.1699981689453,42902300,AMAZON,1180.760009765625,1183.5,1162.6600341796875,1177.800048828125,3845600,NETFLIX,681.4199829101562,699.5,678.1900024414062,694.1500244140625,1906000,SPOTIFY
2025-07-25,213.63754272460938,214.9960015887686,213.15807589620647,214.45660521718813,40268800,APPLE,193.9066925048828,195.10061746773786,191.95843686256575,192.75771028339912,31101800,GOOGLE,512.866943359375,517.4393829887753,509.52240467312413,511.6289272082179,19125700,MICROSOFT,231.44000244140625,232.47999572753906,231.17999267578125,232.22000122070312,28712100,AMAZON,1180.489990234375,1187.3199462890625,1174.3800048828125,1178.4200439453125,2629300,NETFLIX,693.0999755859375,702.2999877929688,678.72998046875,681.530029296875,1757100,SPOTIFY
2025-07-28,213.80735778808594,214.60645396318566,212.81847455673218,213.78737619229818,37858000,APPLE,193.2472686767578,194.6460275845246,191.68366382649796,194.23639006720387,25553500,GOOGLE,511.65887451171875,514.1547714605564,509.2827757416266,513.2362984451797,14308000,MICROSOFT,232.7899932861328,234.2899932861328,232.25,233.35000610351562,26300100,AMAZON,1174.5999755859375,1197.7900390625,1168.530029296875,1181.199951171875,3447000,NETFLIX,700.97998046875,710.0,686.0679931640625,686.219970703125,2030400,SPOTIFY
2025-07-29,211.03050231933594,214.5664825639156,210.58101550100253,213.93719187335407,51411700,APPLE,196.25457763671875,196.4843832196581,192.817662416167,193.1273831421187,31891600,GOOGLE,511.728759765625,516.7704593446111,510.7204076628311,514.6839236482208,16469200,MICROSOFT,231.00999450683594,234.72000122070312,230.30999755859375,234.14999389648438,33716200,AMAZON,1168.739990234375,1179.5999755859375,1163.2900390625,1179.0,2752500,NETFLIX,620.010009765625,663.989990234375,615.6300048828125,657.530029296875,11468100,SPOTIFY
2025-07-30,208.81301879882812,212.14922883427738,207.48452469073794,211.65977882345743,45512500,APPLE,197.26368713378906,198.30275169861974,195.3853611085289,196.12470577159496,21150500,GOOGLE,512.3976440429688,515.1032182392812,508.6038929137552,514.3244691518986,26380400,MICROSOFT,230.19000244140625,231.8000030517578,229.2899932861328,231.63999938964844,32993300,AMAZON,1184.199951171875,1184.8499755859375,1166.0999755859375,1168.550048828125,2922700,NETFLIX,650.469970703125,657.780029296875,619.0,623.0,5872200,SPOTIFY
2025-07-31,207.33470153808594,209.60211724381097,206.92516266487007,208.25365677749065,80698400,APPLE,192.68777465820312,196.65423062723093,191.90847242579005,196.4244402882278,27852000,GOOGLE,532.6243896484375,554.5383762548963,531.0270400328567,554.3187056451394,51617300,MICROSOFT,234.11000061035156,236.52999877929688,231.39999389648438,235.77000427246094,104357300,AMAZON,1159.4000244140625,1190.0,1157.739990234375,1184.800048828125,3712900,NETFLIX,626.5399780273438,662.0,624.4949951171875,654.8099975585938,3678700,SPOTIFY
2025-08-01,202.1505889892578,213.33788973606855,201.27158167093614,210.63095505795985,104434500,APPLE,189.78036499023438,191.44687467641603,188.5314812837375,189.6105186355703,21236700,GOOGLE,523.2498168945312,534.9206337229102,520.0051507892547,534.1219588686084,28977600,MICROSOFT,214.75,220.44000244140625,212.8000030517578,217.2100067138672,122258800,AMAZON,1158.5999755859375,1178.510009765625,1152.8499755859375,1163.010009765625,3891000,NETFLIX,627.1500244140625,641.25,618.9240112304688,622.0,2531500,SPOTIFY
2025-08-04,203.11949157714844,207.64435521756303,201.4513712516652,204.27816503495924,75109300,APPLE,195.5751953125,195.9049024520249,190.74950667153828,191.00428383507187,23386000,GOOGLE,534.7609252929688,537.3666271513684,527.2632409127965,527.4030257699867,25349000,MICROSOFT,211.64999389648438,217.44000244140625,211.4199981689453,217.39999389648438,77890100,AMAZON,1170.989990234375,1177.0,1162.6199951171875,1167.6500244140625,2244700,NETFLIX,658.5900268554688,677.0,658.5800170898438,661.0,3764900,SPOTIFY
2025-08-05,202.68995666503906,205.1072113881769,201.93082373064988,203.1694082424696,44155100,APPLE,195.1455841064453,198.5225553573162,194.5011558308944,195.37037403152394,19010200,GOOGLE,526.8838500976562,536.4181643311854,526.374677366439,536.2983661514853,19171600,MICROSOFT,213.75,216.3000030517578,212.8699951171875,213.0500030517578,51505100,AMAZON,1147.8699951171875,1171.7099609375,1144.7099609375,1171.0,2660700,NETFLIX,647.0,659.64501953125,637.4299926757812,655.0,2135900,SPOTIFY
2025-08-06,213.0082550048828,215.1358452662651,205.35693489516686,205.39689808550258,108483100,APPLE,196.74415588378906,197.20375182865104,194.2933433951165,195.0756489615275,15383700,GOOGLE,524.0784912109375,530.8274067099719,523.1700114791388,530.0287318260303,21355700,MICROSOFT,222.30999755859375,222.64999389648438,213.74000549316406,214.6999969482422,54823000,AMAZON,1178.47998046875,1181.3800048828125,1151.8699951171875,1153.52001953125,3362200,NETFLIX,666.8099975585938,667.2369995117188,645.969970703125,651.780029296875,2208200,SPOTIFY
2025-08-07,219.7805633544922,220.59964108330854,216.33447747046458,218.63187314031333,90224800,APPLE,197.10382080078125,198.19284373359994,195.04566289247066,197.53344472313984,14660600,GOOGLE,519.9852294921875,527.2233308658066,516.7005900083886,525.9354090023164,16079100,MICROSOFT,223.1300048828125,226.22000122070312,220.82000732421875,221.0,40603500,AMAZON,1180.3699951171875,1191.219970703125,1168.199951171875,1181.760009765625,2628300,NETFLIX,686.739990234375,690.4099731445312,668.0,668.0,2444900,SPOTIFY
2025-08-08,229.0900115966797,230.73813503605493,219.00145500716468,220.57966572513484,113854000,APPLE,201.90953063964844,203.24833036524188,197.72326985656238,197.80320024624658,24379900,GOOGLE,521.1832275390625,523.7989228282858,518.5575389118288,521.7423060527517,15531000,MICROSOFT,222.69000244140625,223.8000030517578,221.8800048828125,223.13999938964844,32970500,AMAZON,1211.6400146484375,1214.1099853515625,1180.3699951171875,1183.18994140625,3816700,NETFLIX,705.8900146484375,717.27001953125,690.5,692.9199829101562,2362000,SPOTIFY
2025-08-11,227.17999267578125,229.55999755859375,224.75999450683594,227.9199981689453,61806100,APPLE,201.449951171875,201.97947666721265,199.6215835153614,201.37500595004394,16690200,GOOGLE,520.9136962890625,526.7241518809952,518.8670119786243,521.4427947726738,20194400,MICROSOFT,221.3000030517578,223.0500030517578,220.39999389648438,221.77999877929688,31646200,AMAZON,1218.31005859375,1223.0699462890625,1201.9300537109375,1214.010009765625,2455600,NETFLIX,689.22998046875,705.0,689.219970703125,705.0,1314300,SPOTIFY
2025-08-12,229.64999389648438,230.8000030517578,227.07000732421875,228.00999450683594,55626200,APPLE,203.97769165039062,204.9468266736469,201.2201465346662,201.91453322711988,19854000,GOOGLE,528.3713989257812,530.1085334795151,521.8421543429575,522.8904188907295,18667000,MICROSOFT,221.47000122070312,223.5,219.0500030517578,222.22999572753906,37185800,AMAZON,1225.280029296875,1231.989990234375,1206.510009765625,1225.0,2278800,NETFLIX,689.3499755859375,695.3499755859375,673.77001953125,694.1500244140625,1141500,SPOTIFY
2025-08-13,233.3300018310547,235.0,230.42999267578125,231.07000732421875,69878500,APPLE,202.84869384765625,205.24654455972473,198.46261470892654,204.79694945685728,19573000,GOOGLE,519.7256469726562,531.825750889051,518.5176108745642,531.236692379076,19619200,MICROSOFT,224.55999755859375,224.9199981689453,222.0,222.0,36508300,AMAZON,1204.43994140625,1237.1199951171875,1203.0,1234.0,2762400,NETFLIX,695.0,695.6300048828125,682.0900268554688,689.719970703125,1359900,SPOTIFY
2025-08-14,232.77999877929688,235.1199951171875,230.85000610351562,234.05999755859375,51916300,APPLE,203.63800048828125,205.2365625759638,202.14432512407217,202.37911588398708,17777100,GOOGLE,521.6224975585938,525.0868343553949,519.2863720398742,521.7023833261101,20269100,MICROSOFT,230.97999572753906,233.11000061035156,227.02000427246094,227.39999389648438,61545800,AMAZON,1230.56005859375,1244.0899658203125,1207.030029296875,1209.8900146484375,3904700,NETFLIX,698.5,707.1699829101562,687.010009765625,693.7100219726562,1423800,SPOTIFY
2025-08-15,231.58999633789062,234.27999877929688,229.33999633789062,234.0,56038700,APPLE,204.72702026367188,207.14485738883576,201.9045460206804,204.53718749330082,21111400,GOOGLE,519.3162841796875,525.2365445998882,518.2281072023833,521.9120536418995,25213300,MICROSOFT,231.02999877929688,234.0800018310547,229.80999755859375,232.5800018310547,39649200,AMAZON,1238.949951171875,1246.93994140625,1227.8800048828125,1234.0400390625,2767800,NETFLIX,732.8099975585938,748.2999877929688,721.0,725.0,3006000,SPOTIFY
2025-08-18,230.88999938964844,233.1199951171875,230.11000061035156,231.6999969482422,37476200,APPLE,204.10755920410156,205.95591322393057,203.22835542424343,204.88687667774633,13000200,GOOGLE,516.2512817382812,521.9619254356152,513.176380682391,520.7339636806648,23760600,MICROSOFT,231.49000549316406,231.91000366210938,228.3300018310547,230.22999572753906,25248900,AMAZON,1245.0899658203125,1251.1600341796875,1235.449951171875,1235.6300048828125,2111100,NETFLIX,728.0700073242188,743.7750244140625,723.0,734.0,1477200,SPOTIFY
2025-08-19,230.55999755859375,232.8699951171875,229.35000610351562,231.27999877929688,39402600,APPLE,202.30918884277344,204.10756930819693,200.75056906348905,203.72291858829,13476600,GOOGLE,508.933349609375,514.314487646487,507.7153506663982,514.1547770514178,21481000,MICROSOFT,228.00999450683594,230.52999877929688,227.1199951171875,230.08999633789062,29891000,AMAZON,1214.1500244140625,1241.0,1192.7900390625,1240.199951171875,3707700,NETFLIX,719.3499755859375,736.6799926757812,719.1630249023438,725.0,1568200,SPOTIFY
2025-08-20,226.00999450683594,230.47000122070312,225.77000427246094,229.97999572753906,42263900,APPLE,200.01123046875,201.9894580373513,197.28367265876727,201.49989012472352,13971700,GOOGLE,504.8900146484375,510.161347905157,503.6121166003689,509.0331975839143,27723000,MICROSOFT,223.80999755859375,227.27000427246094,220.9199981689453,227.1199951171875,36604300,AMAZON,1213.8599853515625,1223.0,1193.31005859375,1218.0,2434400,NETFLIX,703.7899780273438,718.6500244140625,688.5,715.5399780273438,1566800,SPOTIFY
2025-08-21,224.89999389648438,226.52000427246094,223.77999877929688,226.27000427246094,30621200,APPLE,200.4408416748047,203.17840034597594,200.22103691495778,200.54075847297617,11768900,GOOGLE,504.239990234375,507.6300048828125,502.7200012207031,503.69000244140625,18443300,MICROSOFT,221.9499969482422,222.77999877929688,220.5,222.64999389648438,32140500,AMAZON,1206.2099609375,1221.4000244140625,1197.6400146484375,1211.4300537109375,2047200,NETFLIX,689.469970703125,704.0,679.989990234375,703.7899780273438,1614500,SPOTIFY
2025-08-22,227.75999450683594,229.08999633789062,225.41000366210938,226.1699981689453,42477800,APPLE,206.535400390625,209.0431534739571,201.94950291655513,203.7778705571345,25723700,GOOGLE,507.2300109863281,510.7300109863281,502.4100036621094,504.25,24324200,MICROSOFT,228.83999633789062,229.13999938964844,220.82000732421875,222.7899932861328,37315300,AMAZON,1204.6500244140625,1213.6199951171875,1198.22998046875,1208.8800048828125,3128100,NETFLIX,692.989990234375,701.093994140625,685.0900268554688,690.0,937200,SPOTIFY
2025-08-25,227.16000366210938,229.3000030517578,226.22999572753906,226.47999572753906,30983100,APPLE,208.9732208251953,210.90148999026277,205.7660806926536,206.8151460768586,22788800,GOOGLE,504.260009765625,508.19000244140625,504.1199951171875,506.6300048828125,21638600,MICROSOFT,227.94000244140625,229.60000610351562,227.30999755859375,227.35000610351562,22633700,AMAZON,1218.0699462890625,1233.800048828125,1199.0,1201.6500244140625,2812000,NETFLIX,694.7899780273438,714.7999877929688,694.0999755859375,699.0900268554688,1270300,SPOTIFY
2025-08-26,229.30999755859375,229.49000549316406,224.69000244140625,226.8699951171875,54575100,APPLE,207.76429748535156,208.2738518119723,206.26563698618554,208.18392059569848,23051000,GOOGLE,502.0400085449219,504.9800109863281,498.510009765625,504.3599853515625,30835700,MICROSOFT,228.7100067138672,229.0,226.02000427246094,227.11000061035156,26105400,AMAZON,1226.0899658203125,1231.5,1212.199951171875,1220.2099609375,1985700,NETFLIX,696.469970703125,698.3350219726562,680.7000122070312,694.7899780273438,1731400,SPOTIFY
2025-08-27,230.49000549316406,230.89999389648438,228.25999450683594,228.61000061035156,31259500,APPLE,208.02407836914062,209.3828645197921,206.20569628356685,206.2756410923181,15249000,GOOGLE,506.739990234375,507.2900085449219,499.8999938964844,502.0,17277900,MICROSOFT,229.1199951171875,229.8699951171875,227.80999755859375,228.57000732421875,21254500,AMAZON,1223.5,1229.2099609375,1213.0,1223.6099853515625,1664500,NETFLIX,692.989990234375,699.3699951171875,686.9099731445312,694.0599975585938,901600,SPOTIFY
2025-08-28,232.55999755859375,233.41000366210938,229.33999633789062,230.82000732421875,38074700,APPLE,212.1803436279297,212.70986910562976,207.4146143286289,207.6543902459798,20915700,GOOGLE,509.6400146484375,511.0899963378906,505.5,507.0899963378906,18015600,MICROSOFT,231.60000610351562,232.7100067138672,228.02000427246094,229.00999450683594,33679600,AMAZON,1231.449951171875,1237.8900146484375,1214.27001953125,1222.7900390625,1950300,NETFLIX,687.7999877929688,695.780029296875,682.3200073242188,691.72998046875,1017200,SPOTIFY
2025-08-29,232.13999938964844,233.3800048828125,231.3699951171875,232.50999450683594,39418400,APPLE,213.3393096923828,215.14769086553312,210.78159829310974,211.08133343259135,24682200,GOOGLE,506.69000244140625,509.6000061035156,504.489990234375,508.6600036621094,20961600,MICROSOFT,229.0,231.80999755859375,228.16000366210938,231.32000732421875,26199200,AMAZON,1208.25,1228.7900390625,1201.1500244140625,1227.969970703125,3209800,NETFLIX,681.8800048828125,690.8900146484375,673.5,688.9600219726562,1004100,SPOTIFY
